timestamp(s),src,dst,seq,hops,delay_gen_to_rx(s),delay_first_tx_to_rx(s),bytes,sf,delivered
303.795330447,6,7,1,0,0.139776590,0.139776590,20,12,1
305.795330447,6,3,3,0,0.139776590,0.139776590,20,12,1
306.380899595,0,1,1,0,0.139776590,0.139776590,20,12,1
306.795331527,6,2,4,0,0.139777670,0.139777670,20,12,1
307.380900325,0,7,2,0,0.139777320,0.139777320,20,12,1
307.795331038,6,0,5,0,0.139777181,0.139777181,20,12,1
308.365923503,3,6,1,0,0.139776590,0.139776590,20,12,1
309.380899595,0,1,4,0,0.139776590,0.139776590,20,12,1
309.625837183,1,6,2,0,0.139777320,0.139777320,20,12,1
310.765613290,1,8,3,1,0.279553427,0.279553427,20,12,1
311.625836453,1,4,4,0,0.139776590,0.139776590,20,12,1
312.625836453,1,2,5,0,0.139776590,0.139776590,20,12,1
314.625836453,1,0,7,0,0.139776590,0.139776590,20,12,1
315.365924234,3,8,8,0,0.139777321,0.139777321,20,12,1
316.039271438,5,7,7,1,0.279553184,0.279553184,20,12,1
316.625836698,1,3,9,0,0.139776835,0.139776835,20,12,1
317.625836453,1,0,10,0,0.139776590,0.139776590,20,12,1
318.380899595,0,1,13,0,0.139776590,0.139776590,20,12,1
319.365923503,3,4,12,0,0.139776590,0.139776590,20,12,1
319.625836698,1,5,12,0,0.139776835,0.139776835,20,12,1
319.899494846,5,8,11,0,0.139776592,0.139776592,20,12,1
320.520676916,0,8,15,1,0.279553911,0.279553911,20,12,1
320.899494846,5,8,12,0,0.139776592,0.139776592,20,12,1
321.625837183,1,6,14,0,0.139777320,0.139777320,20,12,1
321.795330447,6,3,19,0,0.139776590,0.139776590,20,12,1
322.625836453,1,4,15,0,0.139776590,0.139776590,20,12,1
322.899494844,5,2,14,0,0.139776590,0.139776590,20,12,1
323.625836698,1,5,16,0,0.139776835,0.139776835,20,12,1
323.795330447,6,7,21,0,0.139776590,0.139776590,20,12,1
324.365923503,3,6,17,0,0.139776590,0.139776590,20,12,1
324.625836453,1,4,17,0,0.139776590,0.139776590,20,12,1
325.625836453,1,4,18,0,0.139776590,0.139776590,20,12,1
325.899494844,5,2,17,0,0.139776590,0.139776590,20,12,1
327.625836698,1,5,20,0,0.139776835,0.139776835,20,12,1
328.625836453,1,2,21,0,0.139776590,0.139776590,20,12,1
329.365923503,3,4,22,0,0.139776590,0.139776590,20,12,1
329.625836453,1,2,22,0,0.139776590,0.139776590,20,12,1
332.039271438,5,7,23,1,0.279553184,0.279553184,20,12,1
332.795331038,6,8,30,0,0.139777181,0.139777181,20,12,1
334.039271438,5,7,25,1,0.279553184,0.279553184,20,12,1
335.039271438,5,7,26,1,0.279553184,0.279553184,20,12,1
335.899495089,5,1,27,0,0.139776835,0.139776835,20,12,1
336.600487415,4,3,7,0,0.139776590,0.139776590,20,12,1
337.899495089,5,1,29,0,0.139776835,0.139776835,20,12,1
340.795330447,6,7,38,0,0.139776590,0.139776590,20,12,1
341.899494844,5,2,33,0,0.139776590,0.139776590,20,12,1
342.098559851,7,0,1,0,0.139777320,0.139777320,20,12,1
343.098559121,7,6,2,0,0.139776590,0.139776590,20,12,1
344.098559121,7,4,3,0,0.139776590,0.139776590,20,12,1
344.600487660,4,6,15,0,0.139776835,0.139776835,20,12,1
345.098559366,7,5,4,0,0.139776835,0.139776835,20,12,1
345.365923503,3,6,38,0,0.139776590,0.139776590,20,12,1
345.899495089,5,1,37,0,0.139776835,0.139776835,20,12,1
346.098559121,7,4,5,0,0.139776590,0.139776590,20,12,1
346.600487415,4,3,17,0,0.139776590,0.139776590,20,12,1
347.098559121,7,6,6,0,0.139776590,0.139776590,20,12,1
348.238335956,7,2,7,1,0.279553425,0.279553425,20,12,1
349.098559366,7,5,8,0,0.139776835,0.139776835,20,12,1
350.098559123,7,8,9,0,0.139776592,0.139776592,20,12,1
352.098559121,7,4,11,0,0.139776590,0.139776590,20,12,1
352.899494844,5,2,44,0,0.139776590,0.139776590,20,12,1
353.098559366,7,5,12,0,0.139776835,0.139776835,20,12,1
354.098559121,7,6,13,0,0.139776590,0.139776590,20,12,1
354.600487661,4,8,25,0,0.139776836,0.139776836,20,12,1
355.600487415,4,5,26,0,0.139776590,0.139776590,20,12,1
357.795330447,6,7,55,0,0.139776590,0.139776590,20,12,1
358.098559121,7,6,17,0,0.139776590,0.139776590,20,12,1
359.098559366,7,5,18,0,0.139776835,0.139776835,20,12,1
360.098559121,7,4,19,0,0.139776590,0.139776590,20,12,1
360.899495089,5,1,52,0,0.139776835,0.139776835,20,12,1
361.098559366,7,3,20,0,0.139776835,0.139776835,20,12,1
361.625836453,1,0,54,0,0.139776590,0.139776590,20,12,1
362.600487661,4,8,33,0,0.139776836,0.139776836,20,12,1
363.098559366,7,5,22,0,0.139776835,0.139776835,20,12,1
363.365923748,3,7,56,0,0.139776835,0.139776835,20,12,1
365.098559121,7,4,24,0,0.139776590,0.139776590,20,12,1
366.238335956,7,0,25,1,0.279553425,0.279553425,20,12,1
367.098559121,7,4,26,0,0.139776590,0.139776590,20,12,1
367.795330447,6,7,65,0,0.139776590,0.139776590,20,12,1
369.098559366,7,5,28,0,0.139776835,0.139776835,20,12,1
369.625836698,1,5,62,0,0.139776835,0.139776835,20,12,1
370.098559366,7,3,29,0,0.139776835,0.139776835,20,12,1
370.795330447,6,3,68,0,0.139776590,0.139776590,20,12,1
373.795330447,6,7,71,0,0.139776590,0.139776590,20,12,1
374.098559851,7,0,33,0,0.139777320,0.139777320,20,12,1
374.600487661,4,8,45,0,0.139776836,0.139776836,20,12,1
375.899495089,5,1,67,0,0.139776835,0.139776835,20,12,1
376.098559712,7,1,35,0,0.139777181,0.139777181,20,12,1
376.343628029,8,7,46,0,0.139776592,0.139776592,20,12,1
376.600487660,4,6,47,0,0.139776835,0.139776835,20,12,1
376.899494846,5,8,68,0,0.139776592,0.139776592,20,12,1
377.098559366,7,5,36,0,0.139776835,0.139776835,20,12,1
377.899495089,5,1,69,0,0.139776835,0.139776835,20,12,1
378.238335956,7,2,37,1,0.279553425,0.279553425,20,12,1
379.098559121,7,4,38,0,0.139776590,0.139776590,20,12,1
380.098559121,7,4,39,0,0.139776590,0.139776590,20,12,1
381.098559851,7,2,40,0,0.139777320,0.139777320,20,12,1
384.795330447,6,3,82,0,0.139776590,0.139776590,20,12,1
385.098559851,7,2,44,0,0.139777320,0.139777320,20,12,1
385.600487415,4,7,56,0,0.139776590,0.139776590,20,12,1
385.625836453,1,0,78,0,0.139776590,0.139776590,20,12,1
386.098559366,7,3,45,0,0.139776835,0.139776835,20,12,1
388.098559121,7,6,47,0,0.139776590,0.139776590,20,12,1
388.795330447,6,3,86,0,0.139776590,0.139776590,20,12,1
388.899495089,5,1,80,0,0.139776835,0.139776835,20,12,1
389.098559712,7,1,48,0,0.139777181,0.139777181,20,12,1
390.098559712,7,1,49,0,0.139777181,0.139777181,20,12,1
391.098559123,7,8,50,0,0.139776592,0.139776592,20,12,1
392.098559121,7,6,51,0,0.139776590,0.139776590,20,12,1
392.600487415,4,7,63,0,0.139776590,0.139776590,20,12,1
394.098559366,7,3,53,0,0.139776835,0.139776835,20,12,1
394.343628029,8,7,64,0,0.139776592,0.139776592,20,12,1
394.795330692,6,4,92,0,0.139776835,0.139776835,20,12,1
395.098559366,7,3,54,0,0.139776835,0.139776835,20,12,1
395.365924233,3,2,88,0,0.139777320,0.139777320,20,12,1
396.098559366,7,3,55,0,0.139776835,0.139776835,20,12,1
396.343628029,8,7,66,0,0.139776592,0.139776592,20,12,1
398.098559366,7,3,57,0,0.139776835,0.139776835,20,12,1
398.899494846,5,8,90,0,0.139776592,0.139776592,20,12,1
399.098559712,7,1,58,0,0.139777181,0.139777181,20,12,1
399.899495089,5,1,91,0,0.139776835,0.139776835,20,12,1
400.098559851,7,0,59,0,0.139777320,0.139777320,20,12,1
401.098559366,7,3,60,0,0.139776835,0.139776835,20,12,1
402.098559123,7,8,61,0,0.139776592,0.139776592,20,12,1
403.098559712,7,1,62,0,0.139777181,0.139777181,20,12,1
404.098559121,7,4,63,0,0.139776590,0.139776590,20,12,1
404.600487415,4,7,75,0,0.139776590,0.139776590,20,12,1
406.098559366,7,3,65,0,0.139776835,0.139776835,20,12,1
406.899494846,5,8,98,0,0.139776592,0.139776592,20,12,1
407.098559121,7,4,66,0,0.139776590,0.139776590,20,12,1
407.765613290,1,8,100,1,0.279553427,0.279553427,20,12,1
407.925869288,5,4,99,0,0.166151034,0.139776590,20,12,1
408.098559121,7,6,67,0,0.139776590,0.139776590,20,12,1
408.365923503,3,6,101,0,0.139776590,0.139776590,20,12,1
408.899494844,5,2,100,0,0.139776590,0.139776590,20,12,1
410.098559712,7,1,69,0,0.139777181,0.139777181,20,12,1
410.899495089,5,1,102,0,0.139776835,0.139776835,20,12,1
411.098559121,7,4,70,0,0.139776590,0.139776590,20,12,1
412.098559123,7,8,71,0,0.139776592,0.139776592,20,12,1
413.098559366,7,5,72,0,0.139776835,0.139776835,20,12,1
414.098559121,7,4,73,0,0.139776590,0.139776590,20,12,1
415.098559851,7,0,74,0,0.139777320,0.139777320,20,12,1
416.098559851,7,2,75,0,0.139777320,0.139777320,20,12,1
417.098559366,7,3,76,0,0.139776835,0.139776835,20,12,1
417.899494844,5,2,109,0,0.139776590,0.139776590,20,12,1
418.098559121,7,4,77,0,0.139776590,0.139776590,20,12,1
419.098559851,7,0,78,0,0.139777320,0.139777320,20,12,1
420.098559123,7,8,79,0,0.139776592,0.139776592,20,12,1
421.098559123,7,8,80,0,0.139776592,0.139776592,20,12,1
422.098559121,7,6,81,0,0.139776590,0.139776590,20,12,1
423.600487415,4,7,94,0,0.139776590,0.139776590,20,12,1
424.238336201,7,1,83,1,0.279553670,0.279553670,20,12,1
425.098559121,7,6,84,0,0.139776590,0.139776590,20,12,1
426.899494844,5,2,118,0,0.139776590,0.139776590,20,12,1
427.238336201,7,1,86,1,0.279553670,0.279553670,20,12,1
427.625837183,1,6,120,0,0.139777320,0.139777320,20,12,1
427.899495089,5,1,119,0,0.139776835,0.139776835,20,12,1
428.365923748,3,7,121,0,0.139776835,0.139776835,20,12,1
429.098559121,7,4,88,0,0.139776590,0.139776590,20,12,1
429.795331038,6,0,127,0,0.139777181,0.139777181,20,12,1
430.098559366,7,3,89,0,0.139776835,0.139776835,20,12,1
430.365923503,3,6,123,0,0.139776590,0.139776590,20,12,1
431.098559123,7,8,90,0,0.139776592,0.139776592,20,12,1
431.343628029,8,5,101,0,0.139776592,0.139776592,20,12,1
431.795330447,6,3,129,0,0.139776590,0.139776590,20,12,1
432.098559712,7,1,91,0,0.139777181,0.139777181,20,12,1
433.098559121,7,6,92,0,0.139776590,0.139776590,20,12,1
433.899495089,5,1,125,0,0.139776835,0.139776835,20,12,1
434.098559712,7,1,93,0,0.139777181,0.139777181,20,12,1
434.899495089,5,1,126,0,0.139776835,0.139776835,20,12,1
435.098559123,7,8,94,0,0.139776592,0.139776592,20,12,1
435.795330447,6,7,133,0,0.139776590,0.139776590,20,12,1
438.098559121,7,4,97,0,0.139776590,0.139776590,20,12,1
438.343628029,8,5,108,0,0.139776592,0.139776592,20,12,1
439.600487660,4,6,110,0,0.139776835,0.139776835,20,12,1
440.098559121,7,6,99,0,0.139776590,0.139776590,20,12,1
440.365923503,3,6,133,0,0.139776590,0.139776590,20,12,1
440.899495574,5,0,132,0,0.139777320,0.139777320,20,12,1
441.098559121,7,6,100,0,0.139776590,0.139776590,20,12,1
443.098559366,7,5,102,0,0.139776835,38.303228919,20,12,1
444.098559366,7,5,103,0,0.139776835,38.303228919,20,12,1
445.098559123,7,8,104,0,0.139776592,0.139776592,20,12,1
446.098559121,7,6,105,0,0.139776590,0.139776590,20,12,1
446.343628029,8,5,116,0,0.139776592,0.139776592,20,12,1
448.899494844,5,2,140,0,0.139776590,0.139776590,20,12,1
449.098559121,7,6,108,0,0.139776590,0.139776590,20,12,1
450.238336201,7,1,109,1,0.279553670,0.279553670,20,12,1
450.795331177,6,1,148,0,0.139777320,0.139777320,20,12,1
451.098559366,7,3,110,0,0.139776835,0.139776835,20,12,1
452.625836698,1,5,145,0,0.139776835,0.139776835,20,12,1
452.795330447,6,7,150,0,0.139776590,0.139776590,20,12,1
453.098559366,7,3,112,0,0.139776835,0.139776835,20,12,1
453.795330447,6,3,151,0,0.139776590,0.139776590,20,12,1
454.098559366,7,5,113,0,0.139776835,0.139776835,20,12,1
454.600487415,4,7,125,0,0.139776590,0.139776590,20,12,1
455.098559366,7,5,114,0,0.139776835,0.139776835,20,12,1
455.795330447,6,7,153,0,0.139776590,0.139776590,20,12,1
456.098559121,7,4,115,0,0.139776590,0.139776590,20,12,1
457.098559121,7,4,116,0,0.139776590,0.139776590,20,12,1
457.899494844,5,2,149,0,0.139776590,0.139776590,20,12,1
458.098559851,7,2,117,0,0.139777320,0.139777320,20,12,1
458.365923503,3,6,151,0,0.139776590,0.139776590,20,12,1
458.795330447,6,7,156,0,0.139776590,0.139776590,20,12,1
458.899494846,5,8,150,0,0.139776592,0.139776592,20,12,1
459.343628029,8,5,129,0,0.139776592,0.139776592,20,12,1
460.899494846,5,8,152,0,0.139776592,0.139776592,20,12,1
461.098559712,7,1,120,0,0.139777181,0.139777181,20,12,1
461.795330447,6,3,159,0,0.139776590,0.139776590,20,12,1
462.098559851,7,2,121,0,0.139777320,0.139777320,20,12,1
462.899495089,5,1,154,0,0.139776835,0.139776835,20,12,1
463.625836698,1,5,156,0,0.139776835,0.139776835,20,12,1
463.795331038,6,0,161,0,0.139777181,0.139777181,20,12,1
464.098559121,7,6,123,0,0.139776590,0.139776590,20,12,1
465.238335956,7,2,124,1,0.279553425,0.279553425,20,12,1
466.098559366,7,5,125,0,0.139776835,0.139776835,20,12,1
466.795331038,6,0,164,0,0.139777181,0.139777181,20,12,1
467.098559121,7,6,126,0,0.139776590,0.139776590,20,12,1
469.098559851,7,2,128,0,0.139777320,0.139777320,20,12,1
470.899494846,5,8,162,0,0.139776592,0.139776592,20,12,1
471.098559851,7,2,130,0,0.139777320,0.139777320,20,12,1
473.899495089,5,1,165,0,0.139776835,0.139776835,20,12,1
474.098559712,7,1,133,0,0.139777181,0.139777181,20,12,1
474.795330447,6,3,172,0,0.139776590,0.139776590,20,12,1
475.098559712,7,1,134,0,0.139777181,0.139777181,20,12,1
475.795331177,6,1,173,0,0.139777320,0.139777320,20,12,1
476.098559121,7,4,135,0,0.139776590,0.139776590,20,12,1
477.098559851,7,2,136,0,0.139777320,0.139777320,20,12,1
477.343628029,8,7,147,0,0.139776592,0.139776592,20,12,1
478.098559851,7,0,137,0,0.139777320,0.139777320,20,12,1
478.935107767,6,2,176,1,0.279553910,0.279553910,20,12,1
479.600487415,4,7,150,0,0.139776590,0.139776590,20,12,1
480.098559366,7,5,139,0,0.139776835,0.139776835,20,12,1
480.795330447,6,3,178,0,0.139776590,0.139776590,20,12,1
480.899494844,5,2,172,0,0.139776590,0.139776590,20,12,1
481.098559366,7,3,140,0,0.139776835,0.139776835,20,12,1
482.098559851,7,0,141,0,0.139777320,0.139777320,20,12,1
483.600487415,4,7,154,0,0.139776590,0.139776590,20,12,1
483.795330447,6,3,181,0,0.139776590,0.139776590,20,12,1
484.098559121,7,4,143,0,0.139776590,0.139776590,20,12,1
484.795330447,6,7,182,0,0.139776590,0.139776590,20,12,1
485.098559121,7,6,144,0,0.139776590,0.139776590,20,12,1
485.899494846,5,8,177,0,0.139776592,0.139776592,20,12,1
486.098559366,7,3,145,0,0.139776835,0.139776835,20,12,1
487.098559121,7,6,146,0,0.139776590,0.139776590,20,12,1
488.098559121,7,4,147,0,0.139776590,0.139776590,20,12,1
489.098559123,7,8,148,0,0.139776592,0.139776592,20,12,1
490.098559121,7,4,149,0,0.139776590,0.139776590,20,12,1
491.600487660,4,6,162,0,0.139776835,0.139776835,20,12,1
491.795330447,6,3,189,0,0.139776590,0.139776590,20,12,1
492.098559851,7,2,151,0,0.139777320,0.139777320,20,12,1
493.098559851,7,2,152,0,0.139777320,0.139777320,20,12,1
495.098559851,7,2,154,0,0.139777320,0.139777320,20,12,1
495.899495089,5,1,187,0,0.139776835,0.139776835,20,12,1
496.098559851,7,2,155,0,0.139777320,0.139777320,20,12,1
496.795330447,6,3,194,0,0.139776590,0.139776590,20,12,1
497.098559121,7,4,156,0,0.139776590,0.139776590,20,12,1
498.098559121,7,6,157,0,0.139776590,0.139776590,20,12,1
498.343628029,8,7,168,0,0.139776592,0.139776592,20,12,1
499.098559121,7,4,158,0,0.139776590,0.139776590,20,12,1
500.098559121,7,6,159,0,0.139776590,0.139776590,20,12,1
500.343628029,8,5,170,0,0.139776592,0.139776592,20,12,1
501.795330447,6,3,199,0,0.139776590,0.139776590,20,12,1
502.098559121,7,4,161,0,0.139776590,0.139776590,20,12,1
502.600487415,4,3,173,0,0.139776590,0.139776590,20,12,1
504.238336201,7,1,163,1,0.279553670,0.279553670,20,12,1
504.899495089,5,1,196,0,0.139776835,0.139776835,20,12,1
505.365923748,3,1,198,0,0.139776835,0.139776835,20,12,1
505.600487415,4,3,176,0,0.139776590,0.139776590,20,12,1
505.899495089,5,1,197,0,0.139776835,0.139776835,20,12,1
506.098559712,7,1,165,0,0.139777181,0.139777181,20,12,1
507.098559712,7,1,166,0,0.139777181,0.139777181,20,12,1
507.899494846,5,8,199,0,0.139776592,0.139776592,20,12,1
509.343628029,8,5,179,0,0.139776592,0.139776592,20,12,1
509.795330447,6,3,207,0,0.139776590,0.139776590,20,12,1
510.098559121,7,4,169,0,0.139776590,0.139776590,20,12,1
510.795331038,6,8,208,0,0.139777181,0.139777181,20,12,1
511.098559121,7,4,170,0,0.139776590,0.139776590,20,12,1
513.098559121,7,6,172,0,0.139776590,0.139776590,20,12,1
513.899494844,5,2,205,0,0.139776590,0.139776590,20,12,1
514.098559121,7,4,173,0,0.139776590,0.139776590,20,12,1
516.098559366,7,5,175,0,0.139776835,0.139776835,20,12,1
517.098559366,7,5,176,0,0.139776835,0.139776835,20,12,1
517.365923503,3,4,210,0,0.139776590,0.139776590,20,12,1
517.899494844,5,4,209,0,0.139776590,0.139776590,20,12,1
518.098559366,7,5,177,0,0.139776835,0.139776835,20,12,1
519.098559851,7,2,178,0,0.139777320,0.139777320,20,12,1
519.600487415,4,7,190,0,0.139776590,0.139776590,20,12,1
520.098559121,7,6,179,0,0.139776590,0.139776590,20,12,1
520.343628618,8,2,190,0,0.139777181,0.139777181,20,12,1
522.600487415,4,3,193,0,0.139776590,0.139776590,20,12,1
523.098559121,7,4,182,0,0.139776590,0.139776590,20,12,1
523.899495089,5,1,215,0,0.139776835,0.139776835,20,12,1
524.098559121,7,4,183,0,0.139776590,0.139776590,20,12,1
524.600487661,4,8,195,0,0.139776836,0.139776836,20,12,1
524.795330447,6,3,222,0,0.139776590,0.139776590,20,12,1
525.899494846,5,8,217,0,0.139776592,0.139776592,20,12,1
527.098559712,7,1,186,0,0.139777181,0.139777181,20,12,1
532.098559366,7,3,191,0,0.139776835,0.139776835,20,12,1
532.343628029,8,7,202,0,0.139776592,0.139776592,20,12,1
532.600487661,4,8,203,0,0.139776836,0.139776836,20,12,1
533.098559121,7,4,192,0,0.139776590,0.139776590,20,12,1
533.343628029,8,5,203,0,0.139776592,0.139776592,20,12,1
534.098559851,7,2,193,0,0.139777320,0.139777320,20,12,1
534.795330447,6,7,232,0,0.139776590,0.139776590,20,12,1
534.899494846,5,8,226,0,0.139776592,0.139776592,20,12,1
535.098559121,7,4,194,0,0.139776590,0.139776590,20,12,1
535.625836453,1,0,228,0,0.139776590,0.139776590,20,12,1
536.098559123,7,8,195,0,0.139776592,0.139776592,20,12,1
536.899495574,5,0,228,0,0.139777320,0.139777320,20,12,1
537.098559121,7,4,196,0,0.139776590,0.139776590,20,12,1
537.899494844,5,2,229,0,0.139776590,0.139776590,20,12,1
539.039272167,5,3,230,1,0.279553913,0.279553913,20,12,1
539.899494844,5,2,231,0,0.139776590,0.139776590,20,12,1
540.098559366,7,3,199,0,0.139776835,0.139776835,20,12,1
540.899494844,5,2,232,0,0.139776590,0.139776590,20,12,1
541.098559121,7,6,200,0,0.139776590,0.139776590,20,12,1
541.899494846,5,8,233,0,0.139776592,0.139776592,20,12,1
542.098559366,7,5,201,0,0.139776835,0.139776835,20,12,1
542.365923503,3,4,235,0,0.139776590,0.139776590,20,12,1
544.098559121,7,4,203,0,0.139776590,0.139776590,20,12,1
545.098559851,7,0,204,0,0.139777320,0.139777320,20,12,1
545.600487415,4,7,216,0,0.139776590,0.139776590,20,12,1
546.899494844,5,2,238,0,0.139776590,0.139776590,20,12,1
547.899494846,5,8,239,0,0.139776592,0.139776592,20,12,1
549.600487415,4,7,220,0,0.139776590,0.139776590,20,12,1
550.098559123,7,8,209,0,0.139776592,0.139776592,20,12,1
550.343628029,8,7,220,0,0.139776592,0.139776592,20,12,1
550.625836453,1,0,243,0,0.139776590,0.139776590,20,12,1
552.098559123,7,8,211,0,0.139776592,0.139776592,20,12,1
553.098559123,7,8,212,0,0.139776592,0.139776592,20,12,1
553.899494844,5,2,245,0,0.139776590,0.139776590,20,12,1
554.098559121,7,4,213,0,0.139776590,0.139776590,20,12,1
555.625837183,1,6,248,0,0.139777320,0.139777320,20,12,1
555.795331038,6,0,253,0,0.139777181,0.139777181,20,12,1
557.098559121,7,6,216,0,0.139776590,0.139776590,20,12,1
558.098559121,7,4,217,0,0.139776590,0.139776590,20,12,1
559.795331038,6,0,257,0,0.139777181,0.139777181,20,12,1
560.899494844,5,2,252,0,0.139776590,0.139776590,20,12,1
561.098559121,7,4,220,0,0.139776590,0.139776590,20,12,1
562.098559123,7,8,221,0,0.139776592,0.139776592,20,12,1
562.795330447,6,3,260,0,0.139776590,0.139776590,20,12,1
562.899494844,5,2,254,0,0.139776590,0.139776590,20,12,1
563.098559851,7,0,222,0,0.139777320,0.139777320,20,12,1
563.795330447,6,3,261,0,0.139776590,0.139776590,20,12,1
564.098559123,7,8,223,0,0.139776592,0.139776592,20,12,1
564.625837044,1,7,257,0,0.139777181,0.139777181,20,12,1
564.795330447,6,3,262,0,0.139776590,0.139776590,20,12,1
565.098559123,7,8,224,0,0.139776592,0.139776592,20,12,1
566.098559366,7,5,225,0,0.139776835,0.139776835,20,12,1
567.098559121,7,4,226,0,0.139776590,0.139776590,20,12,1
567.899495089,5,1,259,0,0.139776835,0.139776835,20,12,1
568.098559121,7,6,227,0,0.139776590,0.139776590,20,12,1
568.505816789,2,5,213,0,0.139776590,0.139776590,20,12,1
569.343628029,8,5,239,0,0.139776592,0.139776592,20,12,1
569.600487661,4,8,240,0,0.139776836,0.139776836,20,12,1
570.600487661,4,8,241,0,0.139776836,0.139776836,20,12,1
571.600487415,4,7,242,0,0.139776590,0.139776590,20,12,1
572.098559366,7,3,231,0,0.139776835,0.139776835,20,12,1
572.343628029,8,7,242,0,0.139776592,0.139776592,20,12,1
572.365923503,3,6,265,0,0.139776590,0.139776590,20,12,1
573.098559366,7,5,232,0,0.139776835,0.139776835,20,12,1
574.098559123,7,8,233,0,0.139776592,0.139776592,20,12,1
575.098559121,7,4,234,0,0.139776590,0.139776590,20,12,1
576.238336201,7,1,235,1,0.279553670,0.279553670,20,12,1
577.098559851,7,2,236,0,0.139777320,0.139777320,20,12,1
577.505816789,2,5,222,0,0.139776590,0.139776590,20,12,1
578.098559366,7,5,237,0,0.139776835,0.139776835,20,12,1
579.098559121,7,4,238,0,0.139776590,0.139776590,20,12,1
580.098559121,7,6,239,0,0.139776590,0.139776590,20,12,1
581.098559366,7,5,240,0,0.139776835,0.139776835,20,12,1
581.600487415,4,7,252,0,0.139776590,0.139776590,20,12,1
582.098559851,7,2,241,0,0.139777320,0.139777320,20,12,1
582.483404619,8,6,252,1,0.279553182,0.279553182,20,12,1
583.098559712,7,1,242,0,0.139777181,0.139777181,20,12,1
583.600487660,4,6,254,0,0.139776835,0.139776835,20,12,1
584.098559121,7,4,243,0,0.139776590,0.139776590,20,12,1
585.098559366,7,3,244,0,0.139776835,0.139776835,20,12,1
586.600487415,4,7,257,0,0.139776590,0.139776590,20,12,1
587.098559851,7,0,246,0,0.139777320,0.139777320,20,12,1
588.098559366,7,3,247,0,0.139776835,0.139776835,20,12,1
588.343628029,8,5,258,0,0.139776592,0.139776592,20,12,1
588.625836453,1,0,281,0,0.139776590,0.139776590,20,12,1
589.098559366,7,3,248,0,0.139776835,0.139776835,20,12,1
589.795330692,6,4,287,0,0.139776835,0.139776835,20,12,1
590.098559123,7,8,249,0,0.139776592,0.139776592,20,12,1
590.343628029,8,5,260,0,0.139776592,0.139776592,20,12,1
590.795330447,6,3,288,0,0.139776590,0.139776590,20,12,1
593.098559121,7,4,252,0,0.139776590,0.139776590,20,12,1
594.625837044,1,7,287,0,0.139777181,0.139777181,20,12,1
597.098559121,7,6,256,0,0.139776590,0.139776590,20,12,1
597.899494844,5,2,289,0,0.139776590,0.139776590,20,12,1
598.098559121,7,4,257,0,0.139776590,0.139776590,20,12,1
599.098559712,7,1,258,0,0.139777181,0.139777181,20,12,1
599.600487660,4,6,270,0,0.139776835,0.139776835,20,12,1
599.899494844,5,2,291,0,0.139776590,0.139776590,20,12,1
600.098559366,7,3,259,0,0.139776835,0.139776835,20,12,1
600.899494844,5,2,292,0,0.139776590,0.139776590,20,12,1
602.098559366,7,5,261,0,0.139776835,0.139776835,20,12,1
604.098559121,7,6,263,0,0.139776590,0.139776590,20,12,1
605.098559121,7,6,264,0,0.139776590,0.139776590,20,12,1
605.899494846,5,8,297,0,0.139776592,0.139776592,20,12,1
607.098559366,7,5,266,0,0.139776835,0.139776835,20,12,1
608.098559366,7,3,267,0,0.139776835,0.139776835,20,12,1
608.795331038,6,0,306,0,0.139777181,0.139777181,20,12,1
609.098559851,7,2,268,0,0.139777320,0.139777320,20,12,1
610.098559366,7,3,269,0,0.139776835,0.139776835,20,12,1
610.483404619,8,6,280,1,0.279553182,0.279553182,20,12,1
610.625836453,1,0,303,0,0.139776590,0.139776590,20,12,1
612.343628029,8,5,282,0,0.139776592,0.139776592,20,12,1
613.098559712,7,1,272,0,0.139777181,0.139777181,20,12,1
614.238335956,7,2,273,1,0.279553425,0.279553425,20,12,1
614.899494844,5,2,306,0,0.139776590,0.139776590,20,12,1
616.098559121,7,4,275,0,0.139776590,0.139776590,20,12,1
616.795330447,6,7,314,0,0.139776590,0.139776590,20,12,1
617.365924233,3,2,310,0,0.139777320,0.139777320,20,12,1
618.098559121,7,4,277,0,0.139776590,0.139776590,20,12,1
618.343628029,8,5,288,0,0.139776592,0.139776592,20,12,1
618.600487660,4,6,289,0,0.139776835,0.139776835,20,12,1
618.795330447,6,3,316,0,0.139776590,0.139776590,20,12,1
620.098559366,7,3,279,0,0.139776835,0.139776835,20,12,1
621.098559712,7,1,280,0,0.139777181,0.139777181,20,12,1
622.098559121,7,6,281,0,0.139776590,0.139776590,20,12,1
622.600487660,4,0,293,0,0.139776835,0.139776835,20,12,1
622.625837044,1,7,315,0,0.139777181,0.139777181,20,12,1
623.098559851,7,2,282,0,0.139777320,0.139777320,20,12,1
623.795330447,6,7,321,0,0.139776590,0.139776590,20,12,1
624.098559366,7,3,283,0,0.139776835,0.139776835,20,12,1
625.098559123,7,8,284,0,0.139776592,0.139776592,20,12,1
625.600487415,4,7,296,0,0.139776590,0.139776590,20,12,1
625.899494844,5,2,317,0,0.139776590,0.139776590,20,12,1
626.098559851,7,0,285,0,0.139777320,0.139777320,20,12,1
628.098559123,7,8,287,0,0.139776592,0.139776592,20,12,1
631.795330447,6,7,329,0,0.139776590,0.139776590,20,12,1
632.098559121,7,6,291,0,0.139776590,0.139776590,20,12,1
633.098559851,7,2,292,0,0.139777320,0.139777320,20,12,1
634.795330447,6,3,332,0,0.139776590,0.139776590,20,12,1
635.899494846,5,8,327,0,0.139776592,0.139776592,20,12,1
636.098559366,7,5,295,0,0.139776835,0.139776835,20,12,1
636.899494844,5,2,328,0,0.139776590,0.139776590,20,12,1
638.098559121,7,4,297,0,0.139776590,0.139776590,20,12,1
638.600487660,4,6,309,0,0.139776835,0.139776835,20,12,1
639.098559366,7,3,298,0,0.139776835,0.139776835,20,12,1
639.600487661,4,8,310,0,0.139776836,0.139776836,20,12,1
640.098559366,7,5,299,0,0.139776835,0.139776835,20,12,1
640.795330447,6,3,338,0,0.139776590,0.139776590,20,12,1
641.098559121,7,6,300,0,0.139776590,0.139776590,20,12,1
641.899494844,5,2,333,0,0.139776590,0.139776590,20,12,1
642.600487660,4,6,313,0,0.139776835,0.139776835,20,12,1
643.238336201,7,1,302,1,0.279553670,0.279553670,20,12,1
643.600487660,4,6,314,0,0.139776835,0.139776835,20,12,1
643.899495089,5,1,335,0,0.139776835,0.139776835,20,12,1
644.098559121,7,6,303,0,0.139776590,0.139776590,20,12,1
644.600487661,4,8,315,0,0.139776836,0.139776836,20,12,1
644.899494844,5,2,336,0,0.139776590,0.139776590,20,12,1
645.600487661,4,8,316,0,0.139776836,0.139776836,20,12,1
645.795330447,6,3,343,0,0.139776590,0.139776590,20,12,1
646.098559121,7,4,305,0,0.139776590,0.139776590,20,12,1
646.343628029,8,7,316,0,0.139776592,0.139776592,20,12,1
648.795330447,6,3,346,0,0.139776590,0.139776590,20,12,1
648.899495089,5,1,340,0,0.139776835,0.139776835,20,12,1
649.098559366,7,3,308,0,0.139776835,0.139776835,20,12,1
650.098559366,7,3,309,0,0.139776835,0.139776835,20,12,1
650.899494844,5,2,342,0,0.139776590,0.139776590,20,12,1
651.238336201,7,1,310,1,0.279553670,0.279553670,20,12,1
652.098559366,7,5,311,0,0.139776835,0.139776835,20,12,1
652.795330692,6,4,350,0,0.139776835,0.139776835,20,12,1
653.098559121,7,4,312,0,0.139776590,0.139776590,20,12,1
658.098559366,7,5,317,0,0.139776835,0.139776835,20,12,1
658.795330447,6,3,356,0,0.139776590,0.139776590,20,12,1
658.899494844,5,4,350,0,0.139776590,0.139776590,20,12,1
661.098559366,7,5,320,0,0.139776835,0.139776835,20,12,1
662.098559123,7,8,321,0,0.139776592,0.139776592,20,12,1
663.600487415,4,7,334,0,0.139776590,0.139776590,20,12,1
664.098559123,7,8,323,0,0.139776592,0.139776592,20,12,1
664.365923503,3,6,357,0,0.139776590,0.139776590,20,12,1
665.343628029,8,5,335,0,0.139776592,0.139776592,20,12,1
665.899494844,5,4,357,0,0.139776590,0.139776590,20,12,1
666.098559121,7,6,325,0,0.139776590,0.139776590,20,12,1
668.600487660,4,0,339,0,0.139776835,0.139776835,20,12,1
668.899494846,5,8,360,0,0.139776592,0.139776592,20,12,1
669.098559121,7,6,328,0,0.139776590,0.139776590,20,12,1
670.098559121,7,4,329,0,0.139776590,0.139776590,20,12,1
671.098559121,7,4,330,0,0.139776590,0.139776590,20,12,1
671.795330447,6,7,369,0,0.139776590,0.139776590,20,12,1
672.098559121,7,4,331,0,0.139776590,0.139776590,20,12,1
672.600487661,4,8,343,0,0.139776836,0.139776836,20,12,1
672.899494844,5,2,364,0,0.139776590,0.139776590,20,12,1
673.098559121,7,6,332,0,0.139776590,0.139776590,20,12,1
673.795330447,6,3,371,0,0.139776590,0.139776590,20,12,1
676.098559121,7,6,335,0,0.139776590,0.139776590,20,12,1
678.098559123,7,8,337,0,0.139776592,0.139776592,20,12,1
678.899494846,5,8,370,0,0.139776592,0.139776592,20,12,1
679.098559123,7,8,338,0,0.139776592,0.139776592,20,12,1
679.899494844,5,2,371,0,0.139776590,0.139776590,20,12,1
680.600487660,4,6,351,0,0.139776835,0.139776835,20,12,1
682.098559121,7,6,341,0,0.139776590,0.139776590,20,12,1
682.899494844,5,2,374,0,0.139776590,0.139776590,20,12,1
683.098559121,7,6,342,0,0.139776590,0.139776590,20,12,1
683.795330447,6,7,381,0,0.139776590,0.139776590,20,12,1
684.098559851,7,2,343,0,0.139777320,0.139777320,20,12,1
685.098559121,7,6,344,0,0.139776590,0.139776590,20,12,1
685.600487660,4,0,356,0,0.139776835,0.139776835,20,12,1
686.098559712,7,1,345,0,0.139777181,0.139777181,20,12,1
688.098559712,7,1,347,0,0.139777181,0.139777181,20,12,1
690.098559851,7,2,349,0,0.139777320,0.139777320,20,12,1
690.600487661,4,8,361,0,0.139776836,0.139776836,20,12,1
691.098559366,7,3,350,0,0.139776835,0.139776835,20,12,1
691.795330447,6,7,389,0,0.139776590,0.139776590,20,12,1
692.098559123,7,8,351,0,0.139776592,0.139776592,20,12,1
693.098559366,7,3,352,0,0.139776835,0.139776835,20,12,1
693.795330447,6,7,391,0,0.139776590,0.139776590,20,12,1
694.098559123,7,8,353,0,0.139776592,0.139776592,20,12,1
695.600487415,4,7,366,0,0.139776590,0.139776590,20,12,1
697.098559366,7,5,356,0,0.139776835,0.139776835,20,12,1
698.098559121,7,4,357,0,0.139776590,0.139776590,20,12,1
699.238335956,7,2,358,1,0.279553425,0.279553425,20,12,1
699.365923503,3,6,392,0,0.139776590,0.139776590,20,12,1
699.899494846,5,8,391,0,0.139776592,0.139776592,20,12,1
701.098559366,7,5,360,0,0.139776835,0.139776835,20,12,1
701.899494844,5,2,393,0,0.139776590,0.139776590,20,12,1
702.098559851,7,2,361,0,0.139777320,0.139777320,20,12,1
703.795330447,6,3,401,0,0.139776590,0.139776590,20,12,1
704.098559366,7,5,363,0,0.139776835,0.139776835,20,12,1
707.098559121,7,6,366,0,0.139776590,0.139776590,20,12,1
708.098559121,7,6,367,0,0.139776590,0.139776590,20,12,1
708.795330447,6,3,406,0,0.139776590,0.139776590,20,12,1
709.098559123,7,8,368,0,0.139776592,0.139776592,20,12,1
709.899494844,5,2,401,0,0.139776590,0.139776590,20,12,1
710.098559123,7,8,369,0,0.139776592,0.139776592,20,12,1
710.795330447,6,3,408,0,0.139776590,0.139776590,20,12,1
711.343628273,8,4,381,0,0.139776836,0.139776836,20,12,1
712.098559123,7,8,371,0,0.139776592,0.139776592,20,12,1
712.625836453,1,0,405,0,0.139776590,0.139776590,20,12,1
712.795331038,6,0,410,0,0.139777181,0.139777181,20,12,1
713.238335956,7,2,372,1,0.279553425,0.279553425,20,12,1
713.365923503,3,6,406,0,0.139776590,0.139776590,20,12,1
714.098559123,7,8,373,0,0.139776592,0.139776592,20,12,1
715.098559121,7,4,374,0,0.139776590,0.139776590,20,12,1
715.899495089,5,1,407,0,0.139776835,0.139776835,20,12,1
716.098559366,7,3,375,0,0.139776835,10.754931337,20,12,1
717.098559121,7,4,376,0,0.139776590,0.139776590,20,12,1
717.899494844,5,2,409,0,0.139776590,0.139776590,20,12,1
718.098559121,7,6,377,0,0.139776590,0.139776590,20,12,1
719.098559366,7,3,378,0,0.139776835,0.139776835,20,12,1
719.343628029,8,7,389,0,0.139776592,0.139776592,20,12,1
720.098559366,7,3,379,0,0.139776835,0.139776835,20,12,1
721.098559123,7,8,380,0,0.139776592,0.139776592,20,12,1
722.795331038,6,0,420,0,0.139777181,0.139777181,20,12,1
723.098559366,7,3,382,0,0.139776835,0.139776835,20,12,1
726.365923503,3,6,419,0,0.139776590,0.139776590,20,12,1
727.098559851,7,2,386,0,0.139777320,0.139777320,20,12,1
727.625836453,1,0,420,0,0.139776590,0.139776590,20,12,1
728.795330447,6,3,426,0,0.139776590,0.139776590,20,12,1
729.098559851,7,2,388,0,0.139777320,0.139777320,20,12,1
729.899494846,5,8,421,0,0.139776592,0.139776592,20,12,1
730.795330447,6,3,428,0,0.139776590,0.139776590,20,12,1
731.098559121,7,4,390,0,0.139776590,0.139776590,20,12,1
732.098559123,7,8,391,0,0.139776592,0.139776592,20,12,1
732.795330447,6,7,430,0,0.139776590,0.139776590,20,12,1
733.157557279,7,1,392,0,0.198774748,0.139777181,20,12,1
734.098559123,7,8,393,0,0.139776592,0.139776592,20,12,1
735.098559851,7,2,394,0,0.139777320,0.139777320,20,12,1
736.795331038,6,0,434,0,0.139777181,0.139777181,20,12,1
737.098559121,7,6,396,0,0.139776590,0.139776590,20,12,1
737.795331038,6,0,435,0,0.139777181,0.139777181,20,12,1
738.795330447,6,7,436,0,0.139776590,0.139776590,20,12,1
739.098559121,7,4,398,0,0.139776590,0.139776590,20,12,1
739.795330447,6,3,437,0,0.139776590,0.139776590,20,12,1
739.899494846,5,8,431,0,0.139776592,0.139776592,20,12,1
740.098559121,7,6,399,0,0.139776590,0.139776590,20,12,1
741.098559121,7,6,400,0,0.139776590,0.139776590,20,12,1
743.098559366,7,5,402,0,0.139776835,0.139776835,20,12,1
743.795331177,6,1,441,0,0.139777320,0.139777320,20,12,1
744.098559123,7,8,403,0,0.139776592,0.139776592,20,12,1
745.098559366,7,5,404,0,0.139776835,0.139776835,20,12,1
745.795330447,6,7,443,0,0.139776590,0.139776590,20,12,1
746.098559123,7,8,405,0,0.139776592,0.139776592,20,12,1
747.098559366,7,5,406,0,0.139776835,0.139776835,20,12,1
749.238336201,7,1,408,1,0.279553670,0.279553670,20,12,1
750.098559851,7,0,409,0,0.139777320,0.139777320,20,12,1
751.098559121,7,4,410,0,0.139776590,0.139776590,20,12,1
751.625836698,1,5,444,0,0.139776835,0.139776835,20,12,1
752.098559123,7,8,411,0,0.139776592,0.139776592,20,12,1
752.899494844,5,2,444,0,0.139776590,0.139776590,20,12,1
754.098559851,7,2,413,0,0.139777320,0.139777320,20,12,1
754.899494846,5,8,446,0,0.139776592,0.139776592,20,12,1
755.098559851,7,0,414,0,0.139777320,0.139777320,20,12,1
756.098559123,7,8,415,0,0.139776592,0.139776592,20,12,1
757.098559123,7,8,416,0,0.139776592,0.139776592,20,12,1
758.098559121,7,6,417,0,0.139776590,0.139776590,20,12,1
758.899494844,5,4,450,0,0.139776590,0.139776590,20,12,1
759.098559366,7,3,418,0,0.139776835,0.139776835,20,12,1
760.098559712,7,1,419,0,0.139777181,0.139777181,20,12,1
760.899494844,5,2,452,0,0.139776590,0.139776590,20,12,1
761.098559121,7,6,420,0,0.139776590,0.139776590,20,12,1
763.098559121,7,4,422,0,0.139776590,0.139776590,20,12,1
763.343628029,8,5,433,0,0.139776592,0.139776592,20,12,1
763.795330447,6,7,461,0,0.139776590,0.139776590,20,12,1
764.098559712,7,1,423,0,0.139777181,0.139777181,20,12,1
764.343628029,8,5,434,0,0.139776592,0.139776592,20,12,1
765.795330447,6,3,463,0,0.139776590,0.139776590,20,12,1
765.899494844,5,2,457,0,0.139776590,0.139776590,20,12,1
766.343628029,8,7,436,0,0.139776592,0.139776592,20,12,1
767.098559366,7,3,426,0,0.139776835,0.139776835,20,12,1
768.098559366,7,3,427,0,0.139776835,0.139776835,20,12,1
768.600487415,4,7,439,0,0.139776590,0.139776590,20,12,1
770.795330447,6,7,468,0,0.139776590,0.139776590,20,12,1
771.795330447,6,3,469,0,0.139776590,0.139776590,20,12,1
772.098559712,7,1,431,0,0.139777181,0.139777181,20,12,1
773.098559366,7,5,432,0,0.139776835,0.139776835,20,12,1
773.795330447,6,3,471,0,0.139776590,0.139776590,20,12,1
774.098559851,7,0,433,0,0.139777320,0.139777320,20,12,1
775.098559712,7,1,434,0,0.139777181,0.139777181,20,12,1
775.795330447,6,3,473,0,0.139776590,0.139776590,20,12,1
775.899494846,5,8,467,0,0.139776592,0.139776592,20,12,1
777.098559366,7,3,436,0,0.139776835,0.139776835,20,12,1
778.098559366,7,3,437,0,0.139776835,0.139776835,20,12,1
778.600487415,4,7,449,0,0.139776590,0.139776590,20,12,1
779.098559712,7,1,438,0,0.139777181,0.139777181,20,12,1
780.098559851,7,0,439,0,0.139777320,0.139777320,20,12,1
781.098559121,7,6,440,0,0.139776590,0.139776590,20,12,1
782.098559121,7,6,441,0,0.139776590,0.139776590,20,12,1
782.343628029,8,7,452,0,0.139776592,0.139776592,20,12,1
782.899494844,5,2,474,0,0.139776590,0.139776590,20,12,1
783.600487660,4,6,454,0,0.139776835,0.139776835,20,12,1
784.098559366,7,5,443,0,0.139776835,0.139776835,20,12,1
784.795330447,6,3,482,0,0.139776590,0.139776590,20,12,1
785.398591956,3,6,478,0,0.172445043,0.139776590,20,12,1
787.098559121,7,4,446,0,0.139776590,0.139776590,20,12,1
788.365923748,3,1,481,0,0.139776835,0.139776835,20,12,1
789.098559366,7,5,448,0,0.139776835,0.139776835,20,12,1
789.505816789,2,5,434,0,0.139776590,0.139776590,20,12,1
791.098559123,7,8,450,0,0.139776592,0.139776592,20,12,1
792.098559123,7,8,451,0,0.139776592,0.139776592,20,12,1
794.098559121,7,4,453,0,0.139776590,0.139776590,20,12,1
796.600487660,4,6,467,0,0.139776835,0.139776835,20,12,1
797.098559121,7,4,456,0,0.139776590,0.139776590,20,12,1
798.098559712,7,1,457,0,0.139777181,10.754931683,20,12,1
799.098559123,7,8,458,0,0.139776592,0.139776592,20,12,1
800.098559123,7,8,459,0,0.139776592,0.139776592,20,12,1
800.899494846,5,8,492,0,0.139776592,0.139776592,20,12,1
801.600487415,4,3,472,0,0.139776590,0.139776590,20,12,1
803.098559123,7,8,462,0,0.139776592,0.139776592,20,12,1
804.098559123,7,8,463,0,0.139776592,0.139776592,20,12,1
805.795330447,6,3,503,0,0.139776590,0.139776590,20,12,1
807.098559366,7,5,466,0,0.139776835,0.139776835,20,12,1
808.098559121,7,6,467,0,0.139776590,10.754931092,20,12,1
808.505817380,2,8,453,0,0.139777181,0.139777181,20,12,1
809.098559121,7,4,468,0,0.139776590,0.139776590,20,12,1
810.098559121,7,6,469,0,0.139776590,0.139776590,20,12,1
811.098559121,7,6,470,0,0.139776590,0.139776590,20,12,1
811.899494844,5,2,503,0,0.139776590,0.139776590,20,12,1
812.098559121,7,4,471,0,0.139776590,0.139776590,20,12,1
813.343628618,8,2,483,0,0.139777181,0.139777181,20,12,1
813.795330447,6,3,511,0,0.139776590,0.139776590,20,12,1
815.098559851,7,0,474,0,0.139777320,0.139777320,20,12,1
817.098559123,7,8,476,0,0.139776592,0.139776592,20,12,1
817.899494844,5,2,509,0,0.139776590,0.139776590,20,12,1
818.098559366,7,5,477,0,0.139776835,0.139776835,20,12,1
819.098559123,7,8,478,0,0.139776592,0.139776592,20,12,1
819.625836453,1,0,512,0,0.139776590,0.139776590,20,12,1
820.098559121,7,6,479,0,0.139776590,0.139776590,20,12,1
820.343628029,8,7,490,0,0.139776592,0.139776592,20,12,1
821.600487415,4,7,492,0,0.139776590,0.139776590,20,12,1
821.899494844,5,2,513,0,0.139776590,0.139776590,20,12,1
822.098559121,7,6,481,0,0.139776590,0.139776590,20,12,1
823.098559121,7,6,482,0,0.139776590,0.139776590,20,12,1
823.795330447,6,7,521,0,0.139776590,0.139776590,20,12,1
823.899494844,5,2,515,0,0.139776590,0.139776590,20,12,1
824.098559123,7,8,483,0,0.139776592,0.139776592,20,12,1
825.899494846,5,8,517,0,0.139776592,0.139776592,20,12,1
826.795330447,6,3,524,0,0.139776590,0.139776590,20,12,1
826.899494846,5,8,518,0,0.139776592,0.139776592,20,12,1
827.098559366,7,5,486,0,0.139776835,0.139776835,20,12,1
828.098559366,7,3,487,0,0.139776835,0.139776835,20,12,1
828.899494844,5,2,520,0,0.139776590,0.139776590,20,12,1
829.098559366,7,5,488,0,0.139776835,0.139776835,20,12,1
830.098559851,7,0,489,0,0.139777320,0.139777320,20,12,1
830.343628029,8,5,500,0,0.139776592,0.139776592,20,12,1
831.098559366,7,5,490,0,0.139776835,0.139776835,20,12,1
833.098559851,7,2,492,0,0.139777320,0.139777320,20,12,1
833.600487415,4,3,504,0,0.139776590,0.139776590,20,12,1
834.098559851,7,2,493,0,0.139777320,0.139777320,20,12,1
835.098559121,7,4,494,0,0.139776590,0.139776590,20,12,1
835.795330447,6,3,533,0,0.139776590,0.139776590,20,12,1
836.899494844,5,4,528,0,0.139776590,0.139776590,20,12,1
838.899495089,5,1,530,0,0.139776835,0.139776835,20,12,1
839.098559121,7,6,498,0,0.139776590,0.139776590,20,12,1
841.098559851,7,2,500,0,0.139777320,0.139777320,20,12,1
844.098559121,7,6,503,0,0.139776590,0.139776590,20,12,1
845.098559851,7,2,504,0,0.139777320,0.139777320,20,12,1
849.098559121,7,6,508,0,0.139776590,0.139776590,20,12,1
850.098559366,7,5,509,0,0.139776835,0.139776835,20,12,1
851.098559851,7,2,510,0,0.139777320,0.139777320,20,12,1
852.039271924,5,3,543,1,0.279553670,0.279553670,20,12,1
853.899494844,5,4,545,0,0.139776590,0.139776590,20,12,1
854.098559123,7,8,513,0,0.139776592,0.139776592,20,12,1
855.098559123,7,8,514,0,0.139776592,0.139776592,20,12,1
856.098559712,7,1,515,0,0.139777181,0.139777181,20,12,1
856.505816789,2,5,501,0,0.139776590,0.139776590,20,12,1
856.899494844,5,2,548,0,0.139776590,0.139776590,20,12,1
857.098559366,7,5,516,0,0.139776835,0.139776835,20,12,1
858.098559366,7,3,517,0,0.139776835,10.754931337,20,12,1
858.600487415,4,7,529,0,0.139776590,0.139776590,20,12,1
858.795331177,6,1,556,0,0.139777320,0.139777320,20,12,1
859.098559366,7,5,518,0,0.139776835,0.139776835,20,12,1
861.238336201,7,1,520,1,0.279553670,0.279553670,20,12,1
862.098559366,7,3,521,0,0.139776835,0.139776835,20,12,1
863.098559123,7,8,522,0,0.139776592,0.139776592,20,12,1
864.098559851,7,0,523,0,0.139777320,0.139777320,20,12,1
865.098559366,7,3,524,0,0.139776835,0.139776835,20,12,1
867.098559123,7,8,526,0,0.139776592,0.139776592,20,12,1
868.098559366,7,5,527,0,0.139776835,0.139776835,20,12,1
870.098559121,7,6,529,0,0.139776590,0.139776590,20,12,1
871.098559123,7,8,530,0,0.139776592,0.139776592,20,12,1
873.899494844,5,2,565,0,0.139776590,0.139776590,20,12,1
875.238335956,7,2,534,1,0.279553425,0.279553425,20,12,1
875.899495089,5,1,567,0,0.139776835,0.139776835,20,12,1
876.098559851,7,0,535,0,0.139777320,0.139777320,20,12,1
876.343628618,8,2,546,0,0.139777181,0.139777181,20,12,1
876.600487660,4,6,547,0,0.139776835,0.139776835,20,12,1
876.899494844,5,2,568,0,0.139776590,0.139776590,20,12,1
877.098559851,7,2,536,0,0.139777320,0.139777320,20,12,1
878.098559366,7,5,537,0,0.139776835,0.139776835,20,12,1
880.098559123,7,8,539,0,0.139776592,0.139776592,20,12,1
880.380900186,0,6,575,0,0.139777181,0.139777181,20,12,1
882.098559123,7,8,541,0,0.139776592,0.139776592,20,12,1
882.795331177,6,1,580,0,0.139777320,0.139777320,20,12,1
883.098559121,7,4,542,0,0.139776590,0.139776590,20,12,1
884.899494844,5,2,576,0,0.139776590,0.139776590,20,12,1
885.098559366,7,3,544,0,0.139776835,0.139776835,20,12,1
886.899494844,5,2,578,0,0.139776590,0.139776590,20,12,1
887.098559366,7,5,546,0,0.139776835,0.139776835,20,12,1
888.098559851,7,0,547,0,0.139777320,0.139777320,20,12,1
888.899494844,5,2,580,0,0.139776590,0.139776590,20,12,1
890.600487415,4,7,561,0,0.139776590,0.139776590,20,12,1
891.098559366,7,5,550,0,0.139776835,11.498071951,20,12,1
891.365923503,3,6,584,0,0.139776590,0.139776590,20,12,1
892.098559121,7,6,551,0,0.139776590,0.139776590,20,12,1
892.343628029,8,7,562,0,0.139776592,0.139776592,20,12,1
894.098559851,7,0,553,0,0.139777320,0.139777320,20,12,1
895.098559123,7,8,554,0,0.139776592,0.139776592,20,12,1
895.505816789,2,5,540,0,0.139776590,0.139776590,20,12,1
896.098559123,7,8,555,0,0.139776592,0.139776592,20,12,1
897.098559121,7,4,556,0,0.139776590,0.139776590,20,12,1
900.098559366,7,5,559,0,0.139776835,0.139776835,20,12,1
901.600487415,4,3,572,0,0.139776590,0.139776590,20,12,1
902.098559712,7,1,561,0,0.139777181,0.139777181,20,12,1
903.238336201,7,1,562,1,0.279553670,0.279553670,20,12,1
903.899494846,5,8,595,0,0.139776592,0.139776592,20,12,1
904.098559851,7,0,563,0,0.139777320,0.139777320,20,12,1
905.098559366,7,5,564,0,0.139776835,0.139776835,20,12,1
907.098559712,7,1,566,0,0.139777181,0.139777181,20,12,1
908.098559851,7,0,567,0,0.139777320,0.139777320,20,12,1
909.740264005,4,0,580,1,0.279553180,0.279553180,20,12,1
910.098559851,7,0,569,0,0.139777320,0.139777320,20,12,1
911.098559123,7,8,570,0,0.139776592,0.139776592,20,12,1
912.600487415,4,3,583,0,0.139776590,0.139776590,20,12,1
913.795330447,6,3,611,0,0.139776590,0.139776590,20,12,1
913.899494844,5,2,605,0,0.139776590,0.139776590,20,12,1
914.899494844,5,2,606,0,0.139776590,0.139776590,20,12,1
916.343628029,8,5,586,0,0.139776592,0.139776592,20,12,1
916.380900186,0,6,611,0,0.139777181,0.139777181,20,12,1
916.795330447,6,3,614,0,0.139776590,0.139776590,20,12,1
916.899494844,5,2,608,0,0.139776590,0.139776590,20,12,1
918.098559121,7,4,577,0,0.139776590,0.139776590,20,12,1
919.365923503,3,6,612,0,0.139776590,0.139776590,20,12,1
921.238335956,7,2,580,1,0.279553425,0.279553425,20,12,1
921.600487660,4,0,592,0,0.139776835,0.139776835,20,12,1
921.899494844,5,2,613,0,0.139776590,0.139776590,20,12,1
923.795330447,6,7,621,0,0.139776590,0.139776590,20,12,1
924.899495435,5,3,616,0,0.139777181,0.139777181,20,12,1
925.365923503,3,6,618,0,0.139776590,0.139776590,20,12,1
926.098559366,7,5,585,0,0.139776835,0.139776835,20,12,1
927.098559121,7,6,586,0,0.139776590,0.139776590,20,12,1
928.098559121,7,4,587,0,0.139776590,0.139776590,20,12,1
928.899494844,5,2,620,0,0.139776590,0.139776590,20,12,1
929.098559851,7,0,588,0,0.139777320,0.139777320,20,12,1
929.795331177,6,1,627,0,0.139777320,0.139777320,20,12,1
929.899494844,5,2,621,0,0.139776590,0.139776590,20,12,1
930.098559121,7,4,589,0,0.139776590,0.139776590,20,12,1
931.098559121,7,4,590,0,0.139776590,0.139776590,20,12,1
932.098559123,7,8,591,0,0.139776592,0.139776592,20,12,1
933.899494844,5,4,625,0,0.139776590,0.139776590,20,12,1
934.098559366,7,5,593,0,0.139776835,0.139776835,20,12,1
934.899495089,5,7,626,0,0.139776835,0.139776835,20,12,1
935.343628029,8,5,605,0,0.139776592,0.139776592,20,12,1
935.600487415,4,7,606,0,0.139776590,0.139776590,20,12,1
935.899494846,5,8,627,0,0.139776592,0.139776592,20,12,1
936.098559121,7,6,595,0,0.139776590,0.139776590,20,12,1
936.899495089,5,1,628,0,0.139776835,0.139776835,20,12,1
937.098559121,7,4,596,0,0.139776590,0.139776590,20,12,1
937.600487415,4,7,608,0,0.139776590,0.139776590,20,12,1
937.795330447,6,7,635,0,0.139776590,0.139776590,20,12,1
938.098559121,7,4,597,0,0.139776590,0.139776590,20,12,1
938.899495089,5,1,630,0,0.139776835,0.139776835,20,12,1
939.098559121,7,6,598,0,0.139776590,0.139776590,20,12,1
940.795330692,6,4,638,0,0.139776835,0.139776835,20,12,1
940.899494846,5,8,632,0,0.139776592,0.139776592,20,12,1
944.899494844,5,2,636,0,0.139776590,0.139776590,20,12,1
945.899494844,5,2,637,0,0.139776590,0.139776590,20,12,1
946.098559121,7,4,605,0,0.139776590,0.139776590,20,12,1
946.795330447,6,7,644,0,0.139776590,0.139776590,20,12,1
947.098559121,7,6,606,0,0.139776590,0.139776590,20,12,1
948.098559121,7,6,607,0,0.139776590,0.139776590,20,12,1
950.098559366,7,5,609,0,0.139776835,0.139776835,20,12,1
951.098559121,7,6,610,0,0.139776590,0.139776590,20,12,1
952.039271679,5,0,643,1,0.279553425,0.279553425,20,12,1
952.795330447,6,3,650,0,0.139776590,0.139776590,20,12,1
953.098559123,7,8,612,0,0.139776592,0.139776592,20,12,1
954.600487660,4,6,625,0,0.139776835,0.139776835,20,12,1
955.600487415,4,7,626,0,0.139776590,0.139776590,20,12,1
956.098559123,7,8,615,0,0.139776592,0.139776592,20,12,1
957.899494844,5,2,649,0,0.139776590,0.139776590,20,12,1
958.098559366,7,3,617,0,0.139776835,0.139776835,20,12,1
959.098559851,7,0,618,0,0.139777320,0.139777320,20,12,1
960.098559366,7,5,619,0,0.139776835,0.139776835,20,12,1
960.600487415,4,3,631,0,0.139776590,0.139776590,20,12,1
961.899494844,5,2,653,0,0.139776590,0.139776590,20,12,1
962.899494844,5,2,654,0,0.139776590,0.139776590,20,12,1
963.600487415,4,7,634,0,0.139776590,0.139776590,20,12,1
964.343628029,8,5,634,0,0.139776592,0.139776592,20,12,1
965.600487415,4,7,636,0,0.139776590,0.139776590,20,12,1
966.600487660,4,6,637,0,0.139776835,0.139776835,20,12,1
967.098559366,7,3,626,0,0.139776835,0.139776835,20,12,1
968.098559123,7,8,627,0,0.139776592,0.139776592,20,12,1
969.098559123,7,8,628,0,0.139776592,0.139776592,20,12,1
969.899494844,5,2,661,0,0.139776590,0.139776590,20,12,1
970.098559366,7,3,629,0,0.139776835,0.139776835,20,12,1
970.899494844,5,2,662,0,0.139776590,0.139776590,20,12,1
971.098559123,7,8,630,0,0.139776592,0.139776592,20,12,1
971.899494844,5,2,663,0,0.139776590,0.139776590,20,12,1
973.157556688,7,4,632,0,0.198774157,0.139776590,20,12,1
973.740264250,4,3,644,1,0.279553425,0.279553425,20,12,1
973.900520250,6,7,671,0,0.244966393,0.139776590,20,12,1
974.098559366,7,5,633,0,0.139776835,0.139776835,20,12,1
974.795330447,6,3,672,0,0.139776590,0.139776590,20,12,1
974.899494844,5,2,666,0,0.139776590,0.139776590,20,12,1
975.098559712,7,1,634,0,0.139777181,0.139777181,20,12,1
976.098559366,7,3,635,0,0.139776835,0.139776835,20,12,1
977.600487660,4,6,648,0,0.139776835,0.139776835,20,12,1
978.098559366,7,3,637,0,0.139776835,0.139776835,20,12,1
978.795330692,6,4,676,0,0.139776835,0.139776835,20,12,1
978.899494844,5,2,670,0,0.139776590,0.139776590,20,12,1
981.795330447,6,7,679,0,0.139776590,0.139776590,20,12,1
982.098559123,7,8,641,0,0.139776592,0.139776592,20,12,1
982.899495089,5,1,674,0,0.139776835,0.139776835,20,12,1
983.098559123,7,8,642,0,0.139776592,0.139776592,20,12,1
983.343628029,8,5,653,0,0.139776592,0.139776592,20,12,1
984.098559121,7,4,643,0,0.139776590,0.139776590,20,12,1
984.899494844,5,2,676,0,0.139776590,0.139776590,20,12,1
987.098559366,7,5,646,0,0.139776835,0.139776835,20,12,1
988.899495089,5,7,680,0,0.139776835,0.139776835,20,12,1
989.098559121,7,6,648,0,0.139776590,0.139776590,20,12,1
991.098559121,7,6,650,0,0.139776590,0.139776590,20,12,1
991.899495089,5,1,683,0,0.139776835,0.139776835,20,12,1
992.098559851,7,2,651,0,0.139777320,0.139777320,20,12,1
992.343628618,8,2,662,0,0.139777181,0.139777181,20,12,1
992.899494846,5,8,684,0,0.139776592,0.139776592,20,12,1
993.098559851,7,0,652,0,0.139777320,0.139777320,20,12,1
994.098559121,7,6,653,0,0.139776590,0.139776590,20,12,1
995.098559123,7,8,654,0,0.139776592,0.139776592,20,12,1
995.380900186,0,6,690,0,0.139777181,0.139777181,20,12,1
996.098559366,7,3,655,0,0.139776835,0.139776835,20,12,1
997.795330692,6,4,695,0,0.139776835,0.139776835,20,12,1
998.098559121,7,4,657,0,0.139776590,0.139776590,20,12,1
999.625836453,1,0,692,0,0.139776590,0.139776590,20,12,1
1000.098559121,7,6,659,0,0.139776590,0.139776590,20,12,1
1001.795330447,6,7,699,0,0.139776590,0.139776590,20,12,1
1002.238335956,7,2,661,1,0.279553425,0.279553425,20,12,1
1002.365923503,3,6,695,0,0.139776590,0.139776590,20,12,1
1002.899495089,5,1,694,0,0.139776835,0.139776835,20,12,1
1003.380899595,0,1,698,0,0.139776590,0.139776590,20,12,1
1003.899494846,5,8,695,0,0.139776592,0.139776592,20,12,1
1005.098559121,7,6,664,0,0.139776590,0.139776590,20,12,1
1006.098559366,7,3,665,0,0.139776835,0.139776835,20,12,1
1007.098559366,7,3,666,0,0.139776835,0.139776835,20,12,1
1007.600487415,4,7,678,0,0.139776590,0.139776590,20,12,1
1007.935107628,6,1,705,1,0.279553771,0.279553771,20,12,1
1008.098559366,7,5,667,0,0.139776835,0.139776835,20,12,1
1008.343628029,8,5,678,0,0.139776592,0.139776592,20,12,1
1009.238335956,7,2,668,1,0.279553425,0.279553425,20,12,1
1009.740264841,4,8,680,1,0.279554016,0.279554016,20,12,1
1009.899494844,5,2,701,0,0.139776590,0.139776590,20,12,1
1010.098559121,7,6,669,0,0.139776590,0.139776590,20,12,1
1011.098559123,7,8,670,0,0.139776592,0.139776592,20,12,1
1012.098559123,7,8,671,0,0.139776592,0.139776592,20,12,1
1013.238335956,7,2,672,1,0.279553425,0.279553425,20,12,1
1014.098559712,7,1,673,0,0.139777181,0.139777181,20,12,1
1015.098559121,7,6,674,0,0.139776590,0.139776590,20,12,1
1015.343628029,8,5,685,0,0.139776592,0.139776592,20,12,1
1015.899494844,5,4,707,0,0.139776590,0.139776590,20,12,1
1017.098559851,7,2,676,0,0.139777320,0.139777320,20,12,1
1017.795330447,6,3,715,0,0.139776590,0.139776590,20,12,1
1017.899494844,5,2,709,0,0.139776590,0.139776590,20,12,1
1018.343628618,8,6,688,0,0.139777181,0.139777181,20,12,1
1019.098559366,7,5,678,0,0.139776835,0.139776835,20,12,1
1022.098559121,7,6,681,0,0.139776590,0.139776590,20,12,1
1022.899495089,5,1,714,0,0.139776835,0.139776835,20,12,1
1023.098559366,7,5,682,0,0.139776835,0.139776835,20,12,1
1024.098559366,7,3,683,0,0.139776835,0.139776835,20,12,1
1025.098559366,7,5,684,0,0.139776835,0.139776835,20,12,1
1027.098559123,7,8,686,0,0.139776592,0.139776592,20,12,1
1028.600487415,4,3,699,0,0.139776590,0.139776590,20,12,1
1029.098559366,7,5,688,0,0.139776835,38.303228919,20,12,1
1031.600487415,4,7,702,0,0.139776590,0.139776590,20,12,1
1032.098559366,7,5,691,0,0.139776835,0.139776835,20,12,1
1034.795330447,6,3,732,0,0.139776590,0.139776590,20,12,1
1035.098559121,7,4,694,0,0.139776590,0.139776590,20,12,1
1035.600487415,4,7,706,0,0.139776590,0.139776590,20,12,1
1035.625836453,1,0,728,0,0.139776590,0.139776590,20,12,1
1037.899494846,5,8,729,0,0.139776592,0.139776592,20,12,1
1038.098559121,7,4,697,0,0.139776590,0.139776590,20,12,1
1039.899494844,5,4,731,0,0.139776590,0.139776590,20,12,1
1041.098559851,7,2,700,0,0.139777320,0.139777320,20,12,1
1043.098559851,7,0,702,0,0.139777320,0.139777320,20,12,1
1043.600487415,4,7,714,0,0.139776590,0.139776590,20,12,1
1044.098559123,7,8,703,0,0.139776592,0.139776592,20,12,1
1044.365923503,3,6,737,0,0.139776590,0.139776590,20,12,1
1045.600487660,4,6,716,0,0.139776835,0.139776835,20,12,1
1045.899494844,5,4,737,0,0.139776590,0.139776590,20,12,1
1046.098559366,7,3,705,0,0.139776835,0.139776835,20,12,1
1046.343628618,8,2,716,0,0.139777181,0.139777181,20,12,1
1047.795330447,6,7,745,0,0.139776590,0.139776590,20,12,1
1047.899494844,5,4,739,0,0.139776590,0.139776590,20,12,1
1048.098559123,7,8,707,0,0.139776592,0.139776592,20,12,1
1049.098559366,7,3,708,0,0.139776835,0.139776835,20,12,1
1049.795330447,6,7,747,0,0.139776590,0.139776590,20,12,1
1050.795330447,6,7,748,0,0.139776590,0.139776590,20,12,1
1052.098559121,7,4,711,0,0.139776590,0.139776590,20,12,1
1055.098559712,7,1,714,0,0.139777181,0.139777181,20,12,1
1056.600487660,4,6,727,0,0.139776835,0.139776835,20,12,1
1056.899494846,5,8,748,0,0.139776592,0.139776592,20,12,1
1057.098559121,7,4,716,0,0.139776590,0.139776590,20,12,1
1057.600487660,4,6,728,0,0.139776835,0.139776835,20,12,1
1058.795330447,6,3,756,0,0.139776590,0.139776590,20,12,1
1059.098559366,7,3,718,0,0.139776835,0.139776835,20,12,1
1059.899494844,5,2,751,0,0.139776590,0.139776590,20,12,1
1062.098559851,7,0,721,0,0.139777320,0.139777320,20,12,1
1062.343628029,8,5,732,0,0.139776592,0.139776592,20,12,1
1063.600487415,4,7,734,0,0.139776590,0.139776590,20,12,1
1064.098559712,7,1,723,0,0.139777181,0.139777181,20,12,1
1066.098559121,7,4,725,0,0.139776590,0.139776590,20,12,1
1067.238335956,7,2,726,1,0.279553425,0.279553425,20,12,1
1069.098559123,7,8,728,0,0.139776592,0.139776592,20,12,1
1069.600487660,4,6,740,0,0.139776835,0.139776835,20,12,1
1070.098559121,7,6,729,0,0.139776590,0.139776590,20,12,1
1070.625836453,1,0,763,0,0.139776590,0.139776590,20,12,1
1071.098559851,7,2,730,0,0.139777320,0.139777320,20,12,1
1072.098559121,7,6,731,0,0.139776590,0.139776590,20,12,1
1072.795331177,6,1,770,0,0.139777320,0.139777320,20,12,1
1072.899494844,5,2,764,0,0.139776590,0.139776590,20,12,1
1073.795330447,6,7,771,0,0.139776590,0.139776590,20,12,1
1075.098559366,7,5,734,0,0.139776835,0.139776835,20,12,1
1076.098559121,7,4,735,0,0.139776590,0.139776590,20,12,1
1078.098559851,7,0,737,0,0.139777320,0.139777320,20,12,1
1079.098559123,7,8,738,0,0.139776592,0.139776592,20,12,1
1079.899495089,5,1,771,0,0.139776835,0.139776835,20,12,1
1081.343628029,8,5,751,0,0.139776592,0.139776592,20,12,1
1082.600487415,4,7,753,0,0.139776590,0.139776590,20,12,1
1083.098559123,7,8,742,0,0.139776592,0.139776592,20,12,1
1084.365923503,3,6,777,0,0.139776590,0.139776590,20,12,1
1084.795331038,6,0,782,0,0.139777181,0.139777181,20,12,1
1085.098559121,7,4,744,0,0.139776590,0.139776590,20,12,1
1085.899494846,5,8,777,0,0.139776592,0.139776592,20,12,1
1086.098559851,7,0,745,0,0.139777320,0.139777320,20,12,1
1087.098559121,7,6,746,0,0.139776590,0.139776590,20,12,1
1088.098559121,7,6,747,0,0.139776590,0.139776590,20,12,1
1089.098559123,7,8,748,0,0.139776592,0.139776592,20,12,1
1090.098559123,7,8,749,0,0.139776592,0.139776592,20,12,1
1090.795330447,6,3,788,0,0.139776590,0.139776590,20,12,1
1091.098559123,7,8,750,0,0.139776592,0.139776592,20,12,1
1095.098559123,7,8,754,0,0.139776592,0.139776592,20,12,1
1096.098559366,7,5,755,0,0.139776835,0.139776835,20,12,1
1096.795330447,6,7,794,0,0.139776590,0.139776590,20,12,1
1098.899494844,5,2,790,0,0.139776590,0.139776590,20,12,1
1099.098559121,7,4,758,0,0.139776590,0.139776590,20,12,1
1099.343628029,8,5,769,0,0.139776592,0.139776592,20,12,1
1099.795330447,6,3,797,0,0.139776590,0.139776590,20,12,1
1100.098559851,7,2,759,0,0.139777320,0.139777320,20,12,1
1100.600487660,4,6,771,0,0.139776835,0.139776835,20,12,1
1101.098559851,7,2,760,0,0.139777320,0.139777320,20,12,1
1102.098559123,7,8,761,0,0.139776592,0.139776592,20,12,1
1102.795330447,6,3,800,0,0.139776590,0.139776590,20,12,1
1103.098559121,7,4,762,0,0.139776590,0.139776590,20,12,1
1103.899494844,5,4,795,0,0.139776590,0.139776590,20,12,1
1104.899495089,5,7,796,0,0.139776835,0.139776835,20,12,1
1105.098559851,7,2,764,0,0.139777320,0.139777320,20,12,1
1105.899494846,5,8,797,0,0.139776592,0.139776592,20,12,1
1106.899495574,5,0,798,0,0.139777320,0.139777320,20,12,1
1107.365923748,3,1,800,0,0.139776835,0.139776835,20,12,1
1107.899494844,5,2,799,0,0.139776590,0.139776590,20,12,1
1108.098559121,7,4,767,0,0.139776590,0.139776590,20,12,1
1108.899495435,5,3,800,0,0.139777181,0.139777181,20,12,1
1109.098559121,7,6,768,0,0.139776590,0.139776590,20,12,1
1109.343628273,8,4,779,0,0.139776836,0.139776836,20,12,1
1110.098559123,7,8,769,0,0.139776592,0.139776592,20,12,1
1110.343628758,8,1,780,0,0.139777321,0.139777321,20,12,1
1111.098559123,7,8,770,0,0.139776592,0.139776592,20,12,1
1112.098559366,7,5,771,0,0.139776835,0.139776835,20,12,1
1112.600487661,4,8,783,0,0.139776836,0.139776836,20,12,1
1113.098559121,7,6,772,0,0.139776590,0.139776590,20,12,1
1113.343628029,8,5,783,0,0.139776592,0.139776592,20,12,1
1114.098559121,7,6,773,0,0.139776590,0.139776590,20,12,1
1115.098559366,7,3,774,0,0.139776835,0.139776835,20,12,1
1116.098559123,7,8,775,0,0.139776592,0.139776592,20,12,1
1116.343628029,8,7,786,0,0.139776592,0.139776592,20,12,1
1117.238336302,7,0,776,1,0.279553771,0.279553771,20,12,1
1118.098559123,7,8,777,0,0.139776592,0.139776592,20,12,1
1119.098559366,7,3,778,0,0.139776835,0.139776835,20,12,1
1119.505817380,2,0,764,0,0.139777181,0.139777181,20,12,1
1120.098559712,7,1,779,0,0.139777181,0.139777181,20,12,1
1121.098559121,7,6,780,0,0.139776590,0.139776590,20,12,1
1122.098559121,7,4,781,0,0.139776590,0.139776590,20,12,1
1122.600487660,4,0,793,0,0.139776835,0.139776835,20,12,1
1123.098559121,7,6,782,0,0.139776590,0.139776590,20,12,1
1124.600487415,4,7,795,0,0.139776590,0.139776590,20,12,1
1125.098559121,7,6,784,0,0.139776590,0.139776590,20,12,1
1125.343628758,8,1,795,0,0.139777321,0.139777321,20,12,1
1126.600487415,4,3,797,0,0.139776590,0.139776590,20,12,1
1127.238336302,7,0,786,1,0.279553771,0.279553771,20,12,1
1127.600487660,4,6,798,0,0.139776835,0.139776835,20,12,1
1128.098559851,7,0,787,0,0.139777320,0.139777320,20,12,1
1128.343628029,8,5,798,0,0.139776592,0.139776592,20,12,1
1129.238336441,7,1,788,1,0.279553910,0.279553910,20,12,1
1130.098559366,7,5,789,0,0.139776835,0.139776835,20,12,1
1131.098559366,7,5,790,0,0.139776835,38.303228919,20,12,1
1132.098559366,7,3,791,0,0.139776835,10.754931337,20,12,1
1132.645593624,2,7,777,1,0.279553425,0.279553425,20,12,1
1133.098559366,7,5,792,0,0.139776835,0.139776835,20,12,1
1133.645593381,2,8,778,1,0.279553182,0.279553182,20,12,1
1134.098559366,7,3,793,0,0.139776835,0.139776835,20,12,1
1135.098559366,7,5,794,0,0.139776835,0.139776835,20,12,1
1135.505817380,2,0,780,0,0.139777181,0.139777181,20,12,1
1136.645593869,2,6,781,1,0.279553670,0.279553670,20,12,1
1137.098559712,7,1,796,0,0.139777181,0.139777181,20,12,1
1139.645593381,2,8,784,1,0.279553182,0.279553182,20,12,1
1141.098559123,7,8,800,0,0.139776592,0.139776592,20,12,1
1141.645593624,2,7,786,1,0.279553425,0.279553425,20,12,1
1143.515900516,2,4,788,0,0.149860317,0.139776835,20,12,1
1144.505817380,2,8,789,0,0.139777181,0.139777181,20,12,1
1145.505817519,2,7,790,0,0.139777320,0.139777320,20,12,1
1146.505817519,2,3,791,0,0.139777320,0.139777320,20,12,1
1147.505816789,2,5,792,0,0.139776590,0.139776590,20,12,1
1150.505817034,2,4,795,0,0.139776835,0.139776835,20,12,1
1152.645593870,2,8,797,1,0.279553671,0.279553671,20,12,1
1153.505817034,2,4,798,0,0.139776835,0.139776835,20,12,1
1154.505816789,2,5,799,0,0.139776590,0.139776590,20,12,1
1155.645593970,2,3,800,1,0.279553771,0.279553771,20,12,1
