timestamp(s),nodeId,kind,bytes,src,dst,seq,hops,sf
2.414766730,0,beacon,5,0,65535,1,0,7
2.807546093,1,beacon,5,1,65535,1,0,8
3.595940747,3,beacon,8,3,65535,1,0,8
8.473097285,2,beacon,11,2,65535,1,0,8
8.722219627,5,beacon,8,5,65535,1,0,7
8.970359947,8,beacon,11,8,65535,1,0,7
9.754940824,4,beacon,20,4,65535,1,0,8
11.363189829,6,beacon,26,6,65535,1,0,8
12.813150705,7,beacon,29,7,65535,1,0,7
62.414766730,0,beacon,23,0,65535,2,0,8
62.807546093,1,beacon,29,1,65535,2,0,8
63.595940747,3,beacon,29,3,65535,2,0,8
68.473097285,2,beacon,29,2,65535,2,0,8
68.722219627,5,beacon,29,5,65535,2,0,8
68.970359947,8,beacon,29,8,65535,2,0,7
69.754940824,4,beacon,29,4,65535,2,0,7
71.363189829,6,beacon,29,6,65535,2,0,7
72.813150705,7,beacon,29,7,65535,2,0,7
114.600531278,5,data,27,5,1,1,0,8
122.414766730,0,beacon,29,0,65535,3,0,8
122.807546093,1,beacon,29,1,65535,3,0,8
123.595940747,3,beacon,29,3,65535,3,0,7
124.600531278,5,data,27,5,3,2,0,8
124.740307868,4,data,27,5,3,2,1,8
128.473097285,2,beacon,29,2,65535,3,0,8
128.722219627,5,beacon,29,5,65535,3,0,7
128.970359947,8,beacon,29,8,65535,3,0,8
129.754940824,4,beacon,29,4,65535,3,0,7
131.363189829,6,beacon,29,6,65535,3,0,7
132.813150705,7,beacon,29,7,65535,3,0,8
134.600531278,5,data,27,5,0,3,0,8
134.740307868,4,data,27,5,0,3,1,8
144.600531278,5,data,27,5,6,4,0,8
144.686673106,8,data,27,8,7,1,0,8
150.493470961,1,data,27,1,0,1,0,8
152.144748858,2,data,27,2,7,1,0,8
152.284525448,1,data,27,2,7,1,1,8
154.600531278,5,data,27,5,2,5,0,8
154.686673106,8,data,27,8,0,2,0,8
155.285564319,4,data,27,4,7,1,0,8
159.035127545,7,data,27,7,3,1,0,8
160.493470961,1,data,27,1,7,2,0,8
162.144748858,2,data,27,2,7,2,0,8
162.284525448,1,data,27,2,7,2,1,8
164.213289177,6,data,27,6,1,1,0,8
164.353065767,3,data,27,6,1,1,1,8
164.600531278,5,data,27,5,4,6,0,8
164.686673106,8,data,27,8,4,3,0,8
165.285564319,4,data,27,4,6,2,0,8
169.035127545,7,data,27,7,4,2,0,8
169.264742471,3,data,27,3,1,1,0,8
170.493470961,1,data,27,1,5,3,0,8
172.144748858,2,data,27,2,1,3,0,8
174.213289177,6,data,27,6,8,2,0,8
174.353065767,7,data,27,6,8,2,1,8
174.600531278,5,data,27,5,1,7,0,8
174.686673106,8,data,27,8,1,4,0,8
175.285564319,4,data,27,4,0,3,0,8
179.035127545,7,data,27,7,0,3,0,8
179.174904135,6,data,27,7,0,3,1,8
179.264742471,3,data,27,3,4,2,0,8
180.493470961,1,data,27,1,5,4,0,8
181.877940882,0,data,27,0,3,1,0,8
182.144748858,2,data,27,2,6,4,0,8
182.284525448,1,data,27,2,6,4,1,8
182.414766730,0,beacon,29,0,65535,4,0,7
182.807546093,1,beacon,29,1,65535,4,0,7
183.595940747,3,beacon,29,3,65535,4,0,7
184.213289177,6,data,27,6,8,3,0,8
184.353065767,7,data,27,6,8,3,1,8
184.600531278,5,data,27,5,7,8,0,8
184.686673106,8,data,27,8,5,5,0,8
185.285564319,4,data,27,4,0,4,0,8
188.473097285,2,beacon,29,2,65535,4,0,7
188.722219627,5,beacon,29,5,65535,4,0,7
188.970359947,8,beacon,29,8,65535,4,0,7
189.035127545,7,data,27,7,6,4,0,8
189.264742471,3,data,27,3,4,3,0,8
189.754940824,4,beacon,29,4,65535,4,0,7
190.493470961,1,data,27,1,3,5,0,8
191.363189829,6,beacon,29,6,65535,4,0,8
191.877940882,0,data,27,0,6,2,0,8
192.017717717,4,data,27,0,6,2,1,8
192.144748858,2,data,27,2,7,5,0,8
192.813150705,7,beacon,29,7,65535,4,0,7
194.213289177,6,data,27,6,3,4,0,8
194.600531278,5,data,27,5,1,9,0,8
194.686673106,8,data,27,8,1,6,0,8
195.285564319,4,data,27,4,5,5,0,8
195.425341155,8,data,27,4,5,5,1,8
199.035127545,7,data,27,7,3,5,0,8
199.264742471,3,data,27,3,7,4,0,8
200.493470961,1,data,27,1,4,6,0,8
201.877940882,0,data,27,0,6,3,0,8
202.144748858,2,data,27,2,4,6,0,8
204.213289177,6,data,27,6,3,5,0,8
204.600531278,5,data,27,5,6,10,0,8
204.686673106,8,data,27,8,5,7,0,8
205.285564319,4,data,27,4,7,6,0,8
209.035127545,7,data,27,7,0,6,0,8
209.174904135,6,data,27,7,0,6,1,8
209.264742471,3,data,27,3,7,5,0,8
210.493470961,1,data,27,1,3,7,0,8
211.877940882,0,data,27,0,4,4,0,8
212.144748858,2,data,27,2,7,7,0,8
214.213289177,6,data,27,6,0,6,0,8
214.600531278,5,data,27,5,1,11,0,8
214.686673106,8,data,27,8,6,8,0,8
215.285564319,4,data,27,4,8,7,0,8
219.035127545,7,data,27,7,0,7,0,8
219.174904135,6,data,27,7,0,7,1,8
219.264742471,3,data,27,3,8,6,0,8
220.493470961,1,data,27,1,3,8,0,8
221.877940882,0,data,27,0,1,5,0,8
222.017717472,3,data,27,0,1,5,1,8
222.144748858,2,data,27,2,7,8,0,8
224.213289177,6,data,27,6,3,7,0,8
224.600531278,5,data,27,5,7,12,0,8
224.686673106,8,data,27,8,0,9,0,8
225.285564319,4,data,27,4,7,8,0,8
229.035127545,7,data,27,7,1,8,0,8
229.174904135,4,data,27,7,1,8,1,8
229.264742471,3,data,27,3,2,7,0,8
230.493470961,1,data,27,1,5,9,0,8
231.877940882,0,data,27,0,4,6,0,8
232.144748858,2,data,27,2,7,9,0,8
234.213289177,6,data,27,6,5,8,0,8
234.600531278,5,data,27,5,1,13,0,8
234.686673106,8,data,27,8,0,10,0,8
235.285564319,4,data,27,4,1,9,0,8
239.035127545,7,data,27,7,1,9,0,8
239.174904135,4,data,27,7,1,9,1,8
239.264742471,3,data,27,3,1,8,0,8
240.493470961,1,data,27,1,7,10,0,8
240.633247551,4,data,27,1,7,10,1,8
241.877940882,0,data,27,0,7,7,0,8
242.017717717,4,data,27,0,7,7,1,8
242.144748858,2,data,27,2,6,10,0,8
242.414766730,0,beacon,29,0,65535,5,0,7
242.807546093,1,beacon,29,1,65535,5,0,7
243.595940747,3,beacon,29,3,65535,5,0,8
244.213289177,6,data,27,6,4,9,0,8
244.353065767,3,data,27,6,4,9,1,8
244.600531278,5,data,27,5,3,14,0,8
244.686673106,8,data,27,8,4,11,0,8
245.285564319,4,data,27,4,0,10,0,8
248.473097285,2,beacon,29,2,65535,5,0,8
248.722219627,5,beacon,29,5,65535,5,0,7
248.970359947,8,beacon,29,8,65535,5,0,8
249.035127545,7,data,27,7,0,10,0,8
249.264742471,3,data,27,3,8,9,0,8
249.404519791,2,data,27,3,8,9,1,8
249.754940824,4,beacon,29,4,65535,5,0,7
250.493470961,1,data,27,1,7,11,0,8
250.633247551,4,data,27,1,7,11,1,8
251.363189829,6,beacon,29,6,65535,5,0,7
251.877940882,0,data,27,0,5,8,0,8
252.017717717,4,data,27,0,5,8,1,8
252.144748858,2,data,27,2,1,11,0,8
252.813150705,7,beacon,29,7,65535,5,0,8
254.213289177,6,data,27,6,2,10,0,8
254.353065767,3,data,27,6,2,10,1,8
254.600531278,5,data,27,5,2,15,0,8
254.686673106,8,data,27,8,1,12,0,8
255.285564319,4,data,27,4,6,11,0,8
259.035127545,7,data,27,7,3,11,0,8
259.174904135,6,data,27,7,3,11,1,8
259.264742471,3,data,27,3,6,10,0,8
260.493470961,1,data,27,1,4,12,0,8
261.877940882,0,data,27,0,3,9,0,8
262.017717717,4,data,27,0,3,9,1,8
262.144748858,2,data,27,2,8,12,0,8
264.213289177,6,data,27,6,2,11,0,8
264.353065767,3,data,27,6,2,11,1,8
264.600531278,5,data,27,5,7,16,0,8
264.686673106,8,data,27,8,5,13,0,8
265.285564319,4,data,27,4,6,12,0,8
269.035127545,7,data,27,7,1,12,0,8
269.174904380,5,data,27,7,1,12,1,8
269.264742471,3,data,27,3,0,11,0,8
270.493470961,1,data,27,1,8,13,0,8
270.633247551,4,data,27,1,8,13,1,8
271.877940882,0,data,27,0,3,10,0,8
272.144748858,2,data,27,2,4,13,0,8
274.213289177,6,data,27,6,0,12,0,8
274.600531278,5,data,27,5,1,17,0,8
274.686673106,8,data,27,8,0,14,0,8
275.285564319,4,data,27,4,7,13,0,8
279.035127545,7,data,27,7,2,13,0,8
279.174904135,4,data,27,7,2,13,1,8
279.264742471,3,data,27,3,2,12,0,8
280.493470961,1,data,27,1,5,14,0,8
281.877940882,0,data,27,0,6,11,0,8
282.017717717,4,data,27,0,6,11,1,8
282.144748858,2,data,27,2,1,14,0,8
284.213289177,6,data,27,6,2,13,0,8
284.353065767,3,data,27,6,2,13,1,8
284.600531278,5,data,27,5,2,18,0,8
284.686673106,8,data,27,8,3,15,0,8
285.285564319,4,data,27,4,2,14,0,8
289.035127545,7,data,27,7,3,14,0,8
289.174904135,6,data,27,7,3,14,1,8
289.264742471,3,data,27,3,4,13,0,8
290.493470961,1,data,27,1,7,15,0,8
290.633247551,4,data,27,1,7,15,1,8
291.877940882,0,data,27,0,8,12,0,8
292.144748858,2,data,27,2,3,15,0,8
294.213289177,6,data,27,6,4,14,0,8
294.353065767,7,data,27,6,4,14,1,8
294.600531278,5,data,27,5,3,19,0,8
294.686673106,8,data,27,8,3,16,0,8
295.285564319,4,data,27,4,3,15,0,8
299.035127545,7,data,27,7,4,15,0,8
299.264742471,3,data,27,3,7,14,0,8
300.493470961,1,data,27,1,2,16,0,8
301.877940882,0,data,27,0,5,13,0,8
302.144748858,2,data,27,2,8,16,0,8
302.414766730,0,beacon,29,0,65535,6,0,7
302.807546093,1,beacon,29,1,65535,6,0,7
303.595940747,3,beacon,29,3,65535,6,0,7
304.213289177,6,data,27,6,2,15,0,8
304.353065767,3,data,27,6,2,15,1,8
304.600531278,5,data,27,5,3,20,0,8
304.686673106,8,data,27,8,3,17,0,8
305.285564319,4,data,27,4,7,16,0,8
308.473097285,2,beacon,29,2,65535,6,0,8
308.722219627,5,beacon,29,5,65535,6,0,8
308.970359947,8,beacon,29,8,65535,6,0,8
309.035127545,7,data,27,7,1,16,0,8
309.264742471,3,data,27,3,4,15,0,8
309.754940824,4,beacon,29,4,65535,6,0,8
310.493470961,1,data,27,1,7,17,0,8
310.633247551,4,data,27,1,7,17,1,8
311.363189829,6,beacon,29,6,65535,6,0,7
311.877940882,0,data,27,0,8,14,0,8
312.017717717,4,data,27,0,8,14,1,8
312.144748858,2,data,27,2,5,17,0,8
312.813150705,7,beacon,29,7,65535,6,0,8
314.213289177,6,data,27,6,2,16,0,8
314.353065767,3,data,27,6,2,16,1,8
314.600531278,5,data,27,5,7,21,0,8
314.686673106,8,data,27,8,4,18,0,8
315.285564319,4,data,27,4,2,17,0,8
319.035127545,7,data,27,7,5,17,0,8
319.264742471,3,data,27,3,1,16,0,8
320.493470961,1,data,27,1,5,18,0,8
321.877940882,0,data,27,0,8,15,0,8
322.017717717,4,data,27,0,8,15,1,8
322.144748858,2,data,27,2,8,18,0,8
324.213289177,6,data,27,6,2,17,0,8
324.353065767,3,data,27,6,2,17,1,8
324.600531278,5,data,27,5,7,22,0,8
324.686673106,8,data,27,8,6,19,0,8
325.285564319,4,data,27,4,8,18,0,8
329.035127545,7,data,27,7,0,18,0,8
329.174904135,6,data,27,7,0,18,1,8
329.264742471,3,data,27,3,5,17,0,8
330.493470961,1,data,27,1,6,19,0,8
331.877940882,0,data,27,0,5,16,0,8
332.017717472,1,data,27,0,5,16,1,8
332.144748858,2,data,27,2,6,19,0,8
334.213289177,6,data,27,6,0,18,0,8
334.600531278,5,data,27,5,1,23,0,8
334.686673106,8,data,27,8,5,20,0,8
335.285564319,4,data,27,4,6,19,0,8
339.035127545,7,data,27,7,6,19,0,8
339.264742471,3,data,27,3,6,18,0,8
340.493470961,1,data,27,1,2,20,0,8
341.877940882,0,data,27,0,2,17,0,8
342.017717472,1,data,27,0,2,17,1,8
342.144748858,2,data,27,2,7,20,0,8
344.213289177,6,data,27,6,5,19,0,8
344.353065767,7,data,27,6,5,19,1,8
344.600531278,5,data,27,5,4,24,0,8
344.686673106,8,data,27,8,0,21,0,8
344.826449942,4,data,27,8,0,21,1,8
345.285564319,4,data,27,4,6,20,0,8
349.035127545,7,data,27,7,1,20,0,8
349.264742471,3,data,27,3,8,19,0,8
349.404519791,2,data,27,3,8,19,1,8
350.493470961,1,data,27,1,5,21,0,8
351.877940882,0,data,27,0,2,18,0,8
352.017717472,1,data,27,0,2,18,1,8
352.144748858,2,data,27,2,5,21,0,8
354.213289177,6,data,27,6,0,20,0,8
354.600531278,5,data,27,5,3,25,0,8
354.686673106,8,data,27,8,1,22,0,8
355.285564319,4,data,27,4,8,21,0,8
359.035127545,7,data,27,7,4,21,0,8
359.264742471,3,data,27,3,4,20,0,8
360.493470961,1,data,27,1,0,22,0,8
361.877940882,0,data,27,0,2,19,0,8
362.017717472,1,data,27,0,2,19,1,8
362.144748858,2,data,27,2,7,22,0,8
362.414766730,0,beacon,29,0,65535,7,0,7
362.807546093,1,beacon,29,1,65535,7,0,7
363.595940747,3,beacon,29,3,65535,7,0,7
364.213289177,6,data,27,6,4,21,0,8
364.353065767,7,data,27,6,4,21,1,8
364.600531278,5,data,27,5,6,26,0,8
364.686673106,8,data,27,8,7,23,0,8
365.285564319,4,data,27,4,0,22,0,8
368.473097285,2,beacon,29,2,65535,7,0,7
368.722219627,5,beacon,29,5,65535,7,0,8
368.970359947,8,beacon,29,8,65535,7,0,7
369.035127545,7,data,27,7,5,22,0,8
369.264742471,3,data,27,3,1,21,0,8
369.754940824,4,beacon,29,4,65535,7,0,8
370.493470961,1,data,27,1,5,23,0,8
371.363189829,6,beacon,29,6,65535,7,0,7
371.877940882,0,data,27,0,2,20,0,8
372.144748858,2,data,27,2,3,23,0,8
372.813150705,7,beacon,29,7,65535,7,0,7
374.213289177,6,data,27,6,4,22,0,8
374.353065767,7,data,27,6,4,22,1,8
374.600531278,5,data,27,5,6,27,0,8
374.686673106,8,data,27,8,4,24,0,8
375.285564319,4,data,27,4,1,23,0,8
379.035127545,7,data,27,7,4,23,0,8
379.264742471,3,data,27,3,6,22,0,8
379.404519306,7,data,27,3,6,22,1,8
380.493470961,1,data,27,1,6,24,0,8
381.877940882,0,data,27,0,4,21,0,8
382.144748858,2,data,27,2,7,24,0,8
384.213289177,6,data,27,6,1,23,0,8
384.353065767,3,data,27,6,1,23,1,8
384.600531278,5,data,27,5,3,28,0,8
384.686673106,8,data,27,8,4,25,0,8
385.285564319,4,data,27,4,3,24,0,8
389.035127545,7,data,27,7,3,24,0,8
389.174904135,6,data,27,7,3,24,1,8
389.264742471,3,data,27,3,8,23,0,8
390.493470961,1,data,27,1,4,25,0,8
390.633248142,7,data,27,1,4,25,1,8
391.877940882,0,data,27,0,3,22,0,8
392.144748858,2,data,27,2,7,25,0,8
394.213289177,6,data,27,6,8,24,0,8
394.353065767,7,data,27,6,8,24,1,8
394.600531278,5,data,27,5,2,29,0,8
394.686673106,8,data,27,8,4,26,0,8
395.285564319,4,data,27,4,2,25,0,8
399.035127545,7,data,27,7,2,25,0,8
399.174904135,4,data,27,7,2,25,1,8
399.264742471,3,data,27,3,8,24,0,8
400.493470961,1,data,27,1,3,26,0,8
401.877940882,0,data,27,0,2,23,0,8
402.144748858,2,data,27,2,0,26,0,8
404.213289177,6,data,27,6,2,25,0,8
404.353065767,3,data,27,6,2,25,1,8
404.600531278,5,data,27,5,2,30,0,8
404.686673106,8,data,27,8,0,27,0,8
405.285564319,4,data,27,4,1,26,0,8
409.035127545,7,data,27,7,3,26,0,8
409.174904135,6,data,27,7,3,26,1,8
409.264742471,3,data,27,3,2,25,0,8
410.493470961,1,data,27,1,5,27,0,8
410.633248142,7,data,27,1,5,27,1,8
411.877940882,0,data,27,0,6,24,0,8
412.017717472,3,data,27,0,6,24,1,8
412.144748858,2,data,27,2,7,27,0,8
412.157494307,7,data,27,0,6,24,2,8
414.213289177,6,data,27,6,2,26,0,8
414.353065767,3,data,27,6,2,26,1,8
414.600531278,5,data,27,5,7,31,0,8
414.686673106,8,data,27,8,2,28,0,8
415.285564319,4,data,27,4,3,27,0,8
419.035127545,7,data,27,7,4,27,0,8
419.264742471,3,data,27,3,1,26,0,8
420.493470961,1,data,27,1,8,28,0,8
420.633248142,7,data,27,1,8,28,1,8
421.877940882,0,data,27,0,3,25,0,8
422.144748858,2,data,27,2,5,28,0,8
422.414766730,0,beacon,29,0,65535,8,0,8
422.807546093,1,beacon,29,1,65535,8,0,7
423.595940747,3,beacon,29,3,65535,8,0,7
424.213289177,6,data,27,6,2,27,0,8
424.353065767,3,data,27,6,2,27,1,8
424.600531278,5,data,27,5,6,32,0,8
424.686673106,8,data,27,8,7,29,0,8
425.285564319,4,data,27,4,7,28,0,8
428.473097285,2,beacon,29,2,65535,8,0,7
428.722219627,5,beacon,29,5,65535,8,0,7
428.970359947,8,beacon,29,8,65535,8,0,7
429.035127545,7,data,27,7,2,28,0,8
429.264742471,3,data,27,3,0,27,0,8
429.754940824,4,beacon,29,4,65535,8,0,7
430.493470961,1,data,27,1,3,29,0,8
431.363189829,6,beacon,29,6,65535,8,0,8
431.877940882,0,data,27,0,3,26,0,8
432.144748858,2,data,27,2,4,29,0,8
432.813150705,7,beacon,26,7,65535,8,0,7
434.213289177,6,data,27,6,7,28,0,8
434.600531278,5,data,27,5,2,33,0,8
434.686673106,8,data,27,8,1,30,0,8
435.285564319,4,data,27,4,2,29,0,8
439.035127545,7,data,27,7,5,29,0,8
439.264742471,3,data,27,3,0,28,0,8
440.493470961,1,data,27,1,2,30,0,8
441.877940882,0,data,27,0,8,27,0,8
442.017718063,2,data,27,0,8,27,1,8
442.177974063,2,data,27,2,7,30,0,8
444.213289177,6,data,27,6,0,29,0,8
444.353065767,7,data,27,6,0,29,1,8
444.600531278,5,data,27,5,1,34,0,8
444.686673106,8,data,27,8,2,31,0,8
445.285564319,4,data,27,4,3,30,0,8
449.035127545,7,data,27,7,0,30,0,8
449.264742471,3,data,27,3,6,29,0,8
449.404519306,7,data,27,3,6,29,1,8
450.493470961,1,data,27,1,8,31,0,8
450.633247796,5,data,27,1,8,31,1,8
451.877940882,0,data,27,0,7,28,0,8
452.144748858,2,data,27,2,1,31,0,8
454.213289177,6,data,27,6,7,30,0,8
454.600531278,5,data,27,5,4,35,0,8
454.686673106,8,data,27,8,4,32,0,8
455.285564319,4,data,27,4,1,31,0,8
459.035127545,7,data,27,7,4,31,0,8
459.264742471,3,data,27,3,6,30,0,8
459.404519306,7,data,27,3,6,30,1,8
460.493470961,1,data,27,1,2,32,0,8
461.877940882,0,data,27,0,5,29,0,8
462.017718063,2,data,27,0,5,29,1,8
462.177974063,2,data,27,2,3,32,0,8
464.213289177,6,data,27,6,4,31,0,8
464.600531278,5,data,27,5,6,36,0,8
464.686673106,8,data,27,8,6,33,0,8
465.285564319,4,data,27,4,8,32,0,8
469.035127545,7,data,27,7,1,32,0,8
469.264742471,3,data,27,3,4,31,0,8
470.493470961,1,data,27,1,6,33,0,8
471.877940882,0,data,27,0,3,30,0,8
472.144748858,2,data,27,2,6,33,0,8
472.284525448,1,data,27,2,6,33,1,8
474.213289177,6,data,27,6,3,32,0,8
474.600531278,5,data,27,5,2,37,0,8
474.686673106,8,data,27,8,4,34,0,8
475.285564319,4,data,27,4,2,33,0,8
479.035127545,7,data,27,7,1,33,0,8
479.264742471,3,data,27,3,7,32,0,8
480.493470961,1,data,27,1,4,34,0,8
481.877940882,0,data,27,0,4,31,0,8
482.017717472,3,data,27,0,4,31,1,8
482.144748858,2,data,27,2,5,34,0,8
482.414766730,0,beacon,29,0,65535,9,0,7
482.807546093,1,beacon,29,1,65535,9,0,7
483.595940747,3,beacon,29,3,65535,9,0,7
484.213289177,6,data,27,6,7,33,0,8
484.600531278,5,data,27,5,7,38,0,8
484.686673106,8,data,27,8,2,35,0,8
485.285564319,4,data,27,4,0,34,0,8
488.473097285,2,beacon,29,2,65535,9,0,8
488.722219627,5,beacon,29,5,65535,9,0,7
488.970359947,8,beacon,29,8,65535,9,0,7
489.035127545,7,data,27,7,0,34,0,8
489.264742471,3,data,27,3,2,33,0,8
489.754940824,4,beacon,29,4,65535,9,0,8
490.493470961,1,data,27,1,7,35,0,8
491.363189829,6,beacon,29,6,65535,9,0,7
491.877940882,0,data,27,0,6,32,0,8
492.017717472,1,data,27,0,6,32,1,8
492.144748858,2,data,27,2,0,35,0,8
492.813150705,7,beacon,29,7,65535,9,0,8
494.213289177,6,data,27,6,4,34,0,8
494.600531278,5,data,27,5,0,39,0,8
494.686673106,8,data,27,8,4,36,0,8
495.285564319,4,data,27,4,3,35,0,8
499.035127545,7,data,27,7,0,35,0,8
499.264742471,3,data,27,3,4,34,0,8
500.493470961,1,data,27,1,7,36,0,8
501.877940882,0,data,27,0,1,33,0,8
502.144748858,2,data,27,2,8,36,0,8
502.284525693,4,data,27,2,8,36,1,8
504.213289177,6,data,27,6,2,35,0,8
504.600531278,5,data,27,5,8,40,0,8
504.686673106,8,data,27,8,0,37,0,8
505.285564319,4,data,27,4,8,36,0,8
509.035127545,7,data,27,7,5,36,0,8
509.264742471,3,data,27,3,5,35,0,8
510.493470961,1,data,27,1,5,37,0,8
511.877940882,0,data,27,0,1,34,0,8
512.144748858,2,data,27,2,6,37,0,8
512.284525448,1,data,27,2,6,37,1,8
514.213289177,6,data,27,6,4,36,0,8
514.600531278,5,data,27,5,6,41,0,8
514.686673106,8,data,27,8,4,38,0,8
515.285564319,4,data,27,4,1,37,0,8
519.035127545,7,data,27,7,3,37,0,8
519.264742471,3,data,27,3,5,36,0,8
519.404519306,7,data,27,3,5,36,1,8
520.493470961,1,data,27,1,3,38,0,8
521.877940882,0,data,27,0,4,35,0,8
522.017718202,5,data,27,0,4,35,1,8
522.144748858,2,data,27,2,5,38,0,8
524.213289177,6,data,27,6,7,37,0,8
524.600531278,5,data,27,5,0,42,0,8
524.686673106,8,data,27,8,2,39,0,8
525.285564319,4,data,27,4,2,38,0,8
529.035127545,7,data,27,7,2,38,0,8
529.174904726,1,data,27,7,2,38,1,8
529.264742471,3,data,27,3,6,37,0,8
530.493470961,1,data,27,1,7,39,0,8
531.877940882,0,data,27,0,8,36,0,8
532.144748858,2,data,27,2,3,39,0,8
534.213289177,6,data,27,6,0,38,0,8
534.353065767,7,data,27,6,0,38,1,8
534.600531278,5,data,27,5,2,43,0,8
534.686673106,8,data,27,8,2,40,0,8
535.285564319,4,data,27,4,2,39,0,8
539.035127545,7,data,27,7,0,39,0,8
539.264742471,3,data,27,3,0,38,0,8
540.493470961,1,data,27,1,2,40,0,8
541.877940882,0,data,27,0,3,37,0,8
542.144748858,2,data,27,2,8,40,0,8
542.284525693,4,data,27,2,8,40,1,8
542.414766730,0,beacon,29,0,65535,10,0,7
542.807546093,1,beacon,29,1,65535,10,0,8
543.595940747,3,beacon,29,3,65535,10,0,7
544.213289177,6,data,27,6,1,39,0,8
544.353065767,3,data,27,6,1,39,1,8
544.600531278,5,data,27,5,0,44,0,8
544.686673106,8,data,27,8,0,41,0,8
545.285564319,4,data,27,4,5,40,0,8
545.425340909,7,data,27,4,5,40,1,8
548.473097285,2,beacon,29,2,65535,10,0,7
548.722219627,5,beacon,29,5,65535,10,0,8
548.970359947,8,beacon,29,8,65535,10,0,7
549.035127545,7,data,27,7,5,40,0,8
549.264742471,3,data,27,3,7,39,0,8
549.754940824,4,beacon,29,4,65535,10,0,8
550.493470961,1,data,27,1,0,41,0,8
550.633247551,4,data,27,1,0,41,1,8
551.363189829,6,beacon,29,6,65535,10,0,7
551.877940882,0,data,27,0,3,38,0,8
552.144748858,2,data,27,2,6,41,0,8
552.284525693,4,data,27,2,6,41,1,8
552.813150705,7,beacon,29,7,65535,10,0,8
554.213289177,6,data,27,6,1,40,0,8
554.353065767,3,data,27,6,1,40,1,8
554.600531278,5,data,27,5,8,45,0,8
554.686673106,8,data,27,8,1,42,0,8
555.285564319,4,data,27,4,8,41,0,8
559.035127545,7,data,27,7,1,41,0,8
559.264742471,3,data,27,3,6,40,0,8
560.493470961,1,data,27,1,0,42,0,8
560.633247551,4,data,27,1,0,42,1,8
561.877940882,0,data,27,0,4,39,0,8
562.144748858,2,data,27,2,5,42,0,8
564.213289177,6,data,27,6,1,41,0,8
564.353065767,3,data,27,6,1,41,1,8
564.600531278,5,data,27,5,0,46,0,8
564.686673106,8,data,27,8,4,43,0,8
565.285564319,4,data,27,4,7,42,0,8
569.035127545,7,data,27,7,4,42,0,8
569.264742471,3,data,27,3,8,41,0,8
570.493470961,1,data,27,1,8,43,0,8
570.633247551,4,data,27,1,8,43,1,8
571.877940882,0,data,27,0,2,40,0,8
572.144748858,2,data,27,2,1,43,0,8
572.284525693,4,data,27,2,1,43,1,8
574.213289177,6,data,27,6,3,42,0,8
574.600531278,5,data,27,5,7,47,0,8
574.686673106,8,data,27,8,2,44,0,8
575.285564319,4,data,27,4,7,43,0,8
579.035127545,7,data,27,7,0,43,0,8
579.264742471,3,data,27,3,0,42,0,8
580.493470961,1,data,27,1,4,44,0,8
581.877940882,0,data,27,0,2,41,0,8
582.144748858,2,data,27,2,3,44,0,8
584.213289177,6,data,27,6,3,43,0,8
584.600531278,5,data,27,5,4,48,0,8
584.686673106,8,data,27,8,0,45,0,8
585.285564319,4,data,27,4,1,44,0,8
589.035127545,7,data,27,7,0,44,0,8
589.264742471,3,data,27,3,6,43,0,8
590.493470961,1,data,27,1,6,45,0,8
591.877940882,0,data,27,0,8,42,0,8
592.017717717,4,data,27,0,8,42,1,8
592.144748858,2,data,27,2,1,45,0,8
594.213289177,6,data,27,6,2,44,0,8
594.353066012,4,data,27,6,2,44,1,8
594.600531278,5,data,27,5,3,49,0,8
594.686673106,8,data,27,8,6,46,0,8
595.285564319,4,data,27,4,2,45,0,8
599.035127545,7,data,27,7,1,45,0,8
599.264742471,3,data,27,3,2,44,0,8
600.493470961,1,data,27,1,5,46,0,8
600.633247551,2,data,27,1,5,46,1,8
601.877940882,0,data,27,0,1,43,0,8
602.144748858,2,data,27,2,0,46,0,8
602.284525448,5,data,27,2,0,46,1,8
602.414766730,0,beacon,29,0,65535,11,0,8
602.807546093,1,beacon,29,1,65535,11,0,7
603.595940747,3,beacon,29,3,65535,11,0,7
604.213289177,6,data,27,6,4,45,0,8
604.600531278,5,data,27,5,1,50,0,8
604.686673106,8,data,27,8,2,47,0,8
605.285564319,4,data,27,4,1,46,0,8
608.473097285,2,beacon,29,2,65535,11,0,7
608.722219627,5,beacon,29,5,65535,11,0,7
608.970359947,8,beacon,29,8,65535,11,0,7
609.035127545,7,data,27,7,3,46,0,8
609.264742471,3,data,27,3,7,45,0,8
609.754940824,4,beacon,29,4,65535,11,0,8
610.493470961,1,data,27,1,8,47,0,8
610.633247551,4,data,27,1,8,47,1,8
611.363189829,6,beacon,29,6,65535,11,0,8
611.877940882,0,data,27,0,3,44,0,8
612.144748858,2,data,27,2,3,47,0,8
612.813150705,7,beacon,29,7,65535,11,0,7
614.213289177,6,data,27,6,8,46,0,8
614.353065767,7,data,27,6,8,46,1,8
614.492842357,4,data,27,6,8,46,2,8
614.600531278,5,data,27,5,2,51,0,8
614.686673106,8,data,27,8,6,48,0,8
615.285564319,4,data,27,4,0,47,0,8
619.035127545,7,data,27,7,4,47,0,8
619.264742471,3,data,27,3,1,46,0,8
620.493470961,1,data,27,1,4,48,0,8
621.877940882,0,data,27,0,6,45,0,8
622.144748858,2,data,27,2,5,48,0,8
624.213289177,6,data,27,6,3,47,0,8
624.600531278,5,data,27,5,0,52,0,8
624.686673106,8,data,27,8,7,49,0,8
625.285564319,4,data,27,4,2,48,0,8
629.035127545,7,data,27,7,0,48,0,8
629.264742471,3,data,27,3,6,47,0,8
629.404519306,7,data,27,3,6,47,1,8
630.493470961,1,data,27,1,5,49,0,8
630.633247551,2,data,27,1,5,49,1,8
631.877940882,0,data,27,0,7,46,0,8
632.144748858,2,data,27,2,3,49,0,8
634.213289177,6,data,27,6,2,48,0,8
634.353065767,7,data,27,6,2,48,1,8
634.492842357,4,data,27,6,2,48,2,8
634.600531278,5,data,27,5,6,53,0,8
634.686673106,8,data,27,8,4,50,0,8
635.285564319,4,data,27,4,0,49,0,8
639.035127545,7,data,27,7,0,49,0,8
639.264742471,3,data,27,3,5,48,0,8
639.404519061,4,data,27,3,5,48,1,8
640.493470961,1,data,27,1,4,50,0,8
641.877940882,0,data,27,0,7,47,0,8
642.017718202,5,data,27,0,7,47,1,8
642.144748858,2,data,27,2,0,50,0,8
644.213289177,6,data,27,6,3,49,0,8
644.600531278,5,data,27,5,2,54,0,8
644.686673106,8,data,27,8,3,51,0,8
645.285564319,4,data,27,4,5,50,0,8
649.035127545,7,data,27,7,8,50,0,8
649.174904135,4,data,27,7,8,50,1,8
649.264742471,3,data,27,3,4,49,0,8
650.493470961,1,data,27,1,2,51,0,8
651.877940882,0,data,27,0,5,48,0,8
652.144748858,2,data,27,2,3,51,0,8
654.213289177,6,data,27,6,1,50,0,8
654.353065767,3,data,27,6,1,50,1,8
654.600531278,5,data,27,5,3,55,0,8
654.686673106,8,data,27,8,5,52,0,8
655.285564319,4,data,27,4,3,51,0,8
659.035127545,7,data,27,7,8,51,0,8
659.174904135,4,data,27,7,8,51,1,8
659.264742471,3,data,27,3,2,50,0,8
660.493470961,1,data,27,1,3,52,0,8
661.877940882,0,data,27,0,3,49,0,8
662.144748858,2,data,27,2,5,52,0,8
662.414766730,0,beacon,29,0,65535,12,0,8
662.807546093,1,beacon,29,1,65535,12,0,8
663.595940747,3,beacon,29,3,65535,12,0,8
664.213289177,6,data,27,6,1,51,0,8
664.353065767,3,data,27,6,1,51,1,8
664.600531278,5,data,27,5,8,56,0,8
664.686673106,8,data,27,8,4,53,0,8
665.285564319,4,data,27,4,1,52,0,8
668.473097285,2,beacon,29,2,65535,12,0,7
668.722219627,5,beacon,29,5,65535,12,0,7
668.970359947,8,beacon,29,8,65535,12,0,7
669.035127545,7,data,27,7,0,52,0,8
669.264742471,3,data,27,3,2,51,0,8
669.754940824,4,beacon,29,4,65535,12,0,7
670.493470961,1,data,27,1,2,53,0,8
671.363189829,6,beacon,29,6,65535,12,0,8
671.877940882,0,data,27,0,1,50,0,8
672.144748858,2,data,27,2,4,53,0,8
672.813150705,7,beacon,29,7,65535,12,0,7
674.213289177,6,data,27,6,3,52,0,8
674.600531278,5,data,27,5,8,57,0,8
674.686673106,8,data,27,8,3,54,0,8
675.285564319,4,data,27,4,1,53,0,8
679.035127545,7,data,27,7,6,53,0,8
679.264742471,3,data,27,3,2,52,0,8
680.493470961,1,data,27,1,2,54,0,8
681.877940882,0,data,27,0,1,51,0,8
682.144748858,2,data,27,2,6,54,0,8
682.284525693,4,data,27,2,6,54,1,8
684.213289177,6,data,27,6,5,53,0,8
684.353065767,3,data,27,6,5,53,1,8
684.492842357,4,data,27,6,5,53,2,8
684.600531278,5,data,27,5,1,58,0,8
684.686673106,8,data,27,8,6,55,0,8
685.285564319,4,data,27,4,8,54,0,8
689.035127545,7,data,27,7,1,54,0,8
689.264742471,3,data,27,3,4,53,0,8
690.493470961,1,data,27,1,5,55,0,8
691.877940882,0,data,27,0,5,52,0,8
692.144748858,2,data,27,2,8,55,0,8
694.213289177,6,data,27,6,3,54,0,8
694.600531278,5,data,27,5,6,59,0,8
694.686673106,8,data,27,8,5,56,0,8
695.285564319,4,data,27,4,3,55,0,8
699.035127545,7,data,27,7,8,55,0,8
699.174904135,4,data,27,7,8,55,1,8
699.264742471,3,data,27,3,0,54,0,8
700.493470961,1,data,27,1,3,56,0,8
701.877940882,0,data,27,0,2,53,0,8
702.144748858,2,data,27,2,6,56,0,8
702.284525693,4,data,27,2,6,56,1,8
704.213289177,6,data,27,6,3,55,0,8
704.600531278,5,data,27,5,4,60,0,8
704.686673106,8,data,27,8,4,57,0,8
705.285564319,4,data,27,4,3,56,0,8
709.035127545,7,data,27,7,2,56,0,8
709.174904726,1,data,27,7,2,56,1,8
709.264742471,3,data,27,3,5,55,0,8
710.493470961,1,data,27,1,0,57,0,8
710.633247551,4,data,27,1,0,57,1,8
711.877940882,0,data,27,0,8,54,0,8
712.017717472,3,data,27,0,8,54,1,8
712.144748858,2,data,27,2,7,57,0,8
714.213289177,6,data,27,6,1,56,0,8
714.353065767,3,data,27,6,1,56,1,8
714.492842357,4,data,27,6,1,56,2,8
714.600531278,5,data,27,5,6,61,0,8
714.686673106,8,data,27,8,2,58,0,8
715.285564319,4,data,27,4,2,57,0,8
719.035127545,7,data,27,7,1,57,0,8
719.264742471,3,data,27,3,7,56,0,8
720.493470961,1,data,27,1,2,58,0,8
721.877940882,0,data,27,0,2,55,0,8
722.144748858,2,data,27,2,1,58,0,8
722.414766730,0,beacon,29,0,65535,13,0,7
722.807546093,1,beacon,29,1,65535,13,0,7
723.595940747,3,beacon,29,3,65535,13,0,7
724.213289177,6,data,27,6,1,57,0,8
724.600531278,5,data,27,5,8,62,0,8
724.686673106,8,data,27,8,0,59,0,8
725.285564319,4,data,27,4,0,58,0,8
728.473097285,2,beacon,29,2,65535,13,0,7
728.722219627,5,beacon,29,5,65535,13,0,7
728.970359947,8,beacon,29,8,65535,13,0,7
729.035127545,7,data,27,7,3,58,0,8
729.174904135,4,data,27,7,3,58,1,8
729.264742471,3,data,27,3,4,57,0,8
729.754940824,4,beacon,29,4,65535,13,0,8
730.493470961,1,data,27,1,3,59,0,8
731.363189829,6,beacon,29,6,65535,13,0,8
731.877940882,0,data,27,0,8,56,0,8
732.017717472,3,data,27,0,8,56,1,8
732.144748858,2,data,27,2,6,59,0,8
732.813150705,7,beacon,29,7,65535,13,0,8
734.213289177,6,data,27,6,2,58,0,8
734.353065767,3,data,27,6,2,58,1,8
734.600531278,5,data,27,5,8,63,0,8
734.686673106,8,data,27,8,1,60,0,8
735.285564319,4,data,27,4,2,59,0,8
739.035127545,7,data,27,7,3,59,0,8
739.174904135,4,data,27,7,3,59,1,8
739.264742471,3,data,27,3,2,58,0,8
740.493470961,1,data,27,1,5,60,0,8
741.877940882,0,data,27,0,5,57,0,8
742.144748858,2,data,27,2,7,60,0,8
744.213289177,6,data,27,6,7,59,0,8
744.600531278,5,data,27,5,8,64,0,8
744.686673106,8,data,27,8,4,61,0,8
745.285564319,4,data,27,4,0,60,0,8
749.035127545,7,data,27,7,4,60,0,8
749.264742471,3,data,27,3,7,59,0,8
750.493470961,1,data,27,1,6,61,0,8
751.877940882,0,data,27,0,6,58,0,8
752.017717717,4,data,27,0,6,58,1,8
752.144748858,2,data,27,2,0,61,0,8
754.213289177,6,data,27,6,5,60,0,8
754.600531278,5,data,27,5,2,65,0,8
754.686673106,8,data,27,8,7,62,0,8
755.285564319,4,data,27,4,2,61,0,8
759.035127545,7,data,27,7,5,61,0,8
759.174904135,6,data,27,7,5,61,1,8
759.264742471,3,data,27,3,6,60,0,8
760.493470961,1,data,27,1,5,62,0,8
761.877940882,0,data,27,0,6,59,0,8
762.017717717,4,data,27,0,6,59,1,8
762.144748858,2,data,27,2,0,62,0,8
764.213289177,6,data,27,6,8,61,0,8
764.600531278,5,data,27,5,6,66,0,8
764.686673106,8,data,27,8,7,63,0,8
765.285564319,4,data,27,4,6,62,0,8
769.035127545,7,data,27,7,6,62,0,8
769.264742471,3,data,27,3,8,61,0,8
770.493470961,1,data,27,1,7,63,0,8
771.877940882,0,data,27,0,5,60,0,8
772.144748858,2,data,27,2,7,63,0,8
774.213289177,6,data,27,6,5,62,0,8
774.600531278,5,data,27,5,6,67,0,8
774.686673106,8,data,27,8,0,64,0,8
775.285564319,4,data,27,4,8,63,0,8
779.035127545,7,data,27,7,5,63,0,8
779.174904135,6,data,27,7,5,63,1,8
779.264742471,3,data,27,3,2,62,0,8
780.493470961,1,data,27,1,3,64,0,8
781.877940882,0,data,27,0,7,61,0,8
782.144748858,2,data,27,2,8,64,0,8
782.414766730,0,beacon,29,0,65535,14,0,7
782.807546093,1,beacon,29,1,65535,14,0,7
783.595940747,3,beacon,29,3,65535,14,0,7
784.213289177,6,data,27,6,1,63,0,8
784.353065767,7,data,27,6,1,63,1,8
784.600531278,5,data,27,5,2,68,0,8
784.686673106,8,data,27,8,3,65,0,8
785.285564319,4,data,27,4,1,64,0,8
785.425340909,5,data,27,4,1,64,1,8
788.473097285,2,beacon,29,2,65535,14,0,7
788.722219627,5,beacon,29,5,65535,14,0,7
788.970359947,8,beacon,29,8,65535,14,0,7
789.035127545,7,data,27,7,6,64,0,8
789.264742471,3,data,27,3,5,63,0,8
789.404519061,4,data,27,3,5,63,1,8
789.754940824,4,beacon,29,4,65535,14,0,8
790.493470961,1,data,27,1,2,65,0,8
791.363189829,6,beacon,29,6,65535,14,0,8
791.877940882,0,data,27,0,8,62,0,8
792.017717472,3,data,27,0,8,62,1,8
792.144748858,2,data,27,2,4,65,0,8
792.813150705,7,beacon,29,7,65535,14,0,7
794.213289177,6,data,27,6,4,64,0,8
794.353065767,7,data,27,6,4,64,1,8
794.600531278,5,data,27,5,6,69,0,8
794.686673106,8,data,27,8,4,66,0,8
795.285564319,4,data,27,4,8,65,0,8
799.035127545,7,data,27,7,8,65,0,8
799.174904380,5,data,27,7,8,65,1,8
799.264742471,3,data,27,3,1,64,0,8
799.404519306,7,data,27,3,1,64,1,8
800.493470961,1,data,27,1,7,66,0,8
801.877940882,0,data,27,0,4,63,0,8
802.144748858,2,data,27,2,5,66,0,8
804.213289177,6,data,27,6,7,65,0,8
804.600531278,5,data,27,5,3,70,0,8
804.686673106,8,data,27,8,4,67,0,8
805.285564319,4,data,27,4,1,66,0,8
805.425340909,7,data,27,4,1,66,1,8
809.035127545,7,data,27,7,2,66,0,8
809.264742471,3,data,27,3,2,65,0,8
810.493470961,1,data,27,1,7,67,0,8
811.877940882,0,data,27,0,3,64,0,8
812.144748858,2,data,27,2,4,67,0,8
814.213289177,6,data,27,6,5,66,0,8
814.600531278,5,data,27,5,6,71,0,8
814.686673106,8,data,27,8,1,68,0,8
815.285564319,4,data,27,4,5,67,0,8
819.035127545,7,data,27,7,4,67,0,8
819.264742471,3,data,27,3,6,66,0,8
820.493470961,1,data,27,1,0,68,0,8
821.877940882,0,data,27,0,6,65,0,8
822.144748858,2,data,27,2,0,68,0,8
822.284525448,1,data,27,2,0,68,1,8
824.213289177,6,data,27,6,3,67,0,8
824.600531278,5,data,27,5,7,72,0,8
824.686673106,8,data,27,8,4,69,0,8
825.285564319,4,data,27,4,2,68,0,8
829.035127545,7,data,27,7,3,68,0,8
829.174904135,4,data,27,7,3,68,1,8
829.264742471,3,data,27,3,5,67,0,8
829.404519061,6,data,27,3,5,67,1,8
830.493470961,1,data,27,1,0,69,0,8
831.877940882,0,data,27,0,2,66,0,8
832.144748858,2,data,27,2,1,69,0,8
834.213289177,6,data,27,6,8,68,0,8
834.353066497,5,data,27,6,8,68,1,8
834.600531278,5,data,27,5,4,73,0,8
834.686673106,8,data,27,8,1,70,0,8
835.285564319,4,data,27,4,3,69,0,8
839.035127545,7,data,27,7,6,69,0,8
839.264742471,3,data,27,3,2,68,0,8
839.404519061,0,data,27,3,2,68,1,8
840.493470961,1,data,27,1,2,70,0,8
841.877940882,0,data,27,0,2,67,0,8
842.144748858,2,data,27,2,7,70,0,8
842.414766730,0,beacon,29,0,65535,15,0,7
842.807546093,1,beacon,29,1,65535,15,0,7
843.595940747,3,beacon,29,3,65535,15,0,7
844.213289177,6,data,27,6,3,69,0,8
844.600531278,5,data,27,5,6,74,0,8
844.686673106,8,data,27,8,1,71,0,8
845.285564319,4,data,27,4,2,70,0,8
848.473097285,2,beacon,29,2,65535,15,0,8
848.722219627,5,beacon,29,5,65535,15,0,7
848.970359947,8,beacon,29,8,65535,15,0,7
849.035127545,7,data,27,7,2,70,0,8
849.174904865,0,data,27,7,2,70,1,8
849.264742471,3,data,27,3,7,69,0,8
849.754940824,4,beacon,29,4,65535,15,0,7
850.493470961,1,data,27,1,2,71,0,8
851.363189829,6,beacon,29,6,65535,15,0,8
851.877940882,0,data,27,0,8,68,0,8
852.017717717,4,data,27,0,8,68,1,8
852.144748858,2,data,27,2,8,71,0,8
852.813150705,7,beacon,29,7,65535,15,0,7
854.213289177,6,data,27,6,7,70,0,8
854.600531278,5,data,27,5,0,75,0,8
854.686673106,8,data,27,8,2,72,0,8
855.285564319,4,data,27,4,3,71,0,8
859.035127545,7,data,27,7,5,71,0,8
859.264742471,3,data,27,3,6,70,0,8
860.493470961,1,data,27,1,4,72,0,8
861.877940882,0,data,27,0,2,69,0,8
862.144748858,2,data,27,2,5,72,0,8
864.213289177,6,data,27,6,7,71,0,8
864.600531278,5,data,27,5,2,76,0,8
864.686673106,8,data,27,8,6,73,0,8
865.285564319,4,data,27,4,5,72,0,8
869.035127545,7,data,27,7,0,72,0,8
869.264742471,3,data,27,3,6,71,0,8
870.493470961,1,data,27,1,2,73,0,8
871.877940882,0,data,27,0,8,70,0,8
872.017717717,4,data,27,0,8,70,1,8
872.144748858,2,data,27,2,3,73,0,8
874.213289177,6,data,27,6,2,72,0,8
874.353065767,3,data,27,6,2,72,1,8
874.492842357,0,data,27,6,2,72,2,8
874.600531278,5,data,27,5,8,77,0,8
874.686673106,8,data,27,8,4,74,0,8
875.285564319,4,data,27,4,3,73,0,8
879.035127545,7,data,27,7,5,73,0,8
879.264742471,3,data,27,3,4,72,0,8
879.404519061,0,data,27,3,4,72,1,8
880.493470961,1,data,27,1,8,74,0,8
880.633247551,4,data,27,1,8,74,1,8
881.877940882,0,data,27,0,5,71,0,8
882.144748858,2,data,27,2,7,74,0,8
884.213289177,6,data,27,6,8,73,0,8
884.353066497,5,data,27,6,8,73,1,8
884.600531278,5,data,27,5,1,78,0,8
884.686673106,8,data,27,8,6,75,0,8
885.285564319,4,data,27,4,7,74,0,8
889.035127545,7,data,27,7,0,74,0,8
889.264742471,3,data,27,3,4,73,0,8
889.404519061,0,data,27,3,4,73,1,8
890.493470961,1,data,27,1,2,75,0,8
891.877940882,0,data,27,0,5,72,0,8
892.144748858,2,data,27,2,6,75,0,8
892.284525693,4,data,27,2,6,75,1,8
894.213289177,6,data,27,6,3,74,0,8
894.600531278,5,data,27,5,0,79,0,8
894.686673106,8,data,27,8,7,76,0,8
895.285564319,4,data,27,4,3,75,0,8
899.035127545,7,data,27,7,5,75,0,8
899.264742471,3,data,27,3,6,74,0,8
900.493470961,1,data,27,1,3,76,0,8
901.877940882,0,data,27,0,6,73,0,8
902.017717472,3,data,27,0,6,73,1,8
902.144748858,2,data,27,2,0,76,0,8
902.284525448,1,data,27,2,0,76,1,8
902.414766730,0,beacon,29,0,65535,16,0,7
902.807546093,1,beacon,29,1,65535,16,0,8
903.595940747,3,beacon,29,3,65535,16,0,7
904.213289177,6,data,27,6,5,75,0,8
904.600531278,5,data,27,5,0,80,0,8
904.686673106,8,data,27,8,0,77,0,8
905.285564319,4,data,27,4,8,76,0,8
908.473097285,2,beacon,29,2,65535,16,0,7
908.722219627,5,beacon,29,5,65535,16,0,8
908.970359947,8,beacon,29,8,65535,16,0,7
909.035127545,7,data,27,7,1,76,0,8
909.264742471,3,data,27,3,8,75,0,8
909.754940824,4,beacon,29,4,65535,16,0,7
910.493470961,1,data,27,1,0,77,0,8
911.363189829,6,beacon,29,6,65535,16,0,7
911.877940882,0,data,27,0,3,74,0,8
912.144748858,2,data,27,2,1,77,0,8
912.813150705,7,beacon,29,7,65535,16,0,7
914.213289177,6,data,27,6,1,76,0,8
914.600531278,5,data,27,5,7,81,0,8
914.686673106,8,data,27,8,3,78,0,8
915.285564319,4,data,27,4,8,77,0,8
919.035127545,7,data,27,7,3,77,0,8
919.264742471,3,data,27,3,5,76,0,8
919.404519061,4,data,27,3,5,76,1,8
920.493470961,1,data,27,1,7,78,0,8
921.877940882,0,data,27,0,2,75,0,8
922.144748858,2,data,27,2,0,78,0,8
922.284525448,1,data,27,2,0,78,1,8
924.213289177,6,data,27,6,7,77,0,8
924.600531278,5,data,27,5,6,82,0,8
924.686673106,8,data,27,8,3,79,0,8
925.285564319,4,data,27,4,3,78,0,8
929.035127545,7,data,27,7,8,78,0,8
929.174904135,4,data,27,7,8,78,1,8
929.264742471,3,data,27,3,1,77,0,8
930.493470961,1,data,27,1,4,79,0,8
931.877940882,0,data,27,0,5,76,0,8
932.144748858,2,data,27,2,4,79,0,8
934.213289177,6,data,27,6,5,78,0,8
934.600531278,5,data,27,5,1,83,0,8
934.686673106,8,data,27,8,6,80,0,8
935.285564319,4,data,27,4,0,79,0,8
939.035127545,7,data,27,7,4,79,0,8
939.264742471,3,data,27,3,8,78,0,8
940.493470961,1,data,27,1,7,80,0,8
941.877940882,0,data,27,0,7,77,0,8
942.017717472,3,data,27,0,7,77,1,8
942.144748858,2,data,27,2,1,80,0,8
944.213289177,6,data,27,6,3,79,0,8
944.600531278,5,data,27,5,2,84,0,8
944.686673106,8,data,27,8,0,81,0,8
945.285564319,4,data,27,4,6,80,0,8
949.035127545,7,data,27,7,4,80,0,8
949.264742471,3,data,27,3,7,79,0,8
950.493470961,1,data,27,1,8,81,0,8
950.633247551,4,data,27,1,8,81,1,8
951.877940882,0,data,27,0,7,78,0,8
952.017717472,3,data,27,0,7,78,1,8
952.144748858,2,data,27,2,4,81,0,8
954.213289177,6,data,27,6,3,80,0,8
954.600531278,5,data,27,5,3,85,0,8
954.686673106,8,data,27,8,2,82,0,8
955.285564319,4,data,27,4,1,81,0,8
959.035127545,7,data,27,7,4,81,0,8
959.264742471,3,data,27,3,7,80,0,8
960.493470961,1,data,27,1,0,82,0,8
961.877940882,0,data,27,0,4,79,0,8
962.144748858,2,data,27,2,5,82,0,8
962.414766730,0,beacon,29,0,65535,17,0,8
962.807546093,1,beacon,29,1,65535,17,0,8
963.595940747,3,beacon,29,3,65535,17,0,7
964.213289177,6,data,27,6,8,81,0,8
964.353065767,7,data,27,6,8,81,1,8
964.492842357,4,data,27,6,8,81,2,8
964.600531278,5,data,27,5,1,86,0,8
964.686673106,8,data,27,8,5,83,0,8
965.285564319,4,data,27,4,3,82,0,8
968.473097285,2,beacon,29,2,65535,17,0,7
968.722219627,5,beacon,29,5,65535,17,0,7
968.970359947,8,beacon,29,8,65535,17,0,8
969.035127545,7,data,27,7,3,82,0,8
969.264742471,3,data,27,3,5,81,0,8
969.404519061,0,data,27,3,5,81,1,8
969.754940824,4,beacon,29,4,65535,17,0,7
970.493470961,1,data,27,1,7,83,0,8
971.363189829,6,beacon,29,6,65535,17,0,7
971.877940882,0,data,27,0,1,80,0,8
972.144748858,2,data,27,2,1,83,0,8
972.813150705,7,beacon,29,7,65535,17,0,8
974.213289177,6,data,27,6,0,82,0,8
974.600531278,5,data,27,5,0,87,0,8
974.686673106,8,data,27,8,6,84,0,8
975.285564319,4,data,27,4,7,83,0,8
979.035127545,7,data,27,7,5,83,0,8
979.264742471,3,data,27,3,1,82,0,8
980.493470961,1,data,27,1,3,84,0,8
981.877940882,0,data,27,0,2,81,0,8
982.144748858,2,data,27,2,6,84,0,8
982.284526039,8,data,27,2,6,84,1,8
984.213289177,6,data,27,6,0,83,0,8
984.600531278,5,data,27,5,2,88,0,8
984.686673106,8,data,27,8,0,85,0,8
985.285564319,4,data,27,4,0,84,0,8
985.425340909,7,data,27,4,0,84,1,8
989.035127545,7,data,27,7,0,84,0,8
989.264742471,3,data,27,3,5,83,0,8
989.404519061,0,data,27,3,5,83,1,8
990.493470961,1,data,27,1,2,85,0,8
991.877940882,0,data,27,0,3,82,0,8
992.144748858,2,data,27,2,3,85,0,8
992.284526039,8,data,27,2,3,85,1,8
994.213289177,6,data,27,6,3,84,0,8
994.600531278,5,data,27,5,4,89,0,8
994.686673106,8,data,27,8,3,86,0,8
995.285564319,4,data,27,4,0,85,0,8
995.425340909,7,data,27,4,0,85,1,8
999.035127545,7,data,27,7,3,85,0,8
999.264742471,3,data,27,3,7,84,0,8
1000.493470961,1,data,27,1,0,86,0,8
1000.633247796,3,data,27,1,0,86,1,8
1001.877940882,0,data,27,0,4,83,0,8
1002.144748858,2,data,27,2,1,86,0,8
1004.213289177,6,data,27,6,8,85,0,8
1004.353065767,7,data,27,6,8,85,1,8
1004.492842357,4,data,27,6,8,85,2,8
1004.600531278,5,data,27,5,0,90,0,8
1004.686673106,8,data,27,8,3,87,0,8
1005.285564319,4,data,27,4,5,86,0,8
1009.035127545,7,data,27,7,4,86,0,8
1009.264742471,3,data,27,3,6,85,0,8
1010.493470961,1,data,27,1,5,87,0,8
1010.633247551,4,data,27,1,5,87,1,8
1011.877940882,0,data,27,0,1,84,0,8
1012.144748858,2,data,27,2,3,87,0,8
1014.213289177,6,data,27,6,1,86,0,8
1014.353065767,7,data,27,6,1,86,1,8
1014.600531278,5,data,27,5,3,91,0,8
1014.686673106,8,data,27,8,3,88,0,8
1015.285564319,4,data,27,4,1,87,0,8
1015.425340909,7,data,27,4,1,87,1,8
1019.035127545,7,data,27,7,8,87,0,8
1019.174904135,4,data,27,7,8,87,1,8
1019.264742471,3,data,27,3,7,86,0,8
1020.493470961,1,data,27,1,2,88,0,8
1021.877940882,0,data,27,0,4,85,0,8
1022.144748858,2,data,27,2,6,88,0,8
1022.284526039,8,data,27,2,6,88,1,8
1022.414766730,0,beacon,29,0,65535,18,0,7
1022.807546093,1,beacon,29,1,65535,18,0,8
1023.595940747,3,beacon,29,3,65535,18,0,8
1024.213289177,6,data,27,6,3,87,0,8
1024.600531278,5,data,27,5,6,92,0,8
1024.686673106,8,data,27,8,4,89,0,8
1025.285564319,4,data,27,4,1,88,0,8
1028.473097285,2,beacon,29,2,65535,18,0,7
1028.722219627,5,beacon,29,5,65535,18,0,7
1028.970359947,8,beacon,29,8,65535,18,0,7
1029.035127545,7,data,27,7,4,88,0,8
1029.264742471,3,data,27,3,0,87,0,8
1029.754940824,4,beacon,29,4,65535,18,0,7
1030.493470961,1,data,27,1,4,89,0,8
1031.363189829,6,beacon,29,6,65535,18,0,7
1031.877940882,0,data,27,0,3,86,0,8
1032.144748858,2,data,27,2,0,89,0,8
1032.284525448,5,data,27,2,0,89,1,8
1032.813150705,7,beacon,29,7,65535,18,0,7
1034.213289177,6,data,27,6,1,88,0,8
1034.353065767,7,data,27,6,1,88,1,8
1034.600531278,5,data,27,5,4,93,0,8
1034.686673106,8,data,27,8,6,90,0,8
1035.285564319,4,data,27,4,2,89,0,8
1039.035127545,7,data,27,7,6,89,0,8
1039.264742471,3,data,27,3,8,88,0,8
1040.493470961,1,data,27,1,4,90,0,8
1041.877940882,0,data,27,0,2,87,0,8
1042.144748858,2,data,27,2,8,90,0,8
1044.213289177,6,data,27,6,1,89,0,8
1044.353065767,7,data,27,6,1,89,1,8
1044.600531278,5,data,27,5,6,94,0,8
1044.686673106,8,data,27,8,3,91,0,8
1045.285564319,4,data,27,4,5,90,0,8
1049.035127545,7,data,27,7,1,90,0,8
1049.264742471,3,data,27,3,7,89,0,8
1050.493470961,1,data,27,1,8,91,0,8
1050.633247551,4,data,27,1,8,91,1,8
1051.877940882,0,data,27,0,3,88,0,8
1052.144748858,2,data,27,2,6,91,0,8
1052.284526039,8,data,27,2,6,91,1,8
1054.213289177,6,data,27,6,7,90,0,8
1054.600531278,5,data,27,5,2,95,0,8
1054.686673106,8,data,27,8,2,92,0,8
1055.285564319,4,data,27,4,6,91,0,8
1059.035127545,7,data,27,7,1,91,0,8
1059.264742471,3,data,27,3,0,90,0,8
1060.493470961,1,data,27,1,2,92,0,8
1061.877940882,0,data,27,0,1,89,0,8
1062.017717717,4,data,27,0,1,89,1,8
1062.144748858,2,data,27,2,5,92,0,8
1064.213289177,6,data,27,6,0,91,0,8
1064.600531278,5,data,27,5,8,96,0,8
1064.686673106,8,data,27,8,2,93,0,8
1065.285564319,4,data,27,4,1,92,0,8
1069.035127545,7,data,27,7,6,92,0,8
1069.264742471,3,data,27,3,8,91,0,8
1070.493470961,1,data,27,1,4,93,0,8
1071.877940882,0,data,27,0,7,90,0,8
1072.144748858,2,data,27,2,1,93,0,8
1074.213289177,6,data,27,6,2,92,0,8
1074.600531278,5,data,27,5,8,97,0,8
1074.686673106,8,data,27,8,4,94,0,8
1075.285564319,4,data,27,4,6,93,0,8
1079.035127545,7,data,27,7,6,93,0,8
1079.264742471,3,data,27,3,8,92,0,8
1080.493470961,1,data,27,1,4,94,0,8
1081.877940882,0,data,27,0,4,91,0,8
1082.144748858,2,data,27,2,5,94,0,8
1082.414766730,0,beacon,29,0,65535,19,0,7
1082.807546093,1,beacon,29,1,65535,19,0,7
1083.595940747,3,beacon,29,3,65535,19,0,7
1084.213289177,6,data,27,6,7,93,0,8
1084.600531278,5,data,27,5,8,98,0,8
1084.686673106,8,data,27,8,6,95,0,8
1085.285564319,4,data,27,4,3,94,0,8
1088.473097285,2,beacon,29,2,65535,19,0,8
1088.722219627,5,beacon,29,5,65535,19,0,8
1088.970359947,8,beacon,29,8,65535,19,0,8
1089.035127545,7,data,27,7,1,94,0,8
1089.264742471,3,data,27,3,1,93,0,8
1089.754940824,4,beacon,29,4,65535,19,0,7
1090.493470961,1,data,27,1,2,95,0,8
1091.363189829,6,beacon,29,6,65535,19,0,7
1091.877940882,0,data,27,0,4,92,0,8
1092.144748858,2,data,27,2,3,95,0,8
1092.284525448,1,data,27,2,3,95,1,8
1092.813150705,7,beacon,29,7,65535,19,0,8
1094.213289177,6,data,27,6,1,94,0,8
1094.353065767,7,data,27,6,1,94,1,8
1094.600531278,5,data,27,5,4,99,0,8
1094.686673106,8,data,27,8,6,96,0,8
1095.285564319,4,data,27,4,3,95,0,8
1099.035127545,7,data,27,7,3,95,0,8
1099.174904135,6,data,27,7,3,95,1,8
1099.264742471,3,data,27,3,7,94,0,8
1100.493470961,1,data,27,1,4,96,0,8
1101.877940882,0,data,27,0,7,93,0,8
1102.017717717,4,data,27,0,7,93,1,8
1102.144748858,2,data,27,2,8,96,0,8
1104.213289177,6,data,27,6,7,95,0,8
1104.600531278,5,data,27,5,0,100,0,8
1104.686673106,8,data,27,8,6,97,0,8
1105.285564319,4,data,27,4,3,96,0,8
1109.035127545,7,data,27,7,1,96,0,8
1109.264742471,3,data,27,3,7,95,0,8
1110.493470961,1,data,27,1,6,97,0,8
1110.633247796,5,data,27,1,6,97,1,8
1111.877940882,0,data,27,0,6,94,0,8
1112.017717717,4,data,27,0,6,94,1,8
1112.144748858,2,data,27,2,3,97,0,8
1114.213289177,6,data,27,6,3,96,0,8
1114.600531278,5,data,27,5,2,101,0,8
1114.686673106,8,data,27,8,5,98,0,8
1115.285564319,4,data,27,4,5,97,0,8
1119.035127545,7,data,27,7,6,97,0,8
1119.264742471,3,data,27,3,4,96,0,8
1120.493470961,1,data,27,1,0,98,0,8
1121.877940882,0,data,27,0,5,95,0,8
1122.144748858,2,data,27,2,1,98,0,8
1124.213289177,6,data,27,6,8,97,0,8
1124.353065767,7,data,27,6,8,97,1,8
1124.492842357,4,data,27,6,8,97,2,8
1124.600531278,5,data,27,5,2,102,0,8
1124.686673106,8,data,27,8,6,99,0,8
1125.285564319,4,data,27,4,8,98,0,8
1129.035127545,7,data,27,7,5,98,0,8
1129.264742471,3,data,27,3,1,97,0,8
1130.493470961,1,data,27,1,0,99,0,8
1131.877940882,0,data,27,0,6,96,0,8
1132.017717717,4,data,27,0,6,96,1,8
1132.144748858,2,data,27,2,6,99,0,8
1134.213289177,6,data,27,6,3,98,0,8
1134.600531278,5,data,27,5,8,103,0,8
1134.686673106,8,data,27,8,5,100,0,8
1135.285564319,4,data,27,4,8,99,0,8
1139.035127545,7,data,27,7,3,99,0,8
1139.174904135,6,data,27,7,3,99,1,8
1139.264742471,3,data,27,3,6,98,0,8
1140.493470961,1,data,27,1,3,100,0,8
1141.877940882,0,data,27,0,5,97,0,8
1142.144748858,2,data,27,2,7,100,0,8
1142.414766730,0,beacon,29,0,65535,20,0,8
1142.807546093,1,beacon,29,1,65535,20,0,7
1143.595940747,3,beacon,29,3,65535,20,0,7
1144.213289177,6,data,27,6,0,99,0,8
1144.600531278,5,data,27,5,8,104,0,8
1144.686673106,8,data,27,8,2,101,0,8
1144.826449698,7,data,27,8,2,101,1,8
1144.966226288,6,data,27,8,2,101,2,8
1145.285564319,4,data,27,4,2,100,0,8
1145.425340909,1,data,27,4,2,100,1,8
1148.473097285,2,beacon,29,2,65535,20,0,7
1148.722219627,5,beacon,29,5,65535,20,0,7
1148.970359947,8,beacon,29,8,65535,20,0,8
1149.035127545,7,data,27,7,5,100,0,8
1149.264742471,3,data,27,3,5,99,0,8
1149.754940824,4,beacon,29,4,65535,20,0,7
1150.493470961,1,data,27,1,4,101,0,8
1151.363189829,6,beacon,29,6,65535,20,0,7
1151.877940882,0,data,27,0,2,98,0,8
1152.017717472,1,data,27,0,2,98,1,8
1152.144748858,2,data,27,2,3,101,0,8
1152.813150705,7,beacon,29,7,65535,20,0,7
1154.213289177,6,data,27,6,1,100,0,8
1154.600531278,5,data,27,5,2,105,0,8
1154.686673106,8,data,27,8,7,102,0,8
1155.285564319,4,data,27,4,2,101,0,8
1155.425340909,5,data,27,4,2,101,1,8
1159.035127545,7,data,27,7,4,101,0,8
1159.264742471,3,data,27,3,1,100,0,8
1160.493470961,1,data,27,1,7,102,0,8
1160.633247551,4,data,27,1,7,102,1,8
1161.877940882,0,data,27,0,3,99,0,8
1162.144748858,2,data,27,2,8,102,0,8
1164.213289177,6,data,27,6,5,101,0,8
1164.353065767,3,data,27,6,5,101,1,8
1164.600531278,5,data,27,5,1,106,0,8
1164.686673106,8,data,27,8,6,103,0,8
1165.285564319,4,data,27,4,5,102,0,8
1169.035127545,7,data,27,7,1,102,0,8
1169.264742471,3,data,27,3,8,101,0,8
1169.404519061,4,data,27,3,8,101,1,8
1170.493470961,1,data,27,1,3,103,0,8
1171.877940882,0,data,27,0,1,100,0,8
1172.144748858,2,data,27,2,1,103,0,8
1174.213289177,6,data,27,6,1,102,0,8
1174.600531278,5,data,27,5,7,107,0,8
1174.686673106,8,data,27,8,6,104,0,8
1175.285564319,4,data,27,4,1,103,0,8
1179.035127545,7,data,27,7,4,103,0,8
1179.264742471,3,data,27,3,1,102,0,8
1180.493470961,1,data,27,1,8,104,0,8
1180.633247551,4,data,27,1,8,104,1,8
1181.877940882,0,data,27,0,5,101,0,8
1182.017717472,1,data,27,0,5,101,1,8
1182.144748858,2,data,27,2,7,104,0,8
1184.213289177,6,data,27,6,3,103,0,8
1184.600531278,5,data,27,5,4,108,0,8
1184.686673106,8,data,27,8,6,105,0,8
1185.285564319,4,data,27,4,6,104,0,8
1185.425340909,7,data,27,4,6,104,1,8
1189.035127545,7,data,27,7,0,104,0,8
1189.264742471,3,data,27,3,7,103,0,8
1190.493470961,1,data,27,1,6,105,0,8
1190.633247796,3,data,27,1,6,105,1,8
1191.877940882,0,data,27,0,8,102,0,8
1192.017717472,3,data,27,0,8,102,1,8
1192.144748858,2,data,27,2,5,105,0,8
1194.213289177,6,data,27,6,8,104,0,8
1194.353065767,3,data,27,6,8,104,1,8
1194.492842357,4,data,27,6,8,104,2,8
1194.600531278,5,data,27,5,3,109,0,8
1194.686673106,8,data,27,8,6,106,0,8
1195.285564319,4,data,27,4,8,105,0,8
1199.035127545,7,data,27,7,3,105,0,8
1199.174904135,4,data,27,7,3,105,1,8
1199.264742471,3,data,27,3,7,104,0,8
1200.493470961,1,data,27,1,0,106,0,8
1200.633247796,3,data,27,1,0,106,1,8
1201.877940882,0,data,27,0,5,103,0,8
1202.017717472,1,data,27,0,5,103,1,8
1202.144748858,2,data,27,2,1,106,0,8
1202.414766730,0,beacon,29,0,65535,21,0,7
1202.807546093,1,beacon,29,1,65535,21,0,7
1203.595940747,3,beacon,29,3,65535,21,0,7
1204.213289177,6,data,27,6,0,105,0,8
1204.600531278,5,data,27,5,1,110,0,8
1204.686673106,8,data,27,8,1,107,0,8
1205.285564319,4,data,27,4,7,106,0,8
1208.473097285,2,beacon,29,2,65535,21,0,7
1208.722219627,5,beacon,29,5,65535,21,0,8
1208.970359947,8,beacon,29,8,65535,21,0,7
1209.035127545,7,data,27,7,4,106,0,8
1209.264742471,3,data,27,3,1,105,0,8
1209.754940824,4,beacon,29,4,65535,21,0,8
1210.493470961,1,data,27,1,2,107,0,8
1211.363189829,6,beacon,29,6,65535,21,0,7
1211.877940882,0,data,27,0,3,104,0,8
1212.144748858,2,data,27,2,7,107,0,8
1212.813150705,7,beacon,29,7,65535,21,0,7
1214.213289177,6,data,27,6,5,106,0,8
1214.353065767,3,data,27,6,5,106,1,8
1214.600531278,5,data,27,5,8,111,0,8
1214.686673106,8,data,27,8,6,108,0,8
1215.285564319,4,data,27,4,6,107,0,8
1215.425340909,3,data,27,4,6,107,1,8
1219.035127545,7,data,27,7,3,107,0,8
1219.264742471,3,data,27,3,4,106,0,8
1220.493470961,1,data,27,1,3,108,0,8
1221.877940882,0,data,27,0,3,105,0,8
1222.144748858,2,data,27,2,3,108,0,8
1224.213289177,6,data,27,6,1,107,0,8
1224.600531278,5,data,27,5,7,112,0,8
1224.686673106,8,data,27,8,5,109,0,8
1225.285564319,4,data,27,4,6,108,0,8
1225.425340909,3,data,27,4,6,108,1,8
1229.035127545,7,data,27,7,4,108,0,8
1229.264742471,3,data,27,3,0,107,0,8
1230.493470961,1,data,27,1,5,109,0,8
1231.877940882,0,data,27,0,7,106,0,8
1232.017717472,3,data,27,0,7,106,1,8
1232.144748858,2,data,27,2,7,109,0,8
1234.213289177,6,data,27,6,2,108,0,8
1234.600531278,5,data,27,5,8,113,0,8
1234.686673106,8,data,27,8,7,110,0,8
1235.285564319,4,data,27,4,5,109,0,8
1235.425341155,8,data,27,4,5,109,1,8
1239.035127545,7,data,27,7,2,109,0,8
1239.174904135,6,data,27,7,2,109,1,8
1239.264742471,3,data,27,3,0,108,0,8
1240.493470961,1,data,27,1,7,110,0,8
1240.633247551,2,data,27,1,7,110,1,8
1241.877940882,0,data,27,0,6,107,0,8
1242.017717472,3,data,27,0,6,107,1,8
1242.144748858,2,data,27,2,4,110,0,8
1244.213289177,6,data,27,6,3,109,0,8
1244.600531278,5,data,27,5,3,114,0,8
1244.686673106,8,data,27,8,7,111,0,8
1245.285564319,4,data,27,4,5,110,0,8
1245.425341155,8,data,27,4,5,110,1,8
1249.035127545,7,data,27,7,5,110,0,8
1249.264742471,3,data,27,3,7,109,0,8
1250.493470961,1,data,27,1,4,111,0,8
1251.877940882,0,data,27,0,4,108,0,8
1252.144748858,2,data,27,2,4,111,0,8
1254.213289177,6,data,27,6,3,110,0,8
1254.600531278,5,data,27,5,1,115,0,8
1254.686673106,8,data,27,8,3,112,0,8
1255.285564319,4,data,27,4,7,111,0,8
1259.035127545,7,data,27,7,3,111,0,8
1259.264742471,3,data,27,3,4,110,0,8
1260.493470961,1,data,27,1,4,112,0,8
1261.877940882,0,data,27,0,7,109,0,8
1262.017717472,3,data,27,0,7,109,1,8
1262.144748858,2,data,27,2,0,112,0,8
1262.414766730,0,beacon,29,0,65535,22,0,8
1262.807546093,1,beacon,29,1,65535,22,0,7
1263.595940747,3,beacon,29,3,65535,22,0,8
1264.213289177,6,data,27,6,8,111,0,8
1264.353065767,7,data,27,6,8,111,1,8
1264.492842602,5,data,27,6,8,111,2,8
1264.653098602,5,data,27,5,0,116,0,8
1264.686673106,8,data,27,8,5,113,0,8
1265.285564319,4,data,27,4,0,112,0,8
1268.473097285,2,beacon,29,2,65535,22,0,8
1268.722219627,5,beacon,29,5,65535,22,0,8
1268.970359947,8,beacon,29,8,65535,22,0,7
1269.035127545,7,data,27,7,5,112,0,8
1269.264742471,3,data,27,3,7,111,0,8
1269.754940824,4,beacon,29,4,65535,22,0,8
1270.493470961,1,data,27,1,2,113,0,8
1271.363189829,6,beacon,29,6,65535,22,0,7
1271.877940882,0,data,27,0,6,110,0,8
1272.017717717,4,data,27,0,6,110,1,8
1272.144748858,2,data,27,2,8,113,0,8
1272.813150705,7,beacon,29,7,65535,22,0,8
1274.213289177,6,data,27,6,8,112,0,8
1274.353065767,7,data,27,6,8,112,1,8
1274.492842357,4,data,27,6,8,112,2,8
1274.600531278,5,data,27,5,2,117,0,8
1274.686673106,8,data,27,8,1,114,0,8
1275.285564319,4,data,27,4,0,113,0,8
1279.035127545,7,data,27,7,8,113,0,8
1279.174904135,4,data,27,7,8,113,1,8
1279.264742471,3,data,27,3,5,112,0,8
1280.493470961,1,data,27,1,5,114,0,8
1281.877940882,0,data,27,0,6,111,0,8
1282.144748858,2,data,27,2,3,114,0,8
1284.213289177,6,data,27,6,0,113,0,8
1284.353065767,3,data,27,6,0,113,1,8
1284.600531278,5,data,27,5,0,118,0,8
1284.686673106,8,data,27,8,5,115,0,8
1285.285564319,4,data,27,4,2,114,0,8
1289.035127545,7,data,27,7,1,114,0,8
1289.264742471,3,data,27,3,7,113,0,8
1290.493470961,1,data,27,1,4,115,0,8
1291.877940882,0,data,27,0,4,112,0,8
1292.144748858,2,data,27,2,1,115,0,8
1294.213289177,6,data,27,6,4,114,0,8
1294.353065767,3,data,27,6,4,114,1,8
1294.600531278,5,data,27,5,4,119,0,8
1294.686673106,8,data,27,8,3,116,0,8
1295.285564319,4,data,27,4,1,115,0,8
1299.035127545,7,data,27,7,8,115,0,8
1299.174904135,4,data,27,7,8,115,1,8
1299.264742471,3,data,27,3,1,114,0,8
1300.493470961,1,data,27,1,8,116,0,8
1301.877940882,0,data,27,0,8,113,0,8
1302.017717472,1,data,27,0,8,113,1,8
1302.144748858,2,data,27,2,4,116,0,8
1304.213289177,6,data,27,6,1,115,0,8
1304.600531278,5,data,27,5,3,120,0,8
1304.686673106,8,data,27,8,4,117,0,8
1305.285564319,4,data,27,4,8,116,0,8
1309.035127545,7,data,27,7,8,116,0,8
1309.174904135,4,data,27,7,8,116,1,8
1309.264742471,3,data,27,3,8,115,0,8
1310.493470961,1,data,27,1,7,117,0,8
1310.633247551,4,data,27,1,7,117,1,8
1311.877940882,0,data,27,0,8,114,0,8
1312.144748858,2,data,27,2,8,117,0,8
1314.213289177,6,data,27,6,7,116,0,8
1314.600531278,5,data,27,5,6,121,0,8
1314.686673106,8,data,27,8,0,118,0,8
1315.285564319,4,data,27,4,0,117,0,8
1319.035127545,7,data,27,7,2,117,0,8
1319.174904135,6,data,27,7,2,117,1,8
1319.264742471,3,data,27,3,4,116,0,8
1320.493470961,1,data,27,1,4,118,0,8
1321.877940882,0,data,27,0,4,115,0,8
1322.144748858,2,data,27,2,0,118,0,8
1322.284525448,5,data,27,2,0,118,1,8
1322.414766730,0,beacon,29,0,65535,23,0,7
1322.807546093,1,beacon,29,1,65535,23,0,8
1323.595940747,3,beacon,29,3,65535,23,0,7
1324.213289177,6,data,27,6,4,117,0,8
1324.353065767,3,data,27,6,4,117,1,8
1324.600531278,5,data,27,5,0,122,0,8
1324.686673106,8,data,27,8,2,119,0,8
1325.285564319,4,data,27,4,0,118,0,8
1328.473097285,2,beacon,29,2,65535,23,0,8
1328.722219627,5,beacon,29,5,65535,23,0,7
1328.970359947,8,beacon,29,8,65535,23,0,7
1329.035127545,7,data,27,7,3,118,0,8
1329.264742471,3,data,27,3,5,117,0,8
1329.754940824,4,beacon,29,4,65535,23,0,7
1330.493470961,1,data,27,1,3,119,0,8
1331.363189829,6,beacon,29,6,65535,23,0,7
1331.877940882,0,data,27,0,2,116,0,8
1332.017717472,1,data,27,0,2,116,1,8
1332.144748858,2,data,27,2,0,119,0,8
1332.813150705,7,beacon,29,7,65535,23,0,7
1334.213289177,6,data,27,6,0,118,0,8
1334.353065767,3,data,27,6,0,118,1,8
1334.600531278,5,data,27,5,3,123,0,8
1334.686673106,8,data,27,8,3,120,0,8
1335.285564319,4,data,27,4,3,119,0,8
1339.035127545,7,data,27,7,0,119,0,8
1339.174904380,3,data,27,7,0,119,1,8
1339.335160380,3,data,27,3,4,118,0,8
1340.493470961,1,data,27,1,3,120,0,8
1341.877940882,0,data,27,0,4,117,0,8
1342.144748858,2,data,27,2,8,120,0,8
1344.213289177,6,data,27,6,3,119,0,8
1344.600531278,5,data,27,5,8,124,0,8
1344.686673106,8,data,27,8,4,121,0,8
1345.285564319,4,data,27,4,3,120,0,8
1349.035127545,7,data,27,7,8,120,0,8
1349.264742471,3,data,27,3,1,119,0,8
1350.493470961,1,data,27,1,7,121,0,8
1350.633247551,2,data,27,1,7,121,1,8
1351.877940882,0,data,27,0,1,118,0,8
1352.144748858,2,data,27,2,1,121,0,8
1354.213289177,6,data,27,6,5,120,0,8
1354.353065767,3,data,27,6,5,120,1,8
1354.600531278,5,data,27,5,6,125,0,8
1354.686673106,8,data,27,8,2,122,0,8
1355.285564319,4,data,27,4,8,121,0,8
1355.425340909,1,data,27,4,8,121,1,8
1359.035127545,7,data,27,7,3,121,0,8
1359.264742471,3,data,27,3,4,120,0,8
1360.493470961,1,data,27,1,0,122,0,8
1361.877940882,0,data,27,0,6,119,0,8
1362.017717472,3,data,27,0,6,119,1,8
1362.144748858,2,data,27,2,5,122,0,8
1364.213289177,6,data,27,6,5,121,0,8
1364.600531278,5,data,27,5,8,126,0,8
1364.686673106,8,data,27,8,6,123,0,8
1365.285564319,4,data,27,4,0,122,0,8
1369.035127545,7,data,27,7,8,122,0,8
1369.174904865,2,data,27,7,8,122,1,8
1369.264742471,3,data,27,3,2,121,0,8
1369.404519061,6,data,27,3,2,121,1,8
1370.493470961,1,data,27,1,0,123,0,8
1371.877940882,0,data,27,0,5,120,0,8
1372.017717717,4,data,27,0,5,120,1,8
1372.144748858,2,data,27,2,7,123,0,8
1374.213289177,6,data,27,6,0,122,0,8
1374.353065767,3,data,27,6,0,122,1,8
1374.600531278,5,data,27,5,1,127,0,8
1374.686673106,8,data,27,8,6,124,0,8
1374.740307868,4,data,27,5,1,127,1,8
1375.285564319,4,data,27,4,5,123,0,8
1379.035127545,7,data,27,7,5,123,0,8
1379.174904135,4,data,27,7,5,123,1,8
1379.264742471,3,data,27,3,8,122,0,8
1380.493470961,1,data,27,1,5,124,0,8
1381.877940882,0,data,27,0,1,121,0,8
1382.144748858,2,data,27,2,8,124,0,8
1382.414766730,0,beacon,29,0,65535,24,0,7
1382.807546093,1,beacon,29,1,65535,24,0,7
1383.595940747,3,beacon,29,3,65535,24,0,8
1384.213289177,6,data,27,6,7,123,0,8
1384.600531278,5,data,27,5,2,128,0,8
1384.686673106,8,data,27,8,7,125,0,8
1385.285564319,4,data,27,4,5,124,0,8
1388.473097285,2,beacon,29,2,65535,24,0,7
1388.722219627,5,beacon,29,5,65535,24,0,7
1388.970359947,8,beacon,29,8,65535,24,0,7
1389.035127545,7,data,27,7,6,124,0,8
1389.264742471,3,data,27,3,7,123,0,8
1389.754940824,4,beacon,29,4,65535,24,0,8
1390.493470961,1,data,27,1,4,125,0,8
1391.363189829,6,beacon,29,6,65535,24,0,8
1391.877940882,0,data,27,0,8,122,0,8
1392.144748858,2,data,27,2,3,125,0,8
1392.813150705,7,beacon,29,7,65535,24,0,7
1394.213289177,6,data,27,6,4,124,0,8
1394.353065767,3,data,27,6,4,124,1,8
1394.600531278,5,data,27,5,7,129,0,8
1394.686673106,8,data,27,8,7,126,0,8
1395.285564319,4,data,27,4,1,125,0,8
1399.035127545,7,data,27,7,2,125,0,8
1399.264742471,3,data,27,3,5,124,0,8
1400.493470961,1,data,27,1,3,126,0,8
1401.877940882,0,data,27,0,5,123,0,8
1402.144748858,2,data,27,2,3,126,0,8
1402.284525693,4,data,27,2,3,126,1,8
1404.213289177,6,data,27,6,1,125,0,8
1404.600531278,5,data,27,5,4,130,0,8
1404.686673106,8,data,27,8,6,127,0,8
1405.285564319,4,data,27,4,7,126,0,8
1409.035127545,7,data,27,7,3,126,0,8
1409.174904135,6,data,27,7,3,126,1,8
1409.264742471,3,data,27,3,2,125,0,8
1410.493470961,1,data,27,1,0,127,0,8
1411.877940882,0,data,27,0,3,124,0,8
1412.144748858,2,data,27,2,8,127,0,8
1414.213289177,6,data,27,6,8,126,0,8
1414.600531278,5,data,27,5,6,131,0,8
1414.686673106,8,data,27,8,1,128,0,8
1415.285564319,4,data,27,4,7,127,0,8
1419.035127545,7,data,27,7,8,127,0,8
1419.174904865,2,data,27,7,8,127,1,8
1419.264742471,3,data,27,3,8,126,0,8
1420.493470961,1,data,27,1,3,128,0,8
1421.877940882,0,data,27,0,8,125,0,8
1422.017718202,5,data,27,0,8,125,1,8
1422.144748858,2,data,27,2,4,128,0,8
1424.213289177,6,data,27,6,2,127,0,8
1424.600531278,5,data,27,5,8,132,0,8
1424.686673106,8,data,27,8,3,129,0,8
1425.285564319,4,data,27,4,6,128,0,8
1429.035127545,7,data,27,7,6,128,0,8
1429.264742471,3,data,27,3,0,127,0,8
1430.493470961,1,data,27,1,0,129,0,8
1431.877940882,0,data,27,0,1,126,0,8
1432.144748858,2,data,27,2,7,129,0,8
1434.213289177,6,data,27,6,7,128,0,8
1434.600531278,5,data,27,5,0,133,0,8
1434.686673106,8,data,27,8,7,130,0,8
1435.285564319,4,data,27,4,7,129,0,8
1439.035127545,7,data,27,7,6,129,0,8
1439.264742471,3,data,27,3,7,128,0,8
1440.493470961,1,data,27,1,2,130,0,8
1441.877940882,0,data,27,0,6,127,0,8
1442.017717472,3,data,27,0,6,127,1,8
1442.144748858,2,data,27,2,3,130,0,8
1442.414766730,0,beacon,29,0,65535,25,0,7
1442.807546093,1,beacon,29,1,65535,25,0,8
1443.595940747,3,beacon,29,3,65535,25,0,7
1444.213289177,6,data,27,6,7,129,0,8
1444.600531278,5,data,27,5,1,134,0,8
1444.686673106,8,data,27,8,0,131,0,8
1445.285564319,4,data,27,4,3,130,0,8
1448.473097285,2,beacon,29,2,65535,25,0,7
1448.722219627,5,beacon,29,5,65535,25,0,8
1448.970359947,8,beacon,29,8,65535,25,0,7
1449.035127545,7,data,27,7,2,130,0,8
1449.264742471,3,data,27,3,7,129,0,8
1449.754940824,4,beacon,29,4,65535,25,0,7
1450.493470961,1,data,27,1,7,131,0,8
1450.633248282,8,data,27,1,7,131,1,8
1451.363189829,6,beacon,29,6,65535,25,0,8
1451.877940882,0,data,27,0,5,128,0,8
1452.017717717,4,data,27,0,5,128,1,8
1452.144748858,2,data,27,2,1,131,0,8
1452.813150705,7,beacon,29,7,65535,25,0,7
1454.213289177,6,data,27,6,5,130,0,8
1454.600531278,5,data,27,5,3,135,0,8
1454.686673106,8,data,27,8,2,132,0,8
1454.740307868,4,data,27,5,3,135,1,8
1455.285564319,4,data,27,4,0,131,0,8
1459.035127545,7,data,27,7,5,131,0,8
1459.174904135,4,data,27,7,5,131,1,8
1459.264742471,3,data,27,3,8,130,0,8
1460.493470961,1,data,27,1,5,132,0,8
1460.633247551,4,data,27,1,5,132,1,8
1461.877940882,0,data,27,0,4,129,0,8
1462.144748858,2,data,27,2,4,132,0,8
1464.213289177,6,data,27,6,1,131,0,8
1464.600531278,5,data,27,5,0,136,0,8
1464.686673106,8,data,27,8,3,133,0,8
1465.285564319,4,data,27,4,0,132,0,8
1469.035127545,7,data,27,7,2,132,0,8
1469.264742471,3,data,27,3,8,131,0,8
1469.404519061,4,data,27,3,8,131,1,8
1470.493470961,1,data,27,1,4,133,0,8
1471.877940882,0,data,27,0,1,130,0,8
1472.144748858,2,data,27,2,7,133,0,8
1474.213289177,6,data,27,6,3,132,0,8
1474.600531278,5,data,27,5,7,137,0,8
1474.686673106,8,data,27,8,7,134,0,8
1475.285564319,4,data,27,4,5,133,0,8
1479.035127545,7,data,27,7,6,133,0,8
1479.264742471,3,data,27,3,7,132,0,8
1480.493470961,1,data,27,1,0,134,0,8
1481.877940882,0,data,27,0,2,131,0,8
1482.017717717,4,data,27,0,2,131,1,8
1482.144748858,2,data,27,2,8,134,0,8
1484.213289177,6,data,27,6,0,133,0,8
1484.600531278,5,data,27,5,1,138,0,8
1484.686673106,8,data,27,8,3,135,0,8
1485.285564319,4,data,27,4,6,134,0,8
1489.035127545,7,data,27,7,1,134,0,8
1489.174904135,6,data,27,7,1,134,1,8
1489.264742471,3,data,27,3,5,133,0,8
1490.493470961,1,data,27,1,4,135,0,8
1491.877940882,0,data,27,0,5,132,0,8
1492.017717717,4,data,27,0,5,132,1,8
1492.144748858,2,data,27,2,5,135,0,8
1494.213289177,6,data,27,6,7,134,0,8
1494.600531278,5,data,27,5,4,139,0,8
1494.686673106,8,data,27,8,2,136,0,8
1495.285564319,4,data,27,4,1,135,0,8
1499.035127545,7,data,27,7,4,135,0,8
1499.264742471,3,data,27,3,0,134,0,8
1500.493470961,1,data,27,1,6,136,0,8
1500.633247551,4,data,27,1,6,136,1,8
1501.877940882,0,data,27,0,6,133,0,8
1502.017717717,4,data,27,0,6,133,1,8
1502.144748858,2,data,27,2,1,136,0,8
1502.414766730,0,beacon,29,0,65535,26,0,7
1502.807546093,1,beacon,29,1,65535,26,0,7
1503.595940747,3,beacon,29,3,65535,26,0,7
1504.213289177,6,data,27,6,5,135,0,8
1504.353066497,1,data,27,6,5,135,1,8
1504.492843087,4,data,27,6,5,135,2,8
1504.600531278,5,data,27,5,7,140,0,8
1504.686673106,8,data,27,8,5,137,0,8
1505.285564319,4,data,27,4,5,136,0,8
1508.473097285,2,beacon,29,2,65535,26,0,7
1508.722219627,5,beacon,29,5,65535,26,0,7
1508.970359947,8,beacon,29,8,65535,26,0,8
1509.035127545,7,data,27,7,8,136,0,8
1509.264742471,3,data,27,3,6,135,0,8
1509.754940824,4,beacon,29,4,65535,26,0,7
1510.493470961,1,data,27,1,0,137,0,8
1511.363189829,6,beacon,29,6,65535,26,0,7
1511.877940882,0,data,27,0,7,134,0,8
1512.017717717,4,data,27,0,7,134,1,8
1512.144748858,2,data,27,2,4,137,0,8
1512.813150705,7,beacon,29,7,65535,26,0,8
1514.213289177,6,data,27,6,4,136,0,8
1514.353065767,3,data,27,6,4,136,1,8
1514.600531278,5,data,27,5,1,141,0,8
1514.686673106,8,data,27,8,3,138,0,8
1515.285564319,4,data,27,4,2,137,0,8
1519.035127545,7,data,27,7,0,137,0,8
1519.174904135,4,data,27,7,0,137,1,8
1519.264742471,3,data,27,3,0,136,0,8
1520.493470961,1,data,27,1,5,138,0,8
1520.633247551,4,data,27,1,5,138,1,8
1521.877940882,0,data,27,0,6,135,0,8
1522.017717717,4,data,27,0,6,135,1,8
1522.144748858,2,data,27,2,4,138,0,8
1524.213289177,6,data,27,6,0,137,0,8
1524.353066497,1,data,27,6,0,137,1,8
1524.600531278,5,data,27,5,8,142,0,8
1524.686673106,8,data,27,8,3,139,0,8
1524.740307868,2,data,27,5,8,142,1,8
1525.285564319,4,data,27,4,8,138,0,8
1529.035127545,7,data,27,7,8,138,0,8
1529.264742471,3,data,27,3,0,137,0,8
1530.493470961,1,data,27,1,4,139,0,8
1531.877940882,0,data,27,0,4,136,0,8
1532.144748858,2,data,27,2,8,139,0,8
1534.213289177,6,data,27,6,7,138,0,8
1534.600531278,5,data,27,5,7,143,0,8
1534.686673106,8,data,27,8,1,140,0,8
1535.285564319,4,data,27,4,2,139,0,8
1539.035127545,7,data,27,7,4,139,0,8
1539.264742471,3,data,27,3,7,138,0,8
1540.493470961,1,data,27,1,7,140,0,8
1540.633248282,8,data,27,1,7,140,1,8
1541.877940882,0,data,27,0,2,137,0,8
1542.017717472,1,data,27,0,2,137,1,8
1542.144748858,2,data,27,2,7,140,0,8
1544.213289177,6,data,27,6,1,139,0,8
1544.600531278,5,data,27,5,2,144,0,8
1544.686673106,8,data,27,8,0,141,0,8
1545.285564319,4,data,27,4,7,140,0,8
1549.035127545,7,data,27,7,0,140,0,8
1549.174904135,4,data,27,7,0,140,1,8
1549.264742471,3,data,27,3,6,139,0,8
1550.493470961,1,data,27,1,3,141,0,8
1551.877940882,0,data,27,0,3,138,0,8
1552.144748858,2,data,27,2,5,141,0,8
1554.213289177,6,data,27,6,7,140,0,8
1554.600531278,5,data,27,5,0,145,0,8
1554.686673106,8,data,27,8,4,142,0,8
1555.285564319,4,data,27,4,0,141,0,8
1559.035127545,7,data,27,7,5,141,0,8
1559.174904135,4,data,27,7,5,141,1,8
1559.264742471,3,data,27,3,0,140,0,8
1560.493470961,1,data,27,1,2,142,0,8
1561.877940882,0,data,27,0,6,139,0,8
1562.017717717,4,data,27,0,6,139,1,8
1562.144748858,2,data,27,2,3,142,0,8
1562.414766730,0,beacon,29,0,65535,27,0,8
1562.807546093,1,beacon,29,1,65535,27,0,7
1563.595940747,3,beacon,29,3,65535,27,0,7
1564.213289177,6,data,27,6,8,141,0,8
1564.353066497,1,data,27,6,8,141,1,8
1564.600531278,5,data,27,5,3,146,0,8
1564.686673106,8,data,27,8,5,143,0,8
1565.285564319,4,data,27,4,7,142,0,8
1568.473097285,2,beacon,29,2,65535,27,0,7
1568.722219627,5,beacon,29,5,65535,27,0,8
1568.970359947,8,beacon,29,8,65535,27,0,7
1569.035127545,7,data,27,7,3,142,0,8
1569.264742471,3,data,27,3,5,141,0,8
1569.754940824,4,beacon,29,4,65535,27,0,7
1570.493470961,1,data,27,1,3,143,0,8
1571.363189829,6,beacon,29,6,65535,27,0,7
1571.877940882,0,data,27,0,8,140,0,8
1572.017717472,1,data,27,0,8,140,1,8
1572.144748858,2,data,27,2,8,143,0,8
1572.813150705,7,beacon,29,7,65535,27,0,7
1574.213289177,6,data,27,6,5,142,0,8
1574.353066012,4,data,27,6,5,142,1,8
1574.600531278,5,data,27,5,2,147,0,8
1574.686673106,8,data,27,8,2,144,0,8
1575.285564319,4,data,27,4,0,143,0,8
1575.425340909,5,data,27,4,0,143,1,8
1579.035127545,7,data,27,7,4,143,0,8
1579.264742471,3,data,27,3,5,142,0,8
1580.493470961,1,data,27,1,2,144,0,8
1580.633247551,4,data,27,1,2,144,1,8
1581.877940882,0,data,27,0,4,141,0,8
1582.144748858,2,data,27,2,3,144,0,8
1584.213289177,6,data,27,6,5,143,0,8
1584.353066012,4,data,27,6,5,143,1,8
1584.600531278,5,data,27,5,0,148,0,8
1584.686673106,8,data,27,8,3,145,0,8
1585.285564319,4,data,27,4,5,144,0,8
1589.035127545,7,data,27,7,3,144,0,8
1589.264742471,3,data,27,3,2,143,0,8
1590.493470961,1,data,27,1,6,145,0,8
1590.633247551,4,data,27,1,6,145,1,8
1590.773024141,7,data,27,1,6,145,2,8
1591.877940882,0,data,27,0,8,142,0,8
1592.017717472,1,data,27,0,8,142,1,8
1592.144748858,2,data,27,2,8,145,0,8
1594.213289177,6,data,27,6,3,144,0,8
1594.600531278,5,data,27,5,0,149,0,8
1594.686673106,8,data,27,8,4,146,0,8
1595.285564319,4,data,27,4,8,145,0,8
1599.035127545,7,data,27,7,2,145,0,8
1599.264742471,3,data,27,3,2,144,0,8
1600.493470961,1,data,27,1,5,146,0,8
1600.633247551,4,data,27,1,5,146,1,8
1601.877940882,0,data,27,0,2,143,0,8
1602.017718063,6,data,27,0,2,143,1,8
1602.144748858,2,data,27,2,8,146,0,8
1604.213289177,6,data,27,6,7,145,0,8
1604.600531278,5,data,27,5,2,150,0,8
1604.686673106,8,data,27,8,4,147,0,8
1605.285564319,4,data,27,4,2,146,0,8
1609.035127545,7,data,27,7,8,146,0,8
1609.174904865,2,data,27,7,8,146,1,8
1609.264742471,3,data,27,3,2,145,0,8
1610.493470961,1,data,27,1,6,147,0,8
1610.633247551,4,data,27,1,6,147,1,8
1610.773024141,7,data,27,1,6,147,2,8
1611.877940882,0,data,27,0,1,144,0,8
1612.144748858,2,data,27,2,8,147,0,8
1614.213289177,6,data,27,6,8,146,0,8
1614.353066012,4,data,27,6,8,146,1,8
1614.600531278,5,data,27,5,7,151,0,8
1614.686673106,8,data,27,8,0,148,0,8
1615.285564319,4,data,27,4,1,147,0,8
1619.035127545,7,data,27,7,6,147,0,8
1619.264742471,3,data,27,3,6,146,0,8
1620.493470961,1,data,27,1,8,148,0,8
1621.877940882,0,data,27,0,7,145,0,8
1622.144748858,2,data,27,2,3,148,0,8
1622.414766730,0,beacon,29,0,65535,28,0,7
1622.807546093,1,beacon,29,1,65535,28,0,7
1623.595940747,3,beacon,29,3,65535,28,0,7
1624.213289177,6,data,27,6,3,147,0,8
1624.600531278,5,data,27,5,0,152,0,8
1624.686673106,8,data,27,8,1,149,0,8
1625.285564319,4,data,27,4,7,148,0,8
1628.473097285,2,beacon,29,2,65535,28,0,7
1628.722219627,5,beacon,29,5,65535,28,0,7
1628.970359947,8,beacon,29,8,65535,28,0,8
1629.035127545,7,data,27,7,5,148,0,8
1629.264742471,3,data,27,3,0,147,0,8
1629.754940824,4,beacon,29,4,65535,28,0,7
1630.493470961,1,data,27,1,3,149,0,8
1631.363189829,6,beacon,26,6,65535,28,0,7
1631.877940882,0,data,27,0,5,146,0,8
1632.144748858,2,data,27,2,1,149,0,8
1632.813150705,7,beacon,29,7,65535,28,0,7
1634.213289177,6,data,27,6,2,148,0,8
1634.353065767,3,data,27,6,2,148,1,8
1634.600531278,5,data,27,5,6,153,0,8
1634.686673106,8,data,27,8,3,150,0,8
1635.285564319,4,data,27,4,8,149,0,8
1639.035127545,7,data,27,7,5,149,0,8
1639.264742471,3,data,27,3,5,148,0,8
1640.493470961,1,data,27,1,0,150,0,8
1640.633247796,3,data,27,1,0,150,1,8
1641.877940882,0,data,27,0,5,147,0,8
1642.144748858,2,data,27,2,8,150,0,8
1642.284525693,4,data,27,2,8,150,1,8
1644.213289177,6,data,27,6,3,149,0,8
1644.600531278,5,data,27,5,3,154,0,8
1644.686673106,8,data,27,8,7,151,0,8
1645.285564319,4,data,27,4,8,150,0,8
1649.035127545,7,data,27,7,6,150,0,8
1649.264742471,3,data,27,3,2,149,0,8
1650.493470961,1,data,27,1,7,151,0,8
1651.877940882,0,data,27,0,1,148,0,8
1652.144748858,2,data,27,2,0,151,0,8
1652.284525448,5,data,27,2,0,151,1,8
1654.213289177,6,data,27,6,2,150,0,8
1654.353065767,3,data,27,6,2,150,1,8
1654.600531278,5,data,27,5,2,155,0,8
1654.686673106,8,data,27,8,0,152,0,8
1655.285564319,4,data,27,4,6,151,0,8
1659.035127545,7,data,27,7,4,151,0,8
1659.264742471,3,data,27,3,5,150,0,8
1660.493470961,1,data,27,1,3,152,0,8
1661.877940882,0,data,27,0,6,149,0,8
1662.144748858,2,data,27,2,5,152,0,8
1664.213289177,6,data,27,6,4,151,0,8
1664.600531278,5,data,27,5,3,156,0,8
1664.686673106,8,data,27,8,1,153,0,8
1665.285564319,4,data,27,4,7,152,0,8
1669.035127545,7,data,27,7,5,152,0,8
1669.264742471,3,data,27,3,0,151,0,8
1670.493470961,1,data,27,1,4,153,0,8
1671.877940882,0,data,27,0,3,150,0,8
1672.017718063,6,data,27,0,3,150,1,8
1672.144748858,2,data,27,2,7,153,0,8
1674.213289177,6,data,27,6,3,152,0,8
1674.600531278,5,data,27,5,7,157,0,8
1674.686673106,8,data,27,8,6,154,0,8
1675.285564319,4,data,27,4,8,153,0,8
1679.035127545,7,data,27,7,1,153,0,8
1679.174904135,6,data,27,7,1,153,1,8
1679.264742471,3,data,27,3,1,152,0,8
1680.493470961,1,data,27,1,8,154,0,8
1681.877940882,0,data,27,0,1,151,0,8
1682.144748858,2,data,27,2,1,154,0,8
1682.414766730,0,beacon,29,0,65535,29,0,7
1682.807546093,1,beacon,29,1,65535,29,0,7
1683.595940747,3,beacon,29,3,65535,29,0,8
1684.213289177,6,data,27,6,8,153,0,8
1684.353066012,4,data,27,6,8,153,1,8
1684.600531278,5,data,27,5,1,158,0,8
1684.686673106,8,data,27,8,6,155,0,8
1685.285564319,4,data,27,4,8,154,0,8
1688.473097285,2,beacon,29,2,65535,29,0,8
1688.722219627,5,beacon,29,5,65535,29,0,8
1688.970359947,8,beacon,29,8,65535,29,0,8
1689.035127545,7,data,27,7,0,154,0,8
1689.264742471,3,data,27,3,7,153,0,8
1689.754940824,4,beacon,29,4,65535,29,0,7
1690.493470961,1,data,27,1,4,155,0,8
1691.363189829,6,beacon,29,6,65535,29,0,7
1691.877940882,0,data,27,0,8,152,0,8
1692.017717472,1,data,27,0,8,152,1,8
1692.144748858,2,data,27,2,7,155,0,8
1692.284525693,4,data,27,2,7,155,1,8
1692.813150705,7,beacon,29,7,65535,29,0,7
1694.213289177,6,data,27,6,7,154,0,8
1694.600531278,5,data,27,5,8,159,0,8
1694.686673106,8,data,27,8,4,156,0,8
1695.285564319,4,data,27,4,0,155,0,8
1699.035127545,7,data,27,7,0,155,0,8
1699.264742471,3,data,27,3,6,154,0,8
1700.493470961,1,data,27,1,8,156,0,8
1701.877940882,0,data,27,0,4,153,0,8
1702.144748858,2,data,27,2,3,156,0,8
1704.213289177,6,data,27,6,1,155,0,8
1704.600531278,5,data,27,5,8,160,0,8
1704.686673106,8,data,27,8,0,157,0,8
1704.826449698,7,data,27,8,0,157,1,8
1705.285564319,4,data,27,4,8,156,0,8
1709.035127545,7,data,27,7,3,156,0,8
1709.264742471,3,data,27,3,8,155,0,8
1710.493470961,1,data,27,1,6,157,0,8
1710.633247551,4,data,27,1,6,157,1,8
1711.877940882,0,data,27,0,6,154,0,8
1712.144748858,2,data,27,2,5,157,0,8
1712.284525693,4,data,27,2,5,157,1,8
1714.213289177,6,data,27,6,0,156,0,8
1714.353065767,7,data,27,6,0,156,1,8
1714.600531278,5,data,27,5,3,161,0,8
1714.686673106,8,data,27,8,7,158,0,8
1715.285564319,4,data,27,4,7,157,0,8
1719.035127545,7,data,27,7,3,157,0,8
1719.264742471,3,data,27,3,1,156,0,8
1720.493470961,1,data,27,1,3,158,0,8
1721.877940882,0,data,27,0,6,155,0,8
1722.144748858,2,data,27,2,4,158,0,8
1724.213289177,6,data,27,6,3,157,0,8
1724.600531278,5,data,27,5,6,162,0,8
1724.686673106,8,data,27,8,7,159,0,8
1725.285564319,4,data,27,4,7,158,0,8
1729.035127545,7,data,27,7,8,158,0,8
1729.174904380,5,data,27,7,8,158,1,8
1729.264742471,3,data,27,3,1,157,0,8
1730.493470961,1,data,27,1,8,159,0,8
1731.877940882,0,data,27,0,7,156,0,8
1732.144748858,2,data,27,2,5,159,0,8
1732.284525693,4,data,27,2,5,159,1,8
1734.213289177,6,data,27,6,0,158,0,8
1734.353065767,7,data,27,6,0,158,1,8
1734.600531278,5,data,27,5,3,163,0,8
1734.686673106,8,data,27,8,6,160,0,8
1735.285564319,4,data,27,4,0,159,0,8
1739.035127545,7,data,27,7,8,159,0,8
1739.174904380,5,data,27,7,8,159,1,8
1739.264742471,3,data,27,3,6,158,0,8
1740.493470961,1,data,27,1,5,160,0,8
1740.633247551,4,data,27,1,5,160,1,8
1741.877940882,0,data,27,0,4,157,0,8
1742.144748858,2,data,27,2,1,160,0,8
1742.414766730,0,beacon,29,0,65535,30,0,7
1742.807546093,1,beacon,29,1,65535,30,0,8
1743.595940747,3,beacon,29,3,65535,30,0,8
1744.213289177,6,data,27,6,2,159,0,8
1744.353065767,3,data,27,6,2,159,1,8
1744.600531278,5,data,27,5,6,164,0,8
1744.686673106,8,data,27,8,4,161,0,8
1745.285564319,4,data,27,4,8,160,0,8
1748.473097285,2,beacon,29,2,65535,30,0,7
1748.722219627,5,beacon,29,5,65535,30,0,7
1748.970359947,8,beacon,29,8,65535,30,0,7
1749.035127545,7,data,27,7,2,160,0,8
1749.264742471,3,data,27,3,7,159,0,8
1749.754940824,4,beacon,29,4,65535,30,0,8
1750.493470961,1,data,27,1,7,161,0,8
1750.633247551,4,data,27,1,7,161,1,8
1751.363189829,6,beacon,29,6,65535,30,0,7
1751.877940882,0,data,27,0,3,158,0,8
1752.144748858,2,data,27,2,7,161,0,8
1752.284525693,4,data,27,2,7,161,1,8
1752.813150705,7,beacon,29,7,65535,30,0,7
1754.213289177,6,data,27,6,0,160,0,8
1754.600531278,5,data,27,5,7,165,0,8
1754.686673106,8,data,27,8,0,162,0,8
1755.285564319,4,data,27,4,8,161,0,8
1759.035127545,7,data,27,7,8,161,0,8
1759.174904135,4,data,27,7,8,161,1,8
1759.264742471,3,data,27,3,2,160,0,8
1760.493470961,1,data,27,1,0,162,0,8
1761.877940882,0,data,27,0,1,159,0,8
1762.144748858,2,data,27,2,7,162,0,8
1762.284525693,4,data,27,2,7,162,1,8
1764.213289177,6,data,27,6,8,161,0,8
1764.353065767,3,data,27,6,8,161,1,8
1764.600531278,5,data,27,5,4,166,0,8
1764.686673106,8,data,27,8,1,163,0,8
1765.285564319,4,data,27,4,7,162,0,8
1769.035127545,7,data,27,7,5,162,0,8
1769.264742471,3,data,27,3,8,161,0,8
1770.493470961,1,data,27,1,7,163,0,8
1771.877940882,0,data,27,0,4,160,0,8
1772.144748858,2,data,27,2,1,163,0,8
1774.213289177,6,data,27,6,4,162,0,8
1774.353065767,7,data,27,6,4,162,1,8
1774.600531278,5,data,27,5,1,167,0,8
1774.686673106,8,data,27,8,2,164,0,8
1775.285564319,4,data,27,4,8,163,0,8
1779.035127545,7,data,27,7,1,163,0,8
1779.174904135,4,data,27,7,1,163,1,8
1779.264742471,3,data,27,3,7,162,0,8
1780.493470961,1,data,27,1,2,164,0,8
1781.877940882,0,data,27,0,4,161,0,8
1782.144748858,2,data,27,2,8,164,0,8
1784.213289177,6,data,27,6,2,163,0,8
1784.353065767,7,data,27,6,2,163,1,8
1784.600531278,5,data,27,5,3,168,0,8
1784.686673106,8,data,27,8,3,165,0,8
1785.285564319,4,data,27,4,0,164,0,8
1789.035127545,7,data,27,7,5,164,0,8
1789.264742471,3,data,27,3,0,163,0,8
1790.493470961,1,data,27,1,8,165,0,8
1791.877940882,0,data,27,0,2,162,0,8
1792.017718202,7,data,27,0,2,162,1,8
1792.144748858,2,data,27,2,4,165,0,8
1794.213289177,6,data,27,6,3,164,0,8
1794.600531278,5,data,27,5,8,169,0,8
1794.686673106,8,data,27,8,2,166,0,8
1795.285564319,4,data,27,4,5,165,0,8
1799.035127545,7,data,27,7,2,165,0,8
1799.264742471,3,data,27,3,8,164,0,8
1800.493470961,1,data,27,1,2,166,0,8
1801.877940882,0,data,27,0,7,163,0,8
1802.144748858,2,data,27,2,1,166,0,8
1802.414766730,0,beacon,29,0,65535,31,0,7
1802.807546093,1,beacon,29,1,65535,31,0,8
1803.595940747,3,beacon,29,3,65535,31,0,7
1804.213289177,6,data,27,6,5,165,0,8
1804.600531278,5,data,27,5,6,170,0,8
1804.686673106,8,data,27,8,2,167,0,8
1805.285564319,4,data,27,4,2,166,0,8
1805.425341155,8,data,27,4,2,166,1,8
1808.473097285,2,beacon,29,2,65535,31,0,7
1808.722219627,5,beacon,29,5,65535,31,0,8
1808.970359947,8,beacon,29,8,65535,31,0,7
1809.035127545,7,data,27,7,3,166,0,8
1809.174904135,6,data,27,7,3,166,1,8
1809.264742471,3,data,27,3,1,165,0,8
1809.754940824,4,beacon,29,4,65535,31,0,7
1810.493470961,1,data,27,1,6,167,0,8
1811.363189829,6,beacon,29,6,65535,31,0,8
1811.877940882,0,data,27,0,1,164,0,8
1812.144748858,2,data,27,2,5,167,0,8
1812.813150705,7,beacon,29,7,65535,31,0,7
1814.213289177,6,data,27,6,2,166,0,8
1814.353066497,5,data,27,6,2,166,1,8
1814.600531278,5,data,27,5,4,171,0,8
1814.686673106,8,data,27,8,3,168,0,8
1815.285564319,4,data,27,4,7,167,0,8
1819.035127545,7,data,27,7,2,167,0,8
1819.264742471,3,data,27,3,4,166,0,8
1820.493470961,1,data,27,1,0,168,0,8
1821.877940882,0,data,27,0,7,165,0,8
1822.144748858,2,data,27,2,4,168,0,8
1824.213289177,6,data,27,6,2,167,0,8
1824.353066497,5,data,27,6,2,167,1,8
1824.600531278,5,data,27,5,3,172,0,8
1824.686673106,8,data,27,8,1,169,0,8
1824.740307868,2,data,27,5,3,172,1,8
1825.285564319,4,data,27,4,2,168,0,8
1825.425341155,8,data,27,4,2,168,1,8
1829.035127545,7,data,27,7,2,168,0,8
1829.264742471,3,data,27,3,2,167,0,8
1830.493470961,1,data,27,1,6,169,0,8
1830.633247551,4,data,27,1,6,169,1,8
1831.877940882,0,data,27,0,4,166,0,8
1832.144748858,2,data,27,2,0,169,0,8
1834.213289177,6,data,27,6,4,168,0,8
1834.600531278,5,data,27,5,4,173,0,8
1834.686673106,8,data,27,8,7,170,0,8
1835.285564319,4,data,27,4,0,169,0,8
1839.035127545,7,data,27,7,4,169,0,8
1839.264742471,3,data,27,3,4,168,0,8
1840.493470961,1,data,27,1,6,170,0,8
1841.877940882,0,data,27,0,1,167,0,8
1842.144748858,2,data,27,2,7,170,0,8
1844.213289177,6,data,27,6,4,169,0,8
1844.600531278,5,data,27,5,7,174,0,8
1844.686673106,8,data,27,8,6,171,0,8
1845.285564319,4,data,27,4,5,170,0,8
1849.035127545,7,data,27,7,6,170,0,8
1849.264742471,3,data,27,3,2,169,0,8
1850.493470961,1,data,27,1,3,171,0,8
1850.633247551,2,data,27,1,3,171,1,8
1851.877940882,0,data,27,0,8,168,0,8
1852.017717472,1,data,27,0,8,168,1,8
1852.144748858,2,data,27,2,0,171,0,8
1854.213289177,6,data,27,6,0,170,0,8
1854.600531278,5,data,27,5,8,175,0,8
1854.686673106,8,data,27,8,4,172,0,8
1855.285564319,4,data,27,4,2,171,0,8
1855.425341155,8,data,27,4,2,171,1,8
1859.035127545,7,data,27,7,1,171,0,8
1859.174904135,4,data,27,7,1,171,1,8
1859.264742471,3,data,27,3,5,170,0,8
1860.493470961,1,data,27,1,8,172,0,8
1861.877940882,0,data,27,0,3,169,0,8
1862.144748858,2,data,27,2,4,172,0,8
1862.414766730,0,beacon,29,0,65535,32,0,7
1862.807546093,1,beacon,29,1,65535,32,0,7
1863.595940747,3,beacon,29,3,65535,32,0,8
1864.213289177,6,data,27,6,4,171,0,8
1864.600531278,5,data,27,5,4,176,0,8
1864.686673106,8,data,27,8,5,173,0,8
1865.285564319,4,data,27,4,7,172,0,8
1868.473097285,2,beacon,29,2,65535,32,0,7
1868.722219627,5,beacon,29,5,65535,32,0,8
1868.970359947,8,beacon,29,8,65535,32,0,7
1869.035127545,7,data,27,7,1,172,0,8
1869.264742471,3,data,27,3,6,171,0,8
1869.754940824,4,beacon,29,4,65535,32,0,7
1870.493470961,1,data,27,1,3,173,0,8
1870.633247551,2,data,27,1,3,173,1,8
1871.363189829,6,beacon,29,6,65535,32,0,7
1871.877940882,0,data,27,0,5,170,0,8
1872.144748858,2,data,27,2,3,173,0,8
1872.813150705,7,beacon,29,7,65535,32,0,7
1874.213289177,6,data,27,6,0,172,0,8
1874.600531278,5,data,27,5,4,177,0,8
1874.686673106,8,data,27,8,6,174,0,8
1875.285564319,4,data,27,4,3,173,0,8
1875.425341155,8,data,27,4,3,173,1,8
1879.035127545,7,data,27,7,2,173,0,8
1879.264742471,3,data,27,3,5,172,0,8
1879.404519061,6,data,27,3,5,172,1,8
1880.493470961,1,data,27,1,6,174,0,8
1880.633247551,4,data,27,1,6,174,1,8
1880.773024141,7,data,27,1,6,174,2,8
1881.877940882,0,data,27,0,5,171,0,8
1882.144748858,2,data,27,2,1,174,0,8
1884.213289177,6,data,27,6,7,173,0,8
1884.600531278,5,data,27,5,8,178,0,8
1884.686673106,8,data,27,8,3,175,0,8
1885.285564319,4,data,27,4,7,174,0,8
1889.035127545,7,data,27,7,0,174,0,8
1889.264742471,3,data,27,3,8,173,0,8
1890.493470961,1,data,27,1,8,175,0,8
1891.877940882,0,data,27,0,7,172,0,8
1892.144748858,2,data,27,2,6,175,0,8
1894.213289177,6,data,27,6,1,174,0,8
1894.600531278,5,data,27,5,0,179,0,8
1894.686673106,8,data,27,8,4,176,0,8
1895.285564319,4,data,27,4,8,175,0,8
1899.035127545,7,data,27,7,1,175,0,8
1899.174904135,6,data,27,7,1,175,1,8
1899.264742471,3,data,27,3,2,174,0,8
1900.493470961,1,data,27,1,6,176,0,8
1901.877940882,0,data,27,0,7,173,0,8
1902.144748858,2,data,27,2,0,176,0,8
1902.284525448,5,data,27,2,0,176,1,8
1904.213289177,6,data,27,6,5,175,0,8
1904.600531278,5,data,27,5,2,180,0,8
1904.686673106,8,data,27,8,4,177,0,8
1905.285564319,4,data,27,4,0,176,0,8
1905.425340909,1,data,27,4,0,176,1,8
1909.035127545,7,data,27,7,0,176,0,8
1909.264742471,3,data,27,3,0,175,0,8
1910.493470961,1,data,27,1,6,177,0,8
1910.633247551,4,data,27,1,6,177,1,8
1910.773024141,7,data,27,1,6,177,2,8
1911.877940882,0,data,27,0,8,174,0,8
1912.017717472,3,data,27,0,8,174,1,8
1912.144748858,2,data,27,2,4,177,0,8
1914.213289177,6,data,27,6,3,176,0,8
1914.600531278,5,data,27,5,7,181,0,8
1914.686673106,8,data,27,8,2,178,0,8
1915.285564319,4,data,27,4,0,177,0,8
1919.035127545,7,data,27,7,2,177,0,8
1919.264742471,3,data,27,3,1,176,0,8
1920.493470961,1,data,27,1,2,178,0,8
1921.877940882,0,data,27,0,2,175,0,8
1922.017717472,3,data,27,0,2,175,1,8
1922.144748858,2,data,27,2,0,178,0,8
1922.284525448,5,data,27,2,0,178,1,8
1922.414766730,0,beacon,29,0,65535,33,0,8
1922.807546093,1,beacon,29,1,65535,33,0,7
1923.595940747,3,beacon,29,3,65535,33,0,7
1924.213289177,6,data,27,6,1,177,0,8
1924.600531278,5,data,27,5,4,182,0,8
1924.686673106,8,data,27,8,6,179,0,8
1925.285564319,4,data,27,4,7,178,0,8
1928.473097285,2,beacon,29,2,65535,33,0,7
1928.722219627,5,beacon,29,5,65535,33,0,8
1928.970359947,8,beacon,29,8,65535,33,0,7
1929.035127545,7,data,27,7,2,178,0,8
1929.264742471,3,data,27,3,5,177,0,8
1929.404519061,6,data,27,3,5,177,1,8
1929.754940824,4,beacon,29,4,65535,33,0,8
1930.493470961,1,data,27,1,4,179,0,8
1931.363189829,6,beacon,29,6,65535,33,0,7
1931.877940882,0,data,27,0,1,176,0,8
1932.144748858,2,data,27,2,6,179,0,8
1932.284525448,5,data,27,2,6,179,1,8
1932.813150705,7,beacon,29,7,65535,33,0,7
1934.213289177,6,data,27,6,0,178,0,8
1934.600531278,5,data,27,5,6,183,0,8
1934.686673106,8,data,27,8,7,180,0,8
1935.285564319,4,data,27,4,8,179,0,8
1939.035127545,7,data,27,7,8,179,0,8
1939.174904135,4,data,27,7,8,179,1,8
1939.264742471,3,data,27,3,8,178,0,8
1940.493470961,1,data,27,1,4,180,0,8
1941.877940882,0,data,27,0,6,177,0,8
1942.017717472,3,data,27,0,6,177,1,8
1942.144748858,2,data,27,2,4,180,0,8
1944.213289177,6,data,27,6,1,179,0,8
1944.600531278,5,data,27,5,8,184,0,8
1944.686673106,8,data,27,8,5,181,0,8
1945.285564319,4,data,27,4,7,180,0,8
1949.035127545,7,data,27,7,1,180,0,8
1949.174904135,4,data,27,7,1,180,1,8
1949.264742471,3,data,27,3,6,179,0,8
1950.493470961,1,data,27,1,7,181,0,8
1951.877940882,0,data,27,0,1,178,0,8
1952.144748858,2,data,27,2,7,181,0,8
1954.213289177,6,data,27,6,3,180,0,8
1954.600531278,5,data,27,5,1,185,0,8
1954.686673106,8,data,27,8,1,182,0,8
1955.285564319,4,data,27,4,2,181,0,8
1955.425340909,3,data,27,4,2,181,1,8
1959.035127545,7,data,27,7,2,181,0,8
1959.264742471,3,data,27,3,1,180,0,8
1960.493470961,1,data,27,1,8,182,0,8
1961.877940882,0,data,27,0,7,179,0,8
1962.144748858,2,data,27,2,8,182,0,8
1964.213289177,6,data,27,6,7,181,0,8
1964.600531278,5,data,27,5,1,186,0,8
1964.686673106,8,data,27,8,6,183,0,8
1965.285564319,4,data,27,4,3,182,0,8
1969.035127545,7,data,27,7,4,182,0,8
1969.264742471,3,data,27,3,2,181,0,8
1970.493470961,1,data,27,1,4,183,0,8
1971.877940882,0,data,27,0,6,180,0,8
1972.017717472,3,data,27,0,6,180,1,8
1972.144748858,2,data,27,2,4,183,0,8
1974.213289177,6,data,27,6,0,182,0,8
1974.600531278,5,data,27,5,6,187,0,8
1974.686673106,8,data,27,8,7,184,0,8
1975.285564319,4,data,27,4,8,183,0,8
1979.035127545,7,data,27,7,5,183,0,8
1979.264742471,3,data,27,3,4,182,0,8
1979.404519061,6,data,27,3,4,182,1,8
1980.493470961,1,data,27,1,0,184,0,8
1981.877940882,0,data,27,0,8,181,0,8
1982.017717472,1,data,27,0,8,181,1,8
1982.144748858,2,data,27,2,3,184,0,8
1982.414766730,0,beacon,29,0,65535,34,0,7
1982.807546093,1,beacon,29,1,65535,34,0,7
1983.595940747,3,beacon,29,3,65535,34,0,7
1984.213289177,6,data,27,6,5,183,0,8
1984.600531278,5,data,27,5,4,188,0,8
1984.686673106,8,data,27,8,7,185,0,8
1985.285564319,4,data,27,4,8,184,0,8
1988.473097285,2,beacon,29,2,65535,34,0,7
1988.722219627,5,beacon,29,5,65535,34,0,8
1988.970359947,8,beacon,29,8,65535,34,0,8
1989.035127545,7,data,27,7,2,184,0,8
1989.174904380,3,data,27,7,2,184,1,8
1989.335160380,3,data,27,3,7,183,0,8
1989.754940824,4,beacon,29,4,65535,34,0,7
1990.493470961,1,data,27,1,6,185,0,8
1990.633247796,3,data,27,1,6,185,1,8
1991.363189829,6,beacon,29,6,65535,34,0,8
1991.877940882,0,data,27,0,8,182,0,8
1992.017717472,1,data,27,0,8,182,1,8
1992.144748858,2,data,27,2,1,185,0,8
1992.813150705,7,beacon,29,7,65535,34,0,7
1994.213289177,6,data,27,6,5,184,0,8
1994.600531278,5,data,27,5,0,189,0,8
1994.686673106,8,data,27,8,7,186,0,8
1995.285564319,4,data,27,4,1,185,0,8
1999.035127545,7,data,27,7,4,185,0,8
1999.264742471,3,data,27,3,8,184,0,8
1999.404519061,4,data,27,3,8,184,1,8
2000.493470961,1,data,27,1,6,186,0,8
2001.877940882,0,data,27,0,5,183,0,8
2002.017717472,1,data,27,0,5,183,1,8
2002.144748858,2,data,27,2,5,186,0,8
2004.213289177,6,data,27,6,8,185,0,8
2004.353066012,4,data,27,6,8,185,1,8
2004.600531278,5,data,27,5,6,190,0,8
2004.686673106,8,data,27,8,4,187,0,8
2005.285564319,4,data,27,4,5,186,0,8
2009.035127545,7,data,27,7,6,186,0,8
2009.264742471,3,data,27,3,0,185,0,8
2010.493470961,1,data,27,1,5,187,0,8
2010.633247551,4,data,27,1,5,187,1,8
2011.877940882,0,data,27,0,7,184,0,8
2012.144748858,2,data,27,2,5,187,0,8
2014.213289177,6,data,27,6,4,186,0,8
2014.600531278,5,data,27,5,2,191,0,8
2014.686673106,8,data,27,8,5,188,0,8
2015.285564319,4,data,27,4,1,187,0,8
2019.035127545,7,data,27,7,8,187,0,8
2019.174904135,4,data,27,7,8,187,1,8
2019.264742471,3,data,27,3,6,186,0,8
2020.493470961,1,data,27,1,8,188,0,8
2021.877940882,0,data,27,0,5,185,0,8
2022.017717472,1,data,27,0,5,185,1,8
2022.144748858,2,data,27,2,4,188,0,8
2024.213289177,6,data,27,6,5,187,0,8
2024.353066012,4,data,27,6,5,187,1,8
2024.600531278,5,data,27,5,4,192,0,8
2024.686673106,8,data,27,8,5,189,0,8
2025.285564319,4,data,27,4,2,188,0,8
2029.035127545,7,data,27,7,5,188,0,8
2029.174904135,4,data,27,7,5,188,1,8
2029.264742471,3,data,27,3,6,187,0,8
2030.493470961,1,data,27,1,5,189,0,8
2030.633247551,4,data,27,1,5,189,1,8
2031.877940882,0,data,27,0,5,186,0,8
2032.017717472,1,data,27,0,5,186,1,8
2032.144748858,2,data,27,2,3,189,0,8
2032.157494062,4,data,27,0,5,186,2,8
2034.213289177,6,data,27,6,4,188,0,8
2034.600531278,5,data,27,5,1,193,0,8
2034.686673106,8,data,27,8,7,190,0,8
2035.285564319,4,data,27,4,7,189,0,8
2039.035127545,7,data,27,7,8,189,0,8
2039.174904135,4,data,27,7,8,189,1,8
2039.264742471,3,data,27,3,1,188,0,8
2040.493470961,1,data,27,1,0,190,0,8
2041.877940882,0,data,27,0,6,187,0,8
2042.017717472,3,data,27,0,6,187,1,8
2042.144748858,2,data,27,2,0,190,0,8
2042.284525448,5,data,27,2,0,190,1,8
2042.414766730,0,beacon,29,0,65535,35,0,8
2042.807546093,1,beacon,29,1,65535,35,0,7
2043.595940747,3,beacon,29,3,65535,35,0,7
2044.213289177,6,data,27,6,2,189,0,8
2044.353065767,3,data,27,6,2,189,1,8
2044.600531278,5,data,27,5,4,194,0,8
2044.686673106,8,data,27,8,2,191,0,8
2045.285564319,4,data,27,4,6,190,0,8
2045.425340909,1,data,27,4,6,190,1,8
2048.473097285,2,beacon,29,2,65535,35,0,7
2048.722219627,5,beacon,29,5,65535,35,0,7
2048.970359947,8,beacon,29,8,65535,35,0,7
2049.035127545,7,data,27,7,2,190,0,8
2049.174904135,4,data,27,7,2,190,1,8
2049.264742471,3,data,27,3,5,189,0,8
2049.754940824,4,beacon,29,4,65535,35,0,8
2050.493470961,1,data,27,1,6,191,0,8
2051.363189829,6,beacon,29,6,65535,35,0,7
2051.877940882,0,data,27,0,5,188,0,8
2052.017717717,4,data,27,0,5,188,1,8
2052.144748858,2,data,27,2,1,191,0,8
2052.813150705,7,beacon,29,7,65535,35,0,7
2054.213289177,6,data,27,6,4,190,0,8
2054.353065767,7,data,27,6,4,190,1,8
2054.600531278,5,data,27,5,4,195,0,8
2054.686673106,8,data,27,8,2,192,0,8
2055.285564319,4,data,27,4,6,191,0,8
2055.425340909,5,data,27,4,6,191,1,8
2059.035127545,7,data,27,7,5,191,0,8
2059.174904135,4,data,27,7,5,191,1,8
2059.264742471,3,data,27,3,2,190,0,8
2060.493470961,1,data,27,1,8,192,0,8
2060.633247551,2,data,27,1,8,192,1,8
2061.877940882,0,data,27,0,6,189,0,8
2062.017717472,3,data,27,0,6,189,1,8
2062.144748858,2,data,27,2,0,192,0,8
2064.213289177,6,data,27,6,5,191,0,8
2064.353065767,7,data,27,6,5,191,1,8
2064.492842357,4,data,27,6,5,191,2,8
2064.600531278,5,data,27,5,3,196,0,8
2064.686673106,8,data,27,8,2,193,0,8
2065.285564319,4,data,27,4,5,192,0,8
2069.035127545,7,data,27,7,8,192,0,8
2069.174904135,4,data,27,7,8,192,1,8
2069.264742471,3,data,27,3,4,191,0,8
2070.493470961,1,data,27,1,3,193,0,8
2071.877940882,0,data,27,0,8,190,0,8
2072.017717472,1,data,27,0,8,190,1,8
2072.144748858,2,data,27,2,1,193,0,8
2074.213289177,6,data,27,6,7,192,0,8
2074.600531278,5,data,27,5,7,197,0,8
2074.686673106,8,data,27,8,2,194,0,8
2075.285564319,4,data,27,4,6,193,0,8
2075.425340909,5,data,27,4,6,193,1,8
2079.035127545,7,data,27,7,1,193,0,8
2079.174904135,6,data,27,7,1,193,1,8
2079.264742471,3,data,27,3,6,192,0,8
2080.493470961,1,data,27,1,5,194,0,8
2081.877940882,0,data,27,0,8,191,0,8
2082.017717472,1,data,27,0,8,191,1,8
2082.144748858,2,data,27,2,8,194,0,8
2084.213289177,6,data,27,6,1,193,0,8
2084.600531278,5,data,27,5,2,198,0,8
2084.686673106,8,data,27,8,4,195,0,8
2085.285564319,4,data,27,4,2,194,0,8
2089.035127545,7,data,27,7,5,194,0,8
2089.174904135,4,data,27,7,5,194,1,8
2089.264742471,3,data,27,3,6,193,0,8
2090.493470961,1,data,27,1,3,195,0,8
2091.877940882,0,data,27,0,2,192,0,8
2092.017717472,3,data,27,0,2,192,1,8
2092.144748858,2,data,27,2,4,195,0,8
2092.157494307,7,data,27,0,2,192,2,8
2094.213289177,6,data,27,6,2,194,0,8
2094.353065767,3,data,27,6,2,194,1,8
2094.492842602,7,data,27,6,2,194,2,8
2094.600531278,5,data,27,5,7,199,0,8
2094.686673106,8,data,27,8,5,196,0,8
2095.285564319,4,data,27,4,6,195,0,8
2095.425340909,5,data,27,4,6,195,1,8
2099.035127545,7,data,27,7,4,195,0,8
2099.264742471,3,data,27,3,4,194,0,8
