timestamp(s),nodeId,destination,nextHop,hops,score,seq,action
114.600531278,5,1,1,1,1,1,USED
124.600531278,5,3,4,2,3,1,USED
134.600531278,5,0,4,2,2,2,USED
144.600531278,5,6,7,2,2,2,USED
144.686673106,8,7,7,1,1,2,USED
150.493470961,1,0,0,1,1,1,USED
152.144748858,2,7,1,2,2,2,USED
154.600531278,5,2,2,1,1,1,USED
154.686673106,8,0,0,1,2,2,USED
155.285564319,4,7,7,1,1,2,USED
159.035127545,7,3,3,1,1,2,USED
160.493470961,1,7,7,1,2,2,USED
162.144748858,2,7,1,2,2,2,USED
164.213289177,6,1,3,2,2,2,USED
164.600531278,5,4,4,1,1,2,USED
164.686673106,8,4,5,2,2,1,USED
165.285564319,4,6,6,1,1,2,USED
169.035127545,7,4,4,1,1,2,USED
169.264742471,3,1,1,1,1,2,USED
170.493470961,1,5,5,1,1,2,USED
172.144748858,2,1,1,1,1,2,USED
174.213289177,6,8,7,2,2,2,USED
174.600531278,5,1,1,1,2,2,USED
174.686673106,8,1,5,2,2,1,USED
175.285564319,4,0,0,1,1,1,USED
179.035127545,7,0,6,2,2,2,USED
179.264742471,3,4,4,1,1,2,USED
180.493470961,1,5,5,1,1,2,USED
181.877940882,0,3,3,1,1,2,USED
182.144748858,2,6,1,2,2,2,USED
184.213289177,6,8,7,2,2,2,USED
184.600531278,5,7,7,1,1,2,USED
184.686673106,8,5,5,1,1,1,USED
185.285564319,4,0,0,1,1,1,USED
189.035127545,7,6,6,1,1,2,USED
189.264742471,3,4,4,1,1,2,USED
190.493470961,1,3,3,1,1,2,USED
191.877940882,0,6,4,2,2,2,USED
192.144748858,2,7,4,2,2,3,USED
194.213289177,6,3,3,1,1,3,USED
194.600531278,5,1,1,1,2,2,USED
194.686673106,8,1,4,2,2,3,USED
195.285564319,4,5,8,2,2,3,USED
199.035127545,7,3,3,1,1,2,USED
199.264742471,3,7,7,1,1,2,USED
200.493470961,1,4,4,1,1,3,USED
201.877940882,0,6,4,2,2,2,USED
202.144748858,2,4,4,1,1,3,USED
204.213289177,6,3,3,1,1,3,USED
204.600531278,5,6,7,2,2,2,USED
204.686673106,8,5,5,1,1,3,USED
205.285564319,4,7,7,1,1,2,USED
209.035127545,7,0,6,2,2,3,USED
209.264742471,3,7,7,1,1,2,USED
210.493470961,1,3,3,1,1,2,USED
211.877940882,0,4,4,1,1,2,USED
212.144748858,2,7,7,1,1,3,USED
214.213289177,6,0,0,1,1,3,USED
214.600531278,5,1,1,1,2,2,USED
214.686673106,8,6,7,2,2,3,USED
215.285564319,4,8,8,1,1,3,USED
219.035127545,7,0,6,2,2,3,USED
219.264742471,3,8,2,2,2,3,USED
220.493470961,1,3,3,1,1,2,USED
221.877940882,0,1,3,2,2,2,USED
222.144748858,2,7,7,1,1,3,USED
224.213289177,6,3,3,1,1,3,USED
224.600531278,5,7,7,1,1,2,USED
224.686673106,8,0,3,2,2,3,USED
225.285564319,4,7,7,1,1,2,USED
229.035127545,7,1,4,2,2,3,USED
229.264742471,3,2,2,1,1,3,USED
230.493470961,1,5,5,1,1,2,USED
231.877940882,0,4,4,1,1,2,USED
232.144748858,2,7,7,1,1,3,USED
234.213289177,6,5,5,1,1,3,USED
234.600531278,5,1,1,1,2,2,USED
234.686673106,8,0,3,2,2,3,USED
235.285564319,4,1,1,1,1,3,USED
239.035127545,7,1,4,2,2,3,USED
239.264742471,3,1,1,1,1,3,USED
240.493470961,1,7,4,2,2,3,USED
241.877940882,0,7,4,2,2,2,USED
242.144748858,2,6,7,2,2,3,USED
244.213289177,6,4,3,2,2,4,USED
244.600531278,5,3,7,2,2,2,USED
244.686673106,8,4,4,1,1,3,USED
245.285564319,4,0,0,1,1,1,USED
249.035127545,7,0,6,2,2,3,USED
249.264742471,3,8,2,2,2,3,USED
250.493470961,1,7,4,2,2,4,USED
251.877940882,0,5,4,2,2,4,USED
252.144748858,2,1,1,1,1,4,USED
254.213289177,6,2,3,2,2,4,USED
254.600531278,5,2,4,2,2,4,USED
254.686673106,8,1,4,2,2,4,USED
255.285564319,4,6,6,1,1,3,USED
259.035127545,7,3,6,2,2,4,USED
259.264742471,3,6,6,1,1,4,USED
260.493470961,1,4,4,1,1,4,USED
261.877940882,0,3,4,2,2,4,USED
262.144748858,2,8,8,1,1,2,USED
264.213289177,6,2,3,2,2,4,USED
264.600531278,5,7,7,1,2,4,USED
264.686673106,8,5,5,1,1,3,USED
265.285564319,4,6,6,1,1,3,USED
269.035127545,7,1,5,2,2,4,USED
269.264742471,3,0,0,1,1,4,USED
270.493470961,1,8,4,2,2,4,USED
271.877940882,0,3,4,2,2,4,USED
272.144748858,2,4,4,1,1,4,USED
274.213289177,6,0,0,1,1,3,USED
274.600531278,5,1,1,1,1,4,USED
274.686673106,8,0,3,2,2,3,USED
275.285564319,4,7,7,1,1,4,USED
279.035127545,7,2,4,2,2,4,USED
279.264742471,3,2,2,1,1,3,USED
280.493470961,1,5,5,1,1,2,USED
281.877940882,0,6,4,2,2,4,USED
282.144748858,2,1,1,1,1,4,USED
284.213289177,6,2,3,2,2,4,USED
284.600531278,5,2,4,2,2,4,USED
284.686673106,8,3,3,1,1,3,USED
285.285564319,4,2,2,1,1,4,USED
289.035127545,7,3,6,2,2,4,USED
289.264742471,3,4,4,1,1,4,USED
290.493470961,1,7,4,2,2,4,USED
291.877940882,0,8,4,2,2,4,USED
292.144748858,2,3,3,1,1,4,USED
294.213289177,6,4,7,2,2,4,USED
294.600531278,5,3,4,2,2,4,USED
294.686673106,8,3,3,1,1,3,USED
295.285564319,4,3,3,1,1,4,USED
299.035127545,7,4,4,1,1,4,USED
299.264742471,3,7,7,1,2,4,USED
300.493470961,1,2,2,1,1,3,USED
301.877940882,0,5,4,2,2,4,USED
302.144748858,2,8,8,1,1,2,USED
304.213289177,6,2,3,2,2,5,USED
304.600531278,5,3,3,1,1,5,USED
304.686673106,8,3,3,1,1,5,USED
305.285564319,4,7,7,1,1,4,USED
309.035127545,7,1,5,2,2,5,USED
309.264742471,3,4,4,1,1,4,USED
310.493470961,1,7,4,2,2,5,USED
311.877940882,0,8,4,2,3,5,USED
312.144748858,2,5,5,1,1,5,USED
314.213289177,6,2,3,2,2,5,USED
314.600531278,5,7,7,1,1,5,USED
314.686673106,8,4,4,1,1,5,USED
315.285564319,4,2,2,1,2,5,USED
319.035127545,7,5,5,1,1,5,USED
319.264742471,3,1,1,1,1,3,USED
320.493470961,1,5,5,1,1,2,USED
321.877940882,0,8,4,2,3,5,USED
322.144748858,2,8,8,1,1,2,USED
324.213289177,6,2,3,2,2,5,USED
324.600531278,5,7,7,1,1,5,USED
324.686673106,8,6,4,2,2,5,USED
325.285564319,4,8,8,1,1,3,USED
329.035127545,7,0,6,2,2,5,USED
329.264742471,3,5,7,2,2,5,USED
330.493470961,1,6,6,1,1,3,USED
331.877940882,0,5,1,2,2,5,USED
332.144748858,2,6,4,2,2,5,USED
334.213289177,6,0,0,1,1,3,USED
334.600531278,5,1,1,1,1,4,USED
334.686673106,8,5,5,1,1,5,USED
335.285564319,4,6,6,1,1,3,USED
339.035127545,7,6,6,1,1,5,USED
339.264742471,3,6,6,1,1,4,USED
340.493470961,1,2,2,1,1,5,USED
341.877940882,0,2,1,2,2,5,USED
342.144748858,2,7,7,1,1,3,USED
344.213289177,6,5,7,2,2,5,USED
344.600531278,5,4,4,1,1,5,USED
344.686673106,8,0,4,2,2,5,USED
345.285564319,4,6,6,1,1,3,USED
349.035127545,7,1,5,2,2,5,USED
349.264742471,3,8,2,2,2,3,USED
350.493470961,1,5,5,1,1,2,USED
351.877940882,0,2,1,2,2,5,USED
352.144748858,2,5,5,1,1,5,USED
354.213289177,6,0,0,1,1,3,USED
354.600531278,5,3,3,1,1,5,USED
354.686673106,8,1,4,2,2,5,USED
355.285564319,4,8,8,1,1,3,USED
359.035127545,7,4,4,1,1,5,USED
359.264742471,3,4,7,2,2,5,USED
360.493470961,1,0,0,1,1,4,USED
361.877940882,0,2,1,2,2,5,USED
362.144748858,2,7,7,1,1,3,USED
364.213289177,6,4,7,2,2,5,USED
364.600531278,5,6,7,2,2,5,USED
364.686673106,8,7,7,1,1,5,USED
365.285564319,4,0,0,1,1,6,USED
369.035127545,7,5,5,1,1,6,USED
369.264742471,3,1,1,1,1,3,USED
370.493470961,1,5,5,1,2,6,USED
371.877940882,0,2,2,1,1,6,USED
372.144748858,2,3,3,1,1,4,USED
374.213289177,6,4,7,2,2,5,USED
374.600531278,5,6,4,2,2,6,USED
374.686673106,8,4,4,1,1,6,USED
375.285564319,4,1,1,1,1,6,USED
379.035127545,7,4,4,1,1,6,USED
379.264742471,3,6,7,2,2,6,USED
380.493470961,1,6,6,1,1,3,USED
381.877940882,0,4,2,2,2,6,USED
382.144748858,2,7,7,1,1,3,USED
384.213289177,6,1,3,2,2,6,USED
384.600531278,5,3,3,1,1,5,USED
384.686673106,8,4,4,1,1,6,USED
385.285564319,4,3,3,1,1,6,USED
389.035127545,7,3,6,2,2,6,USED
389.264742471,3,8,4,2,2,6,USED
390.493470961,1,4,7,2,2,6,USED
391.877940882,0,3,3,1,1,6,USED
392.144748858,2,7,7,1,1,3,USED
394.213289177,6,8,7,2,2,5,USED
394.600531278,5,2,2,1,1,6,USED
394.686673106,8,4,4,1,1,6,USED
395.285564319,4,2,2,1,1,6,USED
399.035127545,7,2,4,2,2,6,USED
399.264742471,3,8,4,2,2,6,USED
400.493470961,1,3,3,1,1,6,USED
401.877940882,0,2,2,1,1,6,USED
402.144748858,2,0,0,1,1,2,USED
404.213289177,6,2,3,2,2,6,USED
404.600531278,5,2,2,1,1,6,USED
404.686673106,8,0,7,2,2,6,USED
405.285564319,4,1,1,1,1,6,USED
409.035127545,7,3,6,2,2,6,USED
409.264742471,3,2,2,1,1,3,USED
410.493470961,1,5,7,2,2,6,USED
411.877940882,0,6,3,2,2,6,USED
412.144748858,2,7,7,1,1,3,USED
414.213289177,6,2,3,2,2,6,USED
414.600531278,5,7,7,1,1,5,USED
414.686673106,8,2,4,2,2,6,USED
415.285564319,4,3,3,1,1,6,USED
419.035127545,7,4,4,1,1,6,USED
419.264742471,3,1,1,1,1,3,USED
420.493470961,1,8,7,2,2,6,USED
421.877940882,0,3,3,1,1,6,USED
422.144748858,2,5,5,1,1,6,USED
424.213289177,6,2,3,2,2,7,USED
424.600531278,5,6,4,2,2,6,USED
424.686673106,8,7,7,1,1,6,USED
425.285564319,4,7,7,1,1,6,USED
429.035127545,7,2,1,2,2,7,USED
429.264742471,3,0,0,1,1,7,USED
430.493470961,1,3,3,1,1,7,USED
431.877940882,0,3,3,1,1,7,USED
432.144748858,2,4,4,1,1,7,USED
434.213289177,6,7,7,1,1,7,USED
434.600531278,5,2,2,1,1,6,USED
434.686673106,8,1,4,2,2,7,USED
435.285564319,4,2,2,1,1,7,USED
439.035127545,7,5,5,1,1,6,USED
439.264742471,3,0,0,1,1,7,USED
440.493470961,1,2,2,1,1,7,USED
441.877940882,0,8,2,2,2,7,USED
442.144748858,2,7,7,1,1,3,USED
444.213289177,6,0,7,2,2,7,USED
444.600531278,5,1,1,1,1,7,USED
444.686673106,8,2,4,2,2,7,USED
445.285564319,4,3,3,1,1,7,USED
449.035127545,7,0,0,1,1,6,USED
449.264742471,3,6,7,2,2,7,USED
450.493470961,1,8,5,2,2,7,USED
451.877940882,0,7,2,2,2,7,USED
452.144748858,2,1,1,1,1,7,USED
454.213289177,6,7,7,1,1,7,USED
454.600531278,5,4,4,1,1,7,USED
454.686673106,8,4,4,1,1,7,USED
455.285564319,4,1,1,1,1,7,USED
459.035127545,7,4,4,1,1,7,USED
459.264742471,3,6,7,2,2,7,USED
460.493470961,1,2,2,1,1,7,USED
461.877940882,0,5,2,2,2,7,USED
462.144748858,2,3,3,1,1,4,USED
464.213289177,6,4,4,1,1,7,USED
464.600531278,5,6,6,1,2,7,USED
464.686673106,8,6,7,2,2,7,USED
465.285564319,4,8,8,1,1,7,USED
469.035127545,7,1,1,1,1,7,USED
469.264742471,3,4,4,1,1,7,USED
470.493470961,1,6,6,1,1,7,USED
471.877940882,0,3,3,1,1,7,USED
472.144748858,2,6,1,2,2,7,USED
474.213289177,6,3,3,1,1,7,USED
474.600531278,5,2,2,1,1,6,USED
474.686673106,8,4,4,1,1,7,USED
475.285564319,4,2,2,1,1,7,USED
479.035127545,7,1,1,1,1,7,USED
479.264742471,3,7,7,1,1,7,USED
480.493470961,1,4,4,1,1,7,USED
481.877940882,0,4,3,2,2,7,USED
482.144748858,2,5,5,1,1,6,USED
484.213289177,6,7,7,1,1,7,USED
484.600531278,5,7,7,1,2,7,USED
484.686673106,8,2,4,2,2,7,USED
485.285564319,4,0,0,1,1,8,USED
489.035127545,7,0,0,1,1,6,USED
489.264742471,3,2,2,1,1,3,USED
490.493470961,1,7,7,1,1,6,USED
491.877940882,0,6,1,2,2,8,USED
492.144748858,2,0,0,1,1,2,USED
494.213289177,6,4,4,1,2,8,USED
494.600531278,5,0,0,1,1,6,USED
494.686673106,8,4,4,1,1,8,USED
495.285564319,4,3,3,1,1,8,USED
499.035127545,7,0,0,1,1,6,USED
499.264742471,3,4,4,1,1,8,USED
500.493470961,1,7,7,1,1,6,USED
501.877940882,0,1,1,1,1,8,USED
502.144748858,2,8,4,2,2,8,USED
504.213289177,6,2,3,2,2,8,USED
504.600531278,5,8,8,1,1,7,USED
504.686673106,8,0,4,2,2,8,USED
505.285564319,4,8,8,1,1,8,USED
509.035127545,7,5,5,1,1,6,USED
509.264742471,3,5,7,2,2,7,USED
510.493470961,1,5,5,1,2,8,USED
511.877940882,0,1,1,1,1,8,USED
512.144748858,2,6,1,2,2,7,USED
514.213289177,6,4,4,1,2,8,USED
514.600531278,5,6,6,1,2,8,USED
514.686673106,8,4,4,1,1,8,USED
515.285564319,4,1,1,1,1,8,USED
519.035127545,7,3,3,1,1,8,USED
519.264742471,3,5,7,2,2,7,USED
520.493470961,1,3,3,1,1,7,USED
521.877940882,0,4,5,2,2,8,USED
522.144748858,2,5,5,1,1,6,USED
524.213289177,6,7,7,1,1,7,USED
524.600531278,5,0,0,1,1,6,USED
524.686673106,8,2,2,1,1,8,USED
525.285564319,4,2,2,1,1,7,USED
529.035127545,7,2,1,2,2,8,USED
529.264742471,3,6,6,1,1,8,USED
530.493470961,1,7,7,1,1,6,USED
531.877940882,0,8,5,2,2,8,USED
532.144748858,2,3,3,1,1,4,USED
534.213289177,6,0,7,2,2,7,USED
534.600531278,5,2,2,1,1,8,USED
534.686673106,8,2,2,1,1,8,USED
535.285564319,4,2,2,1,1,7,USED
539.035127545,7,0,0,1,1,6,USED
539.264742471,3,0,0,1,1,8,USED
540.493470961,1,2,2,1,1,8,USED
541.877940882,0,3,3,1,1,8,USED
542.144748858,2,8,4,2,2,8,USED
544.213289177,6,1,3,2,2,9,USED
544.600531278,5,0,0,1,1,6,USED
544.686673106,8,0,4,2,2,8,USED
545.285564319,4,5,7,2,2,8,USED
549.035127545,7,5,5,1,2,9,USED
549.264742471,3,7,7,1,1,7,USED
550.493470961,1,0,4,2,2,9,USED
551.877940882,0,3,3,1,1,9,USED
552.144748858,2,6,4,2,3,9,USED
554.213289177,6,1,3,2,2,9,USED
554.600531278,5,8,8,1,1,9,USED
554.686673106,8,1,4,2,2,9,USED
555.285564319,4,8,8,1,1,9,USED
559.035127545,7,1,1,1,1,9,USED
559.264742471,3,6,6,1,1,8,USED
560.493470961,1,0,4,2,2,9,USED
561.877940882,0,4,4,1,1,9,USED
562.144748858,2,5,5,1,1,9,USED
564.213289177,6,1,3,2,2,9,USED
564.600531278,5,0,0,1,1,6,USED
564.686673106,8,4,4,1,1,9,USED
565.285564319,4,7,7,1,1,9,USED
569.035127545,7,4,4,1,1,9,USED
569.264742471,3,8,8,1,1,9,USED
570.493470961,1,8,4,2,2,9,USED
571.877940882,0,2,2,1,1,7,USED
572.144748858,2,1,4,2,2,9,USED
574.213289177,6,3,3,1,1,9,USED
574.600531278,5,7,7,1,1,9,USED
574.686673106,8,2,2,1,1,9,USED
575.285564319,4,7,7,1,1,9,USED
579.035127545,7,0,0,1,1,6,USED
579.264742471,3,0,0,1,1,8,USED
580.493470961,1,4,4,1,1,9,USED
581.877940882,0,2,2,1,1,7,USED
582.144748858,2,3,3,1,1,4,USED
584.213289177,6,3,3,1,1,9,USED
584.600531278,5,4,4,1,1,9,USED
584.686673106,8,0,4,2,2,9,USED
585.285564319,4,1,1,1,1,9,USED
589.035127545,7,0,0,1,1,6,USED
589.264742471,3,6,6,1,1,8,USED
590.493470961,1,6,6,1,1,7,USED
591.877940882,0,8,4,2,2,9,USED
592.144748858,2,1,4,2,2,9,USED
594.213289177,6,2,4,2,2,9,USED
594.600531278,5,3,6,2,2,9,USED
594.686673106,8,6,6,1,1,9,USED
595.285564319,4,2,2,1,1,7,USED
599.035127545,7,1,1,1,1,9,USED
599.264742471,3,2,2,1,1,3,USED
600.493470961,1,5,2,2,2,9,USED
601.877940882,0,1,1,1,1,9,USED
602.144748858,2,0,5,2,2,9,USED
604.213289177,6,4,4,1,1,9,USED
604.600531278,5,1,1,1,1,9,USED
604.686673106,8,2,2,1,1,9,USED
605.285564319,4,1,1,1,1,10,USED
609.035127545,7,3,3,1,2,10,USED
609.264742471,3,7,7,1,1,9,USED
610.493470961,1,8,4,2,2,9,USED
611.877940882,0,3,3,1,1,10,USED
612.144748858,2,3,3,1,1,10,USED
614.213289177,6,8,7,2,3,10,USED
614.600531278,5,2,8,2,2,10,USED
614.686673106,8,6,6,1,1,9,USED
615.285564319,4,0,0,1,1,10,USED
619.035127545,7,4,4,1,1,10,USED
619.264742471,3,1,1,1,1,3,USED
620.493470961,1,4,4,1,1,9,USED
621.877940882,0,6,5,2,2,10,USED
622.144748858,2,5,5,1,1,10,USED
624.213289177,6,3,3,1,1,9,USED
624.600531278,5,0,0,1,1,6,USED
624.686673106,8,7,7,1,1,10,USED
625.285564319,4,2,2,1,1,10,USED
629.035127545,7,0,0,1,1,6,USED
629.264742471,3,6,7,2,2,10,USED
630.493470961,1,5,2,2,2,10,USED
631.877940882,0,7,5,2,2,10,USED
632.144748858,2,3,3,1,1,10,USED
634.213289177,6,2,7,2,3,10,USED
634.600531278,5,6,6,1,1,9,USED
634.686673106,8,4,4,1,1,10,USED
635.285564319,4,0,0,1,1,10,USED
639.035127545,7,0,0,1,1,6,USED
639.264742471,3,5,4,2,2,10,USED
640.493470961,1,4,4,1,1,9,USED
641.877940882,0,7,5,2,2,10,USED
642.144748858,2,0,4,2,2,10,USED
644.213289177,6,3,3,1,1,9,USED
644.600531278,5,2,8,2,2,10,USED
644.686673106,8,3,3,1,1,5,USED
645.285564319,4,5,5,1,1,9,USED
649.035127545,7,8,4,2,2,10,USED
649.264742471,3,4,4,1,1,10,USED
650.493470961,1,2,2,1,1,10,USED
651.877940882,0,5,5,1,1,10,USED
652.144748858,2,3,3,1,1,10,USED
654.213289177,6,1,3,2,2,9,USED
654.600531278,5,3,6,2,2,9,USED
654.686673106,8,5,5,1,1,10,USED
655.285564319,4,3,3,1,1,9,USED
659.035127545,7,8,4,2,2,10,USED
659.264742471,3,2,2,1,1,3,USED
660.493470961,1,3,3,1,1,7,USED
661.877940882,0,3,3,1,1,10,USED
662.144748858,2,5,5,1,1,10,USED
664.213289177,6,1,3,2,3,11,USED
664.600531278,5,8,8,1,1,10,USED
664.686673106,8,4,4,1,1,10,USED
665.285564319,4,1,1,1,1,11,USED
669.035127545,7,0,0,1,1,6,USED
669.264742471,3,2,2,1,1,3,USED
670.493470961,1,2,2,1,1,11,USED
671.877940882,0,1,1,1,1,11,USED
672.144748858,2,4,4,1,1,10,USED
674.213289177,6,3,3,1,1,11,USED
674.600531278,5,8,8,1,1,11,USED
674.686673106,8,3,3,1,1,5,USED
675.285564319,4,1,1,1,1,11,USED
679.035127545,7,6,6,1,1,11,USED
679.264742471,3,2,2,1,1,3,USED
680.493470961,1,2,2,1,1,11,USED
681.877940882,0,1,1,1,1,11,USED
682.144748858,2,6,4,2,2,10,USED
684.213289177,6,5,3,2,3,11,USED
684.600531278,5,1,1,1,1,9,USED
684.686673106,8,6,6,1,1,9,USED
685.285564319,4,8,8,1,1,11,USED
689.035127545,7,1,1,1,1,11,USED
689.264742471,3,4,4,1,1,11,USED
690.493470961,1,5,5,1,1,11,USED
691.877940882,0,5,5,1,1,10,USED
692.144748858,2,8,8,1,1,10,USED
694.213289177,6,3,3,1,1,11,USED
694.600531278,5,6,6,1,1,9,USED
694.686673106,8,5,5,1,1,10,USED
695.285564319,4,3,3,1,1,11,USED
699.035127545,7,8,4,2,2,11,USED
699.264742471,3,0,0,1,1,11,USED
700.493470961,1,3,3,1,1,11,USED
701.877940882,0,2,2,1,1,10,USED
702.144748858,2,6,4,2,2,10,USED
704.213289177,6,3,3,1,1,11,USED
704.600531278,5,4,4,1,1,11,USED
704.686673106,8,4,4,1,1,10,USED
705.285564319,4,3,3,1,1,11,USED
709.035127545,7,2,1,2,2,11,USED
709.264742471,3,5,4,2,2,11,USED
710.493470961,1,0,4,2,2,11,USED
711.877940882,0,8,3,2,2,11,USED
712.144748858,2,7,1,2,2,11,USED
714.213289177,6,1,3,2,3,11,USED
714.600531278,5,6,6,1,1,9,USED
714.686673106,8,2,2,1,1,10,USED
715.285564319,4,2,2,1,1,10,USED
719.035127545,7,1,1,1,1,11,USED
719.264742471,3,7,7,1,1,11,USED
720.493470961,1,2,2,1,1,11,USED
721.877940882,0,2,2,1,1,10,USED
722.144748858,2,1,1,1,1,11,USED
724.213289177,6,1,0,2,2,12,USED
724.600531278,5,8,8,1,1,11,USED
724.686673106,8,0,4,2,2,10,USED
725.285564319,4,0,0,1,1,11,USED
729.035127545,7,3,4,2,2,11,USED
729.264742471,3,4,4,1,1,11,USED
730.493470961,1,3,3,1,1,12,USED
731.877940882,0,8,3,2,2,12,USED
732.144748858,2,6,4,2,2,12,USED
734.213289177,6,2,3,2,2,12,USED
734.600531278,5,8,8,1,1,12,USED
734.686673106,8,1,1,1,1,12,USED
735.285564319,4,2,2,1,1,10,USED
739.035127545,7,3,4,2,2,12,USED
739.264742471,3,2,2,1,1,3,USED
740.493470961,1,5,5,1,1,11,USED
741.877940882,0,5,5,1,1,10,USED
742.144748858,2,7,7,1,1,12,USED
744.213289177,6,7,7,1,1,12,USED
744.600531278,5,8,8,1,1,12,USED
744.686673106,8,4,7,2,2,12,USED
745.285564319,4,0,0,1,1,11,USED
749.035127545,7,4,4,1,1,12,USED
749.264742471,3,7,7,1,1,12,USED
750.493470961,1,6,6,1,1,11,USED
751.877940882,0,6,4,2,2,12,USED
752.144748858,2,0,7,2,2,12,USED
754.213289177,6,5,5,1,1,12,USED
754.600531278,5,2,2,1,1,12,USED
754.686673106,8,7,7,1,1,12,USED
755.285564319,4,2,2,1,1,10,USED
759.035127545,7,5,6,2,2,12,USED
759.264742471,3,6,6,1,1,12,USED
760.493470961,1,5,5,1,1,11,USED
761.877940882,0,6,4,2,2,12,USED
762.144748858,2,0,7,2,2,12,USED
764.213289177,6,8,5,2,2,12,USED
764.600531278,5,6,6,1,1,9,USED
764.686673106,8,7,7,1,1,12,USED
765.285564319,4,6,6,1,1,12,USED
769.035127545,7,6,6,1,1,12,USED
769.264742471,3,8,8,1,1,9,USED
770.493470961,1,7,7,1,1,12,USED
771.877940882,0,5,5,1,1,10,USED
772.144748858,2,7,7,1,1,12,USED
774.213289177,6,5,5,1,1,12,USED
774.600531278,5,6,6,1,1,9,USED
774.686673106,8,0,7,2,2,12,USED
775.285564319,4,8,8,1,1,11,USED
779.035127545,7,5,6,2,2,12,USED
779.264742471,3,2,2,1,1,3,USED
780.493470961,1,3,3,1,1,12,USED
781.877940882,0,7,4,2,2,12,USED
782.144748858,2,8,8,1,1,10,USED
784.213289177,6,1,7,2,2,12,USED
784.600531278,5,2,2,1,1,12,USED
784.686673106,8,3,3,1,1,13,USED
785.285564319,4,1,5,2,2,12,USED
789.035127545,7,6,6,1,1,12,USED
789.264742471,3,5,4,2,2,11,USED
790.493470961,1,2,2,1,1,13,USED
791.877940882,0,8,3,2,2,12,USED
792.144748858,2,4,4,1,2,13,USED
794.213289177,6,4,7,2,2,12,USED
794.600531278,5,6,6,1,1,9,USED
794.686673106,8,4,7,2,2,13,USED
795.285564319,4,8,8,1,1,11,USED
799.035127545,7,8,5,2,2,13,USED
799.264742471,3,1,7,2,2,12,USED
800.493470961,1,7,7,1,1,12,USED
801.877940882,0,4,4,1,1,12,USED
802.144748858,2,5,5,1,1,13,USED
804.213289177,6,7,7,1,1,12,USED
804.600531278,5,3,8,2,2,13,USED
804.686673106,8,4,7,2,2,13,USED
805.285564319,4,1,7,2,2,13,USED
809.035127545,7,2,0,2,2,13,USED
809.264742471,3,2,0,2,2,13,USED
810.493470961,1,7,7,1,1,12,USED
811.877940882,0,3,3,1,1,12,USED
812.144748858,2,4,4,1,2,13,USED
814.213289177,6,5,5,1,1,12,USED
814.600531278,5,6,6,1,1,9,USED
814.686673106,8,1,1,1,1,12,USED
815.285564319,4,5,5,1,1,12,USED
819.035127545,7,4,4,1,1,13,USED
819.264742471,3,6,6,1,1,13,USED
820.493470961,1,0,0,1,1,13,USED
821.877940882,0,6,5,2,2,13,USED
822.144748858,2,0,1,2,2,13,USED
824.213289177,6,3,3,1,1,13,USED
824.600531278,5,7,7,1,1,13,USED
824.686673106,8,4,7,2,2,13,USED
825.285564319,4,2,2,1,1,10,USED
829.035127545,7,3,4,2,2,13,USED
829.264742471,3,5,6,2,2,13,USED
830.493470961,1,0,0,1,1,13,USED
831.877940882,0,2,2,1,1,10,USED
832.144748858,2,1,1,1,1,13,USED
834.213289177,6,8,5,2,2,12,USED
834.600531278,5,4,4,1,1,13,USED
834.686673106,8,1,1,1,1,12,USED
835.285564319,4,3,3,1,1,13,USED
839.035127545,7,6,6,1,1,13,USED
839.264742471,3,2,0,2,2,13,USED
840.493470961,1,2,2,1,1,13,USED
841.877940882,0,2,2,1,1,10,USED
842.144748858,2,7,7,1,1,12,USED
844.213289177,6,3,3,1,1,13,USED
844.600531278,5,6,6,1,1,9,USED
844.686673106,8,1,1,1,2,14,USED
845.285564319,4,2,2,1,1,10,USED
849.035127545,7,2,0,2,2,13,USED
849.264742471,3,7,7,1,1,12,USED
850.493470961,1,2,2,1,1,14,USED
851.877940882,0,8,4,2,2,14,USED
852.144748858,2,8,5,2,2,14,USED
854.213289177,6,7,7,1,1,14,USED
854.600531278,5,0,0,1,1,6,USED
854.686673106,8,2,5,2,2,14,USED
855.285564319,4,3,3,1,1,13,USED
859.035127545,7,5,5,1,1,13,USED
859.264742471,3,6,6,1,2,14,USED
860.493470961,1,4,4,1,1,13,USED
861.877940882,0,2,2,1,1,14,USED
862.144748858,2,5,5,1,1,14,USED
864.213289177,6,7,7,1,1,14,USED
864.600531278,5,2,2,1,1,14,USED
864.686673106,8,6,6,1,1,9,USED
865.285564319,4,5,5,1,1,12,USED
869.035127545,7,0,0,1,1,13,USED
869.264742471,3,6,6,1,2,14,USED
870.493470961,1,2,2,1,1,14,USED
871.877940882,0,8,4,2,2,14,USED
872.144748858,2,3,4,2,2,14,USED
874.213289177,6,2,3,2,2,13,USED
874.600531278,5,8,8,1,1,14,USED
874.686673106,8,4,4,1,1,14,USED
875.285564319,4,3,3,1,1,13,USED
879.035127545,7,5,5,1,1,13,USED
879.264742471,3,4,0,2,2,14,USED
880.493470961,1,8,4,2,2,13,USED
881.877940882,0,5,5,1,1,13,USED
882.144748858,2,7,7,1,1,12,USED
884.213289177,6,8,5,2,2,12,USED
884.600531278,5,1,1,1,1,13,USED
884.686673106,8,6,6,1,1,9,USED
885.285564319,4,7,7,1,1,13,USED
889.035127545,7,0,0,1,1,13,USED
889.264742471,3,4,0,2,2,14,USED
890.493470961,1,2,2,1,1,14,USED
891.877940882,0,5,5,1,1,13,USED
892.144748858,2,6,4,2,2,14,USED
894.213289177,6,3,3,1,1,13,USED
894.600531278,5,0,0,1,1,6,USED
894.686673106,8,7,7,1,1,13,USED
895.285564319,4,3,3,1,1,13,USED
899.035127545,7,5,5,1,1,13,USED
899.264742471,3,6,6,1,2,14,USED
900.493470961,1,3,3,1,1,13,USED
901.877940882,0,6,3,2,2,14,USED
902.144748858,2,0,1,2,2,14,USED
904.213289177,6,5,5,1,1,12,USED
904.600531278,5,0,0,1,1,15,USED
904.686673106,8,0,5,2,2,14,USED
905.285564319,4,8,8,1,1,14,USED
909.035127545,7,1,1,1,1,15,USED
909.264742471,3,8,8,1,1,9,USED
910.493470961,1,0,0,1,1,14,USED
911.877940882,0,3,3,1,1,15,USED
912.144748858,2,1,1,1,1,15,USED
914.213289177,6,1,1,1,1,14,USED
914.600531278,5,7,7,1,2,15,USED
914.686673106,8,3,3,1,1,13,USED
915.285564319,4,8,8,1,1,15,USED
919.035127545,7,3,3,1,1,14,USED
919.264742471,3,5,4,2,2,15,USED
920.493470961,1,7,7,1,1,12,USED
921.877940882,0,2,2,1,1,14,USED
922.144748858,2,0,1,2,2,15,USED
924.213289177,6,7,7,1,1,15,USED
924.600531278,5,6,6,1,1,9,USED
924.686673106,8,3,3,1,1,13,USED
925.285564319,4,3,3,1,1,15,USED
929.035127545,7,8,4,2,2,15,USED
929.264742471,3,1,1,1,1,15,USED
930.493470961,1,4,4,1,1,13,USED
931.877940882,0,5,5,1,1,13,USED
932.144748858,2,4,4,1,1,14,USED
934.213289177,6,5,5,1,2,15,USED
934.600531278,5,1,4,2,2,15,USED
934.686673106,8,6,6,1,1,9,USED
935.285564319,4,0,0,1,1,13,USED
939.035127545,7,4,4,1,1,15,USED
939.264742471,3,8,8,1,1,9,USED
940.493470961,1,7,7,1,1,12,USED
941.877940882,0,7,3,2,2,15,USED
942.144748858,2,1,1,1,1,15,USED
944.213289177,6,3,3,1,1,15,USED
944.600531278,5,2,2,1,1,14,USED
944.686673106,8,0,5,2,2,15,USED
945.285564319,4,6,6,1,1,15,USED
949.035127545,7,4,4,1,1,15,USED
949.264742471,3,7,7,1,1,15,USED
950.493470961,1,8,4,2,2,13,USED
951.877940882,0,7,3,2,2,15,USED
952.144748858,2,4,4,1,1,14,USED
954.213289177,6,3,3,1,1,15,USED
954.600531278,5,3,4,2,2,15,USED
954.686673106,8,2,5,2,2,15,USED
955.285564319,4,1,1,1,1,15,USED
959.035127545,7,4,4,1,1,15,USED
959.264742471,3,7,7,1,1,15,USED
960.493470961,1,0,0,1,1,14,USED
961.877940882,0,4,4,1,1,14,USED
962.144748858,2,5,5,1,1,15,USED
964.213289177,6,8,7,2,3,15,USED
964.600531278,5,1,4,2,2,15,USED
964.686673106,8,5,5,1,1,15,USED
965.285564319,4,3,3,1,1,15,USED
969.035127545,7,3,3,1,1,16,USED
969.264742471,3,5,0,2,2,16,USED
970.493470961,1,7,7,1,1,12,USED
971.877940882,0,1,1,1,1,16,USED
972.144748858,2,1,1,1,1,16,USED
974.213289177,6,0,0,1,1,12,USED
974.600531278,5,0,0,1,1,15,USED
974.686673106,8,6,6,1,1,9,USED
975.285564319,4,7,7,1,1,16,USED
979.035127545,7,5,5,1,1,16,USED
979.264742471,3,1,1,1,2,16,USED
980.493470961,1,3,3,1,1,16,USED
981.877940882,0,2,2,1,1,14,USED
982.144748858,2,6,8,2,2,15,USED
984.213289177,6,0,0,1,1,12,USED
984.600531278,5,2,2,1,1,16,USED
984.686673106,8,0,7,2,2,16,USED
985.285564319,4,0,7,2,2,16,USED
989.035127545,7,0,0,1,1,13,USED
989.264742471,3,5,0,2,2,16,USED
990.493470961,1,2,2,1,1,16,USED
991.877940882,0,3,3,1,1,16,USED
992.144748858,2,3,8,2,2,15,USED
994.213289177,6,3,3,1,1,15,USED
994.600531278,5,4,4,1,1,16,USED
994.686673106,8,3,3,1,1,13,USED
995.285564319,4,0,7,2,2,16,USED
999.035127545,7,3,3,1,1,16,USED
999.264742471,3,7,7,1,2,16,USED
1000.493470961,1,0,3,2,2,16,USED
1001.877940882,0,4,4,1,1,14,USED
1002.144748858,2,1,1,1,1,16,USED
1004.213289177,6,8,7,2,3,16,USED
1004.600531278,5,0,0,1,1,15,USED
1004.686673106,8,3,3,1,1,13,USED
1005.285564319,4,5,5,1,1,16,USED
1009.035127545,7,4,4,1,1,16,USED
1009.264742471,3,6,6,1,1,16,USED
1010.493470961,1,5,4,2,2,16,USED
1011.877940882,0,1,1,1,1,16,USED
1012.144748858,2,3,8,2,2,15,USED
1014.213289177,6,1,7,2,2,16,USED
1014.600531278,5,3,6,2,2,16,USED
1014.686673106,8,3,3,1,1,13,USED
1015.285564319,4,1,7,2,2,16,USED
1019.035127545,7,8,4,2,2,16,USED
1019.264742471,3,7,7,1,2,16,USED
1020.493470961,1,2,2,1,1,16,USED
1021.877940882,0,4,4,1,1,14,USED
1022.144748858,2,6,8,2,2,15,USED
1024.213289177,6,3,3,1,1,17,USED
1024.600531278,5,6,6,1,1,16,USED
1024.686673106,8,4,4,1,1,16,USED
1025.285564319,4,1,1,1,1,17,USED
1029.035127545,7,4,4,1,1,16,USED
1029.264742471,3,0,0,1,1,17,USED
1030.493470961,1,4,4,1,1,17,USED
1031.877940882,0,3,3,1,1,17,USED
1032.144748858,2,0,5,2,2,17,USED
1034.213289177,6,1,7,2,2,17,USED
1034.600531278,5,4,4,1,1,17,USED
1034.686673106,8,6,6,1,1,9,USED
1035.285564319,4,2,2,1,1,16,USED
1039.035127545,7,6,6,1,1,17,USED
1039.264742471,3,8,8,1,1,9,USED
1040.493470961,1,4,4,1,1,17,USED
1041.877940882,0,2,2,1,1,14,USED
1042.144748858,2,8,8,1,1,17,USED
1044.213289177,6,1,7,2,2,17,USED
1044.600531278,5,6,6,1,1,16,USED
1044.686673106,8,3,3,1,1,13,USED
1045.285564319,4,5,5,1,1,16,USED
1049.035127545,7,1,1,1,1,17,USED
1049.264742471,3,7,7,1,1,17,USED
1050.493470961,1,8,4,2,2,17,USED
1051.877940882,0,3,3,1,1,17,USED
1052.144748858,2,6,8,2,2,17,USED
1054.213289177,6,7,7,1,1,17,USED
1054.600531278,5,2,2,1,1,17,USED
1054.686673106,8,2,5,2,2,17,USED
1055.285564319,4,6,6,1,1,15,USED
1059.035127545,7,1,1,1,1,17,USED
1059.264742471,3,0,0,1,1,17,USED
1060.493470961,1,2,2,1,1,17,USED
1061.877940882,0,1,4,2,2,17,USED
1062.144748858,2,5,5,1,1,17,USED
1064.213289177,6,0,0,1,1,12,USED
1064.600531278,5,8,8,1,1,17,USED
1064.686673106,8,2,5,2,2,17,USED
1065.285564319,4,1,1,1,1,17,USED
1069.035127545,7,6,6,1,1,17,USED
1069.264742471,3,8,8,1,1,9,USED
1070.493470961,1,4,4,1,1,17,USED
1071.877940882,0,7,4,2,2,17,USED
1072.144748858,2,1,1,1,1,17,USED
1074.213289177,6,2,2,1,1,17,USED
1074.600531278,5,8,8,1,1,17,USED
1074.686673106,8,4,4,1,1,17,USED
1075.285564319,4,6,6,1,1,15,USED
1079.035127545,7,6,6,1,1,17,USED
1079.264742471,3,8,8,1,1,9,USED
1080.493470961,1,4,4,1,1,17,USED
1081.877940882,0,4,4,1,1,17,USED
1082.144748858,2,5,5,1,1,17,USED
1084.213289177,6,7,7,1,1,17,USED
1084.600531278,5,8,8,1,1,17,USED
1084.686673106,8,6,6,1,1,9,USED
1085.285564319,4,3,3,1,1,18,USED
1089.035127545,7,1,1,1,1,18,USED
1089.264742471,3,1,1,1,1,18,USED
1090.493470961,1,2,2,1,1,18,USED
1091.877940882,0,4,4,1,1,18,USED
1092.144748858,2,3,1,2,2,18,USED
1094.213289177,6,1,7,2,2,18,USED
1094.600531278,5,4,4,1,1,18,USED
1094.686673106,8,6,6,1,1,9,USED
1095.285564319,4,3,3,1,1,18,USED
1099.035127545,7,3,6,2,2,18,USED
1099.264742471,3,7,7,1,2,18,USED
1100.493470961,1,4,4,1,1,18,USED
1101.877940882,0,7,4,2,2,18,USED
1102.144748858,2,8,8,1,1,17,USED
1104.213289177,6,7,7,1,1,18,USED
1104.600531278,5,0,0,1,1,15,USED
1104.686673106,8,6,6,1,1,9,USED
1105.285564319,4,3,3,1,1,18,USED
1109.035127545,7,1,1,1,1,18,USED
1109.264742471,3,7,7,1,2,18,USED
1110.493470961,1,6,5,2,2,18,USED
1111.877940882,0,6,4,2,2,18,USED
1112.144748858,2,3,1,2,2,18,USED
1114.213289177,6,3,3,1,1,17,USED
1114.600531278,5,2,2,1,2,18,USED
1114.686673106,8,5,5,1,1,18,USED
1115.285564319,4,5,5,1,2,18,USED
1119.035127545,7,6,6,1,1,18,USED
1119.264742471,3,4,4,1,1,17,USED
1120.493470961,1,0,0,1,1,18,USED
1121.877940882,0,5,5,1,2,18,USED
1122.144748858,2,1,1,1,1,18,USED
1124.213289177,6,8,7,2,3,18,USED
1124.600531278,5,2,2,1,2,18,USED
1124.686673106,8,6,6,1,1,9,USED
1125.285564319,4,8,8,1,1,17,USED
1129.035127545,7,5,5,1,2,18,USED
1129.264742471,3,1,1,1,1,18,USED
1130.493470961,1,0,0,1,1,18,USED
1131.877940882,0,6,4,2,2,18,USED
1132.144748858,2,6,7,2,2,18,USED
1134.213289177,6,3,3,1,1,17,USED
1134.600531278,5,8,8,1,1,17,USED
1134.686673106,8,5,5,1,1,18,USED
1135.285564319,4,8,8,1,1,17,USED
1139.035127545,7,3,6,2,2,18,USED
1139.264742471,3,6,6,1,1,18,USED
1140.493470961,1,3,3,1,1,16,USED
1141.877940882,0,5,5,1,2,18,USED
1142.144748858,2,7,7,1,1,18,USED
1144.213289177,6,0,0,1,1,19,USED
1144.600531278,5,8,8,1,1,17,USED
1144.686673106,8,2,7,2,3,18,USED
1145.285564319,4,2,1,2,2,19,USED
1149.035127545,7,5,5,1,1,19,USED
1149.264742471,3,5,5,1,1,18,USED
1150.493470961,1,4,4,1,1,19,USED
1151.877940882,0,2,1,2,2,19,USED
1152.144748858,2,3,3,1,1,19,USED
1154.213289177,6,1,1,1,1,19,USED
1154.600531278,5,2,2,1,1,19,USED
1154.686673106,8,7,7,1,1,19,USED
1155.285564319,4,2,5,2,2,19,USED
1159.035127545,7,4,4,1,1,19,USED
1159.264742471,3,1,1,1,1,18,USED
1160.493470961,1,7,4,2,2,19,USED
1161.877940882,0,3,3,1,1,19,USED
1162.144748858,2,8,8,1,1,17,USED
1164.213289177,6,5,3,2,2,19,USED
1164.600531278,5,1,7,2,2,19,USED
1164.686673106,8,6,5,2,2,19,USED
1165.285564319,4,5,5,1,1,19,USED
1169.035127545,7,1,1,1,1,18,USED
1169.264742471,3,8,4,2,2,19,USED
1170.493470961,1,3,3,1,1,19,USED
1171.877940882,0,1,1,1,1,19,USED
1172.144748858,2,1,1,1,1,19,USED
1174.213289177,6,1,1,1,1,19,USED
1174.600531278,5,7,7,1,1,19,USED
1174.686673106,8,6,5,2,2,19,USED
1175.285564319,4,1,1,1,1,19,USED
1179.035127545,7,4,4,1,1,19,USED
1179.264742471,3,1,1,1,1,18,USED
1180.493470961,1,8,4,2,2,19,USED
1181.877940882,0,5,1,2,2,19,USED
1182.144748858,2,7,7,1,1,18,USED
1184.213289177,6,3,3,1,1,19,USED
1184.600531278,5,4,4,1,1,19,USED
1184.686673106,8,6,5,2,2,19,USED
1185.285564319,4,6,7,2,2,19,USED
1189.035127545,7,0,0,1,2,19,USED
1189.264742471,3,7,7,1,1,19,USED
1190.493470961,1,6,3,2,2,19,USED
1191.877940882,0,8,3,2,2,19,USED
1192.144748858,2,5,5,1,1,19,USED
1194.213289177,6,8,3,2,2,19,USED
1194.600531278,5,3,4,2,2,19,USED
1194.686673106,8,6,5,2,2,19,USED
1195.285564319,4,8,8,1,1,17,USED
1199.035127545,7,3,4,2,2,19,USED
1199.264742471,3,7,7,1,1,19,USED
1200.493470961,1,0,3,2,2,19,USED
1201.877940882,0,5,1,2,2,19,USED
1202.144748858,2,1,1,1,1,19,USED
1204.213289177,6,0,0,1,1,19,USED
1204.600531278,5,1,1,1,1,20,USED
1204.686673106,8,1,7,2,2,19,USED
1205.285564319,4,7,7,1,1,19,USED
1209.035127545,7,4,4,1,1,19,USED
1209.264742471,3,1,1,1,1,18,USED
1210.493470961,1,2,2,1,1,20,USED
1211.877940882,0,3,3,1,1,20,USED
1212.144748858,2,7,7,1,1,18,USED
1214.213289177,6,5,3,2,2,20,USED
1214.600531278,5,8,8,1,1,20,USED
1214.686673106,8,6,5,2,2,20,USED
1215.285564319,4,6,3,2,2,20,USED
1219.035127545,7,3,3,1,1,20,USED
1219.264742471,3,4,4,1,1,20,USED
1220.493470961,1,3,3,1,1,19,USED
1221.877940882,0,3,3,1,1,20,USED
1222.144748858,2,3,3,1,1,19,USED
1224.213289177,6,1,1,1,1,19,USED
1224.600531278,5,7,7,1,1,20,USED
1224.686673106,8,5,5,1,1,20,USED
1225.285564319,4,6,3,2,2,20,USED
1229.035127545,7,4,4,1,1,20,USED
1229.264742471,3,0,0,1,1,19,USED
1230.493470961,1,5,5,1,2,20,USED
1231.877940882,0,7,3,2,2,20,USED
1232.144748858,2,7,7,1,1,18,USED
1234.213289177,6,2,2,1,1,17,USED
1234.600531278,5,8,8,1,1,20,USED
1234.686673106,8,7,7,1,1,20,USED
1235.285564319,4,5,8,2,2,20,USED
1239.035127545,7,2,6,2,2,20,USED
1239.264742471,3,0,0,1,1,19,USED
1240.493470961,1,7,2,2,2,20,USED
1241.877940882,0,6,3,2,2,20,USED
1242.144748858,2,4,4,1,1,20,USED
1244.213289177,6,3,3,1,1,20,USED
1244.600531278,5,3,8,2,2,20,USED
1244.686673106,8,7,7,1,1,20,USED
1245.285564319,4,5,8,2,2,20,USED
1249.035127545,7,5,5,1,1,20,USED
1249.264742471,3,7,7,1,1,19,USED
1250.493470961,1,4,4,1,1,20,USED
1251.877940882,0,4,4,1,2,20,USED
1252.144748858,2,4,4,1,1,20,USED
1254.213289177,6,3,3,1,1,20,USED
1254.600531278,5,1,1,1,1,20,USED
1254.686673106,8,3,3,1,1,13,USED
1255.285564319,4,7,7,1,1,20,USED
1259.035127545,7,3,3,1,1,20,USED
1259.264742471,3,4,4,1,1,20,USED
1260.493470961,1,4,4,1,1,20,USED
1261.877940882,0,7,3,2,2,20,USED
1262.144748858,2,0,3,2,2,19,USED
1264.213289177,6,8,7,2,3,20,USED
1264.600531278,5,0,0,1,1,21,USED
1264.686673106,8,5,5,1,1,20,USED
1265.285564319,4,0,0,1,1,21,USED
1269.035127545,7,5,5,1,2,21,USED
1269.264742471,3,7,7,1,1,19,USED
1270.493470961,1,2,2,1,1,21,USED
1271.877940882,0,6,4,2,3,21,USED
1272.144748858,2,8,8,1,1,17,USED
1274.213289177,6,8,7,2,4,21,USED
1274.600531278,5,2,8,2,2,21,USED
1274.686673106,8,1,7,2,3,21,USED
1275.285564319,4,0,0,1,1,21,USED
1279.035127545,7,8,4,2,3,21,USED
1279.264742471,3,5,4,2,2,21,USED
1280.493470961,1,5,8,2,2,21,USED
1281.877940882,0,6,4,2,3,21,USED
1282.144748858,2,3,3,1,2,21,USED
1284.213289177,6,0,3,2,2,21,USED
1284.600531278,5,0,0,1,1,21,USED
1284.686673106,8,5,5,1,1,21,USED
1285.285564319,4,2,2,1,1,21,USED
1289.035127545,7,1,1,1,1,18,USED
1289.264742471,3,7,7,1,1,21,USED
1290.493470961,1,4,4,1,1,21,USED
1291.877940882,0,4,4,1,1,21,USED
1292.144748858,2,1,1,1,1,21,USED
1294.213289177,6,4,3,2,2,21,USED
1294.600531278,5,4,4,1,1,21,USED
1294.686673106,8,3,3,1,1,13,USED
1295.285564319,4,1,1,1,1,21,USED
1299.035127545,7,8,4,2,3,21,USED
1299.264742471,3,1,1,1,1,18,USED
1300.493470961,1,8,8,1,1,21,USED
1301.877940882,0,8,1,2,3,21,USED
1302.144748858,2,4,4,1,2,21,USED
1304.213289177,6,1,1,1,1,19,USED
1304.600531278,5,3,7,2,2,21,USED
1304.686673106,8,4,4,1,1,21,USED
1305.285564319,4,8,8,1,2,21,USED
1309.035127545,7,8,4,2,3,21,USED
1309.264742471,3,8,6,2,3,21,USED
1310.493470961,1,7,4,2,2,21,USED
1311.877940882,0,8,1,2,3,21,USED
1312.144748858,2,8,8,1,1,17,USED
1314.213289177,6,7,7,1,1,21,USED
1314.600531278,5,6,6,1,1,16,USED
1314.686673106,8,0,4,2,2,21,USED
1315.285564319,4,0,0,1,1,21,USED
1319.035127545,7,2,6,2,2,21,USED
1319.264742471,3,4,4,1,1,21,USED
1320.493470961,1,4,4,1,1,21,USED
1321.877940882,0,4,4,1,1,21,USED
1322.144748858,2,0,5,2,2,21,USED
1324.213289177,6,4,3,2,2,22,USED
1324.600531278,5,0,0,1,1,21,USED
1324.686673106,8,2,2,1,1,19,USED
1325.285564319,4,0,0,1,1,21,USED
1329.035127545,7,3,3,1,1,21,USED
1329.264742471,3,5,5,1,1,22,USED
1330.493470961,1,3,3,1,1,22,USED
1331.877940882,0,2,1,2,2,22,USED
1332.144748858,2,0,5,2,2,21,USED
1334.213289177,6,0,3,2,2,22,USED
1334.600531278,5,3,7,2,2,21,USED
1334.686673106,8,3,3,1,1,13,USED
1335.285564319,4,3,3,1,1,21,USED
1339.035127545,7,0,3,2,2,21,USED
1339.264742471,3,4,4,1,1,21,USED
1340.493470961,1,3,3,1,1,22,USED
1341.877940882,0,4,4,1,1,22,USED
1342.144748858,2,8,8,1,1,17,USED
1344.213289177,6,3,3,1,1,22,USED
1344.600531278,5,8,8,1,1,21,USED
1344.686673106,8,4,4,1,1,21,USED
1345.285564319,4,3,3,1,1,21,USED
1349.035127545,7,8,2,2,2,22,USED
1349.264742471,3,1,1,1,1,22,USED
1350.493470961,1,7,2,2,2,22,USED
1351.877940882,0,1,1,1,1,22,USED
1352.144748858,2,1,4,2,2,22,USED
1354.213289177,6,5,3,2,3,22,USED
1354.600531278,5,6,6,1,1,16,USED
1354.686673106,8,2,2,1,1,19,USED
1355.285564319,4,8,1,2,2,22,USED
1359.035127545,7,3,3,1,1,21,USED
1359.264742471,3,4,4,1,1,21,USED
1360.493470961,1,0,0,1,1,21,USED
1361.877940882,0,6,3,2,2,22,USED
1362.144748858,2,5,5,1,1,21,USED
1364.213289177,6,5,3,2,3,22,USED
1364.600531278,5,8,8,1,1,21,USED
1364.686673106,8,6,7,2,2,22,USED
1365.285564319,4,0,0,1,1,21,USED
1369.035127545,7,8,2,2,2,22,USED
1369.264742471,3,2,6,2,2,22,USED
1370.493470961,1,0,0,1,1,21,USED
1371.877940882,0,5,4,2,2,22,USED
1372.144748858,2,7,7,1,1,18,USED
1374.213289177,6,0,3,2,2,22,USED
1374.600531278,5,1,4,2,2,22,USED
1374.686673106,8,6,7,2,2,22,USED
1375.285564319,4,5,5,1,1,22,USED
1379.035127545,7,5,4,2,2,22,USED
1379.264742471,3,8,1,2,2,22,USED
1380.493470961,1,5,5,1,1,22,USED
1381.877940882,0,1,1,1,1,22,USED
1382.144748858,2,8,8,1,1,17,USED
1384.213289177,6,7,7,1,1,21,USED
1384.600531278,5,2,2,1,1,22,USED
1384.686673106,8,7,7,1,1,22,USED
1385.285564319,4,5,5,1,1,22,USED
1389.035127545,7,6,6,1,1,22,USED
1389.264742471,3,7,7,1,1,21,USED
1390.493470961,1,4,4,1,1,23,USED
1391.877940882,0,8,5,2,2,23,USED
1392.144748858,2,3,4,2,2,23,USED
1394.213289177,6,4,3,2,2,23,USED
1394.600531278,5,7,7,1,1,21,USED
1394.686673106,8,7,7,1,1,23,USED
1395.285564319,4,1,1,1,1,23,USED
1399.035127545,7,2,2,1,1,22,USED
1399.264742471,3,5,5,1,1,22,USED
1400.493470961,1,3,3,1,1,23,USED
1401.877940882,0,5,5,1,1,23,USED
1402.144748858,2,3,4,2,2,23,USED
1404.213289177,6,1,1,1,1,23,USED
1404.600531278,5,4,4,1,1,23,USED
1404.686673106,8,6,7,2,2,23,USED
1405.285564319,4,7,7,1,1,23,USED
1409.035127545,7,3,6,2,2,23,USED
1409.264742471,3,2,6,2,3,23,USED
1410.493470961,1,0,0,1,1,23,USED
1411.877940882,0,3,3,1,1,23,USED
1412.144748858,2,8,8,1,1,17,USED
1414.213289177,6,8,1,2,2,23,USED
1414.600531278,5,6,6,1,2,23,USED
1414.686673106,8,1,5,2,2,23,USED
1415.285564319,4,7,7,1,1,23,USED
1419.035127545,7,8,2,2,2,22,USED
1419.264742471,3,8,1,2,2,22,USED
1420.493470961,1,3,3,1,1,23,USED
1421.877940882,0,8,5,2,2,23,USED
1422.144748858,2,4,4,1,1,23,USED
1424.213289177,6,2,2,1,1,17,USED
1424.600531278,5,8,4,2,2,23,USED
1424.686673106,8,3,3,1,2,23,USED
1425.285564319,4,6,6,1,1,23,USED
1429.035127545,7,6,6,1,1,23,USED
1429.264742471,3,0,0,1,1,21,USED
1430.493470961,1,0,0,1,1,23,USED
1431.877940882,0,1,1,1,1,23,USED
1432.144748858,2,7,7,1,1,18,USED
1434.213289177,6,7,7,1,1,23,USED
1434.600531278,5,0,0,1,1,21,USED
1434.686673106,8,7,7,1,1,23,USED
1435.285564319,4,7,7,1,1,23,USED
1439.035127545,7,6,6,1,1,23,USED
1439.264742471,3,7,7,1,1,21,USED
1440.493470961,1,2,2,1,1,23,USED
1441.877940882,0,6,3,2,2,23,USED
1442.144748858,2,3,4,2,2,23,USED
1444.213289177,6,7,7,1,1,23,USED
1444.600531278,5,1,1,1,1,24,USED
1444.686673106,8,0,5,2,2,23,USED
1445.285564319,4,3,3,1,1,24,USED
1449.035127545,7,2,2,1,1,22,USED
1449.264742471,3,7,7,1,1,21,USED
1450.493470961,1,7,8,2,2,24,USED
1451.877940882,0,5,4,2,2,24,USED
1452.144748858,2,1,1,1,1,24,USED
1454.213289177,6,5,1,2,2,24,USED
1454.600531278,5,3,4,2,2,24,USED
1454.686673106,8,2,2,1,1,24,USED
1455.285564319,4,0,0,1,1,21,USED
1459.035127545,7,5,4,2,2,24,USED
1459.264742471,3,8,4,2,2,24,USED
1460.493470961,1,5,4,2,2,24,USED
1461.877940882,0,4,4,1,1,24,USED
1462.144748858,2,4,4,1,1,23,USED
1464.213289177,6,1,1,1,1,24,USED
1464.600531278,5,0,0,1,1,21,USED
1464.686673106,8,3,2,2,2,24,USED
1465.285564319,4,0,0,1,1,21,USED
1469.035127545,7,2,2,1,1,22,USED
1469.264742471,3,8,4,2,2,24,USED
1470.493470961,1,4,4,1,1,24,USED
1471.877940882,0,1,1,1,1,24,USED
1472.144748858,2,7,7,1,1,18,USED
1474.213289177,6,3,3,1,1,23,USED
1474.600531278,5,7,7,1,1,24,USED
1474.686673106,8,7,7,1,1,24,USED
1475.285564319,4,5,5,1,1,22,USED
1479.035127545,7,6,6,1,1,24,USED
1479.264742471,3,7,7,1,1,21,USED
1480.493470961,1,0,0,1,1,23,USED
1481.877940882,0,2,4,2,2,24,USED
1482.144748858,2,8,8,1,1,17,USED
1484.213289177,6,0,1,2,2,24,USED
1484.600531278,5,1,1,1,1,24,USED
1484.686673106,8,3,2,2,2,24,USED
1485.285564319,4,6,6,1,2,24,USED
1489.035127545,7,1,6,2,2,24,USED
1489.264742471,3,5,4,2,2,24,USED
1490.493470961,1,4,4,1,1,24,USED
1491.877940882,0,5,4,2,2,24,USED
1492.144748858,2,5,5,1,1,24,USED
1494.213289177,6,7,7,1,1,23,USED
1494.600531278,5,4,4,1,1,24,USED
1494.686673106,8,2,2,1,1,24,USED
1495.285564319,4,1,1,1,1,24,USED
1499.035127545,7,4,4,1,1,24,USED
1499.264742471,3,0,0,1,1,24,USED
1500.493470961,1,6,4,2,2,24,USED
1501.877940882,0,6,4,2,2,24,USED
1502.144748858,2,1,1,1,1,24,USED
1504.213289177,6,5,1,2,2,24,USED
1504.600531278,5,7,7,1,1,24,USED
1504.686673106,8,5,5,1,2,24,USED
1505.285564319,4,5,5,1,1,22,USED
1509.035127545,7,8,2,2,2,22,USED
1509.264742471,3,6,6,1,1,24,USED
1510.493470961,1,0,0,1,1,25,USED
1511.877940882,0,7,4,2,2,24,USED
1512.144748858,2,4,4,1,2,25,USED
1514.213289177,6,4,3,2,2,25,USED
1514.600531278,5,1,1,1,1,24,USED
1514.686673106,8,3,2,2,2,24,USED
1515.285564319,4,2,2,1,1,22,USED
1519.035127545,7,0,4,2,2,25,USED
1519.264742471,3,0,0,1,1,25,USED
1520.493470961,1,5,4,2,2,25,USED
1521.877940882,0,6,4,2,2,24,USED
1522.144748858,2,4,4,1,2,25,USED
1524.213289177,6,0,1,2,2,24,USED
1524.600531278,5,8,2,2,2,25,USED
1524.686673106,8,3,2,2,2,24,USED
1525.285564319,4,8,8,1,1,23,USED
1529.035127545,7,8,2,2,2,22,USED
1529.264742471,3,0,0,1,1,25,USED
1530.493470961,1,4,4,1,1,25,USED
1531.877940882,0,4,4,1,1,24,USED
1532.144748858,2,8,8,1,1,17,USED
1534.213289177,6,7,7,1,2,25,USED
1534.600531278,5,7,7,1,2,25,USED
1534.686673106,8,1,5,2,2,25,USED
1535.285564319,4,2,2,1,1,22,USED
1539.035127545,7,4,4,1,1,25,USED
1539.264742471,3,7,7,1,1,25,USED
1540.493470961,1,7,8,2,2,24,USED
1541.877940882,0,2,1,2,2,25,USED
1542.144748858,2,7,7,1,2,25,USED
1544.213289177,6,1,1,1,1,24,USED
1544.600531278,5,2,2,1,1,25,USED
1544.686673106,8,0,5,2,2,25,USED
1545.285564319,4,7,7,1,2,25,USED
1549.035127545,7,0,4,2,2,25,USED
1549.264742471,3,6,6,1,1,24,USED
1550.493470961,1,3,3,1,1,23,USED
1551.877940882,0,3,3,1,2,25,USED
1552.144748858,2,5,5,1,1,25,USED
1554.213289177,6,7,7,1,2,25,USED
1554.600531278,5,0,0,1,1,25,USED
1554.686673106,8,4,2,2,2,24,USED
1555.285564319,4,0,0,1,1,21,USED
1559.035127545,7,5,4,2,2,25,USED
1559.264742471,3,0,0,1,1,25,USED
1560.493470961,1,2,2,1,1,25,USED
1561.877940882,0,6,4,2,2,24,USED
1562.144748858,2,3,3,1,1,24,USED
1564.213289177,6,8,1,2,2,24,USED
1564.600531278,5,3,4,2,2,25,USED
1564.686673106,8,5,5,1,1,25,USED
1565.285564319,4,7,7,1,2,25,USED
1569.035127545,7,3,3,1,1,26,USED
1569.264742471,3,5,5,1,1,26,USED
1570.493470961,1,3,3,1,1,23,USED
1571.877940882,0,8,1,2,2,26,USED
1572.144748858,2,8,8,1,1,17,USED
1574.213289177,6,5,4,2,2,26,USED
1574.600531278,5,2,2,1,1,25,USED
1574.686673106,8,2,2,1,1,24,USED
1575.285564319,4,0,5,2,2,26,USED
1579.035127545,7,4,4,1,1,25,USED
1579.264742471,3,5,5,1,1,26,USED
1580.493470961,1,2,4,2,2,26,USED
1581.877940882,0,4,4,1,1,24,USED
1582.144748858,2,3,3,1,1,24,USED
1584.213289177,6,5,4,2,2,26,USED
1584.600531278,5,0,0,1,1,25,USED
1584.686673106,8,3,7,2,2,26,USED
1585.285564319,4,5,5,1,1,26,USED
1589.035127545,7,3,3,1,1,26,USED
1589.264742471,3,2,2,1,1,24,USED
1590.493470961,1,6,4,2,3,26,USED
1591.877940882,0,8,1,2,2,26,USED
1592.144748858,2,8,8,1,1,17,USED
1594.213289177,6,3,3,1,1,26,USED
1594.600531278,5,0,0,1,1,25,USED
1594.686673106,8,4,4,1,1,26,USED
1595.285564319,4,8,8,1,1,26,USED
1599.035127545,7,2,2,1,1,22,USED
1599.264742471,3,2,2,1,1,24,USED
1600.493470961,1,5,4,2,2,26,USED
1601.877940882,0,2,6,2,2,26,USED
1602.144748858,2,8,8,1,1,17,USED
1604.213289177,6,7,7,1,1,26,USED
1604.600531278,5,2,2,1,1,25,USED
1604.686673106,8,4,4,1,1,26,USED
1605.285564319,4,2,2,1,1,22,USED
1609.035127545,7,8,2,2,2,22,USED
1609.264742471,3,2,2,1,1,24,USED
1610.493470961,1,6,4,2,3,26,USED
1611.877940882,0,1,1,1,1,26,USED
1612.144748858,2,8,8,1,1,17,USED
1614.213289177,6,8,4,2,2,26,USED
1614.600531278,5,7,8,2,2,26,USED
1614.686673106,8,0,7,2,2,26,USED
1615.285564319,4,1,1,1,1,25,USED
1619.035127545,7,6,6,1,1,26,USED
1619.264742471,3,6,6,1,1,24,USED
1620.493470961,1,8,8,1,1,24,USED
1621.877940882,0,7,7,1,1,26,USED
1622.144748858,2,3,3,1,1,24,USED
1624.213289177,6,3,3,1,1,27,USED
1624.600531278,5,0,0,1,1,25,USED
1624.686673106,8,1,3,2,2,27,USED
1625.285564319,4,7,7,1,1,26,USED
1629.035127545,7,5,5,1,1,27,USED
1629.264742471,3,0,0,1,1,27,USED
1630.493470961,1,3,3,1,1,27,USED
1631.877940882,0,5,5,1,1,26,USED
1632.144748858,2,1,1,1,1,27,USED
1634.213289177,6,2,3,2,2,27,USED
1634.600531278,5,6,6,1,1,27,USED
1634.686673106,8,3,3,1,1,27,USED
1635.285564319,4,8,8,1,1,26,USED
1639.035127545,7,5,5,1,1,27,USED
1639.264742471,3,5,5,1,1,26,USED
1640.493470961,1,0,3,2,2,27,USED
1641.877940882,0,5,5,1,1,26,USED
1642.144748858,2,8,4,2,2,27,USED
1644.213289177,6,3,3,1,1,27,USED
1644.600531278,5,3,6,2,2,27,USED
1644.686673106,8,7,7,1,1,27,USED
1645.285564319,4,8,8,1,1,26,USED
1649.035127545,7,6,6,1,1,27,USED
1649.264742471,3,2,2,1,1,24,USED
1650.493470961,1,7,3,2,2,27,USED
1651.877940882,0,1,1,1,1,27,USED
1652.144748858,2,0,5,2,2,26,USED
1654.213289177,6,2,3,2,2,27,USED
1654.600531278,5,2,2,1,1,27,USED
1654.686673106,8,0,5,2,2,27,USED
1655.285564319,4,6,6,1,1,27,USED
1659.035127545,7,4,4,1,1,27,USED
1659.264742471,3,5,5,1,1,26,USED
1660.493470961,1,3,3,1,1,27,USED
1661.877940882,0,6,6,1,1,27,USED
1662.144748858,2,5,5,1,1,26,USED
1664.213289177,6,4,4,1,1,26,USED
1664.600531278,5,3,6,2,2,27,USED
1664.686673106,8,1,3,2,2,27,USED
1665.285564319,4,7,7,1,1,27,USED
1669.035127545,7,5,5,1,1,27,USED
1669.264742471,3,0,0,1,1,27,USED
1670.493470961,1,4,4,1,1,27,USED
1671.877940882,0,3,6,2,2,27,USED
1672.144748858,2,7,4,2,2,27,USED
1674.213289177,6,3,3,1,1,27,USED
1674.600531278,5,7,8,2,2,26,USED
1674.686673106,8,6,7,2,2,27,USED
1675.285564319,4,8,8,1,1,26,USED
1679.035127545,7,1,6,2,2,27,USED
1679.264742471,3,1,1,1,1,27,USED
1680.493470961,1,8,8,1,1,24,USED
1681.877940882,0,1,1,1,1,27,USED
1682.144748858,2,1,1,1,1,27,USED
1684.213289177,6,8,4,2,2,26,USED
1684.600531278,5,1,1,1,1,24,USED
1684.686673106,8,6,7,2,2,27,USED
1685.285564319,4,8,8,1,1,26,USED
1689.035127545,7,0,0,1,1,26,USED
1689.264742471,3,7,7,1,1,27,USED
1690.493470961,1,4,4,1,1,28,USED
1691.877940882,0,8,1,2,2,28,USED
1692.144748858,2,7,4,2,2,28,USED
1694.213289177,6,7,7,1,1,28,USED
1694.600531278,5,8,8,1,1,26,USED
1694.686673106,8,4,4,1,1,28,USED
1695.285564319,4,0,0,1,1,28,USED
1699.035127545,7,0,0,1,1,26,USED
1699.264742471,3,6,6,1,1,27,USED
1700.493470961,1,8,8,1,1,24,USED
1701.877940882,0,4,4,1,1,28,USED
1702.144748858,2,3,3,1,1,24,USED
1704.213289177,6,1,1,1,1,24,USED
1704.600531278,5,8,8,1,1,26,USED
1704.686673106,8,0,7,2,2,28,USED
1705.285564319,4,8,8,1,1,26,USED
1709.035127545,7,3,3,1,1,28,USED
1709.264742471,3,8,8,1,1,28,USED
1710.493470961,1,6,4,2,2,28,USED
1711.877940882,0,6,6,1,1,27,USED
1712.144748858,2,5,4,2,2,28,USED
1714.213289177,6,0,7,2,2,28,USED
1714.600531278,5,3,6,2,2,27,USED
1714.686673106,8,7,7,1,1,28,USED
1715.285564319,4,7,7,1,1,28,USED
1719.035127545,7,3,3,1,1,28,USED
1719.264742471,3,1,1,1,1,27,USED
1720.493470961,1,3,3,1,1,28,USED
1721.877940882,0,6,6,1,1,27,USED
1722.144748858,2,4,4,1,1,28,USED
1724.213289177,6,3,3,1,1,27,USED
1724.600531278,5,6,6,1,1,27,USED
1724.686673106,8,7,7,1,1,28,USED
1725.285564319,4,7,7,1,1,28,USED
1729.035127545,7,8,5,2,2,28,USED
1729.264742471,3,1,1,1,1,27,USED
1730.493470961,1,8,8,1,1,24,USED
1731.877940882,0,7,7,1,1,26,USED
1732.144748858,2,5,4,2,2,28,USED
1734.213289177,6,0,7,2,2,28,USED
1734.600531278,5,3,6,2,2,27,USED
1734.686673106,8,6,6,1,1,28,USED
1735.285564319,4,0,0,1,1,28,USED
1739.035127545,7,8,5,2,2,28,USED
1739.264742471,3,6,6,1,1,27,USED
1740.493470961,1,5,4,2,2,28,USED
1741.877940882,0,4,4,1,1,28,USED
1742.144748858,2,1,1,1,1,28,USED
1744.213289177,6,2,3,2,2,29,USED
1744.600531278,5,6,6,1,1,27,USED
1744.686673106,8,4,4,1,1,28,USED
1745.285564319,4,8,8,1,1,26,USED
1749.035127545,7,2,2,1,1,22,USED
1749.264742471,3,7,7,1,1,28,USED
1750.493470961,1,7,4,2,2,29,USED
1751.877940882,0,3,3,1,1,29,USED
1752.144748858,2,7,4,2,2,29,USED
1754.213289177,6,0,7,2,2,29,USED
1754.600531278,5,7,4,2,2,29,USED
1754.686673106,8,0,7,2,2,29,USED
1755.285564319,4,8,8,1,1,29,USED
1759.035127545,7,8,4,2,2,29,USED
1759.264742471,3,2,2,1,1,24,USED
1760.493470961,1,0,0,1,1,29,USED
1761.877940882,0,1,1,1,1,29,USED
1762.144748858,2,7,4,2,2,29,USED
1764.213289177,6,8,3,2,2,29,USED
1764.600531278,5,4,4,1,1,29,USED
1764.686673106,8,1,5,2,2,29,USED
1765.285564319,4,7,7,1,1,29,USED
1769.035127545,7,5,5,1,1,29,USED
1769.264742471,3,8,8,1,1,28,USED
1770.493470961,1,7,7,1,1,29,USED
1771.877940882,0,4,4,1,1,29,USED
1772.144748858,2,1,1,1,1,29,USED
1774.213289177,6,4,7,2,2,29,USED
1774.600531278,5,1,1,1,1,29,USED
1774.686673106,8,2,2,1,1,24,USED
1775.285564319,4,8,8,1,1,29,USED
1779.035127545,7,1,4,2,2,29,USED
1779.264742471,3,7,7,1,1,29,USED
1780.493470961,1,2,2,1,1,29,USED
1781.877940882,0,4,4,1,1,29,USED
1782.144748858,2,8,1,2,2,29,USED
1784.213289177,6,2,7,2,2,29,USED
1784.600531278,5,3,8,2,2,29,USED
1784.686673106,8,3,3,1,1,27,USED
1785.285564319,4,0,0,1,1,29,USED
1789.035127545,7,5,5,1,1,29,USED
1789.264742471,3,0,0,1,1,27,USED
1790.493470961,1,8,8,1,1,24,USED
1791.877940882,0,2,7,2,2,29,USED
1792.144748858,2,4,4,1,1,29,USED
1794.213289177,6,3,3,1,1,29,USED
1794.600531278,5,8,8,1,1,29,USED
1794.686673106,8,2,2,1,1,24,USED
1795.285564319,4,5,5,1,1,29,USED
1799.035127545,7,2,2,1,1,22,USED
1799.264742471,3,8,8,1,1,28,USED
1800.493470961,1,2,2,1,1,29,USED
1801.877940882,0,7,7,1,1,29,USED
1802.144748858,2,1,1,1,1,29,USED
1804.213289177,6,5,5,1,1,27,USED
1804.600531278,5,6,6,1,1,27,USED
1804.686673106,8,2,2,1,1,24,USED
1805.285564319,4,2,8,2,2,29,USED
1809.035127545,7,3,6,2,2,29,USED
1809.264742471,3,1,1,1,2,30,USED
1810.493470961,1,6,4,2,2,30,USED
1811.877940882,0,1,1,1,1,30,USED
1812.144748858,2,5,8,2,2,30,USED
1814.213289177,6,2,5,2,2,30,USED
1814.600531278,5,4,4,1,1,30,USED
1814.686673106,8,3,3,1,1,27,USED
1815.285564319,4,7,7,1,1,29,USED
1819.035127545,7,2,2,1,1,22,USED
1819.264742471,3,4,4,1,1,30,USED
1820.493470961,1,0,0,1,1,30,USED
1821.877940882,0,7,7,1,1,30,USED
1822.144748858,2,4,4,1,1,29,USED
1824.213289177,6,2,5,2,2,30,USED
1824.600531278,5,3,2,2,2,30,USED
1824.686673106,8,1,5,2,3,30,USED
1825.285564319,4,2,8,2,2,30,USED
1829.035127545,7,2,2,1,1,22,USED
1829.264742471,3,2,2,1,1,24,USED
1830.493470961,1,6,4,2,2,30,USED
1831.877940882,0,4,4,1,1,30,USED
1832.144748858,2,0,7,2,2,30,USED
1834.213289177,6,4,4,1,1,30,USED
1834.600531278,5,4,4,1,1,30,USED
1834.686673106,8,7,7,1,1,30,USED
1835.285564319,4,0,0,1,1,30,USED
1839.035127545,7,4,4,1,1,30,USED
1839.264742471,3,4,4,1,1,30,USED
1840.493470961,1,6,4,2,2,30,USED
1841.877940882,0,1,1,1,1,30,USED
1842.144748858,2,7,7,1,1,30,USED
1844.213289177,6,4,4,1,1,30,USED
1844.600531278,5,7,7,1,1,30,USED
1844.686673106,8,6,6,1,1,28,USED
1845.285564319,4,5,5,1,1,30,USED
1849.035127545,7,6,6,1,2,30,USED
1849.264742471,3,2,2,1,1,24,USED
1850.493470961,1,3,2,2,2,30,USED
1851.877940882,0,8,1,2,2,30,USED
1852.144748858,2,0,7,2,2,30,USED
1854.213289177,6,0,0,1,1,30,USED
1854.600531278,5,8,8,1,1,30,USED
1854.686673106,8,4,4,1,1,29,USED
1855.285564319,4,2,8,2,2,30,USED
1859.035127545,7,1,4,2,2,30,USED
1859.264742471,3,5,7,2,4,30,USED
1860.493470961,1,8,8,1,1,24,USED
1861.877940882,0,3,3,1,1,30,USED
1862.144748858,2,4,4,1,1,29,USED
1864.213289177,6,4,4,1,1,30,USED
1864.600531278,5,4,4,1,1,30,USED
1864.686673106,8,5,5,1,1,30,USED
1865.285564319,4,7,7,1,1,29,USED
1869.035127545,7,1,4,2,2,30,USED
1869.264742471,3,6,6,1,1,30,USED
1870.493470961,1,3,2,2,2,30,USED
1871.877940882,0,5,5,1,1,31,USED
1872.144748858,2,3,3,1,1,31,USED
1874.213289177,6,0,0,1,1,30,USED
1874.600531278,5,4,4,1,1,30,USED
1874.686673106,8,6,6,1,1,28,USED
1875.285564319,4,3,8,2,2,30,USED
1879.035127545,7,2,2,1,1,22,USED
1879.264742471,3,5,6,2,2,31,USED
1880.493470961,1,6,4,2,2,30,USED
1881.877940882,0,5,5,1,1,31,USED
1882.144748858,2,1,1,1,1,31,USED
1884.213289177,6,7,7,1,1,31,USED
1884.600531278,5,8,8,1,1,31,USED
1884.686673106,8,3,3,1,2,31,USED
1885.285564319,4,7,7,1,1,31,USED
1889.035127545,7,0,0,1,1,29,USED
1889.264742471,3,8,8,1,1,28,USED
1890.493470961,1,8,8,1,1,24,USED
1891.877940882,0,7,7,1,1,30,USED
1892.144748858,2,6,3,2,2,31,USED
1894.213289177,6,1,1,1,1,24,USED
1894.600531278,5,0,0,1,1,25,USED
1894.686673106,8,4,4,1,1,31,USED
1895.285564319,4,8,8,1,1,30,USED
1899.035127545,7,1,6,2,2,31,USED
1899.264742471,3,2,2,1,1,24,USED
1900.493470961,1,6,4,2,2,30,USED
1901.877940882,0,7,7,1,1,30,USED
1902.144748858,2,0,5,2,2,31,USED
1904.213289177,6,5,5,1,1,30,USED
1904.600531278,5,2,2,1,1,31,USED
1904.686673106,8,4,4,1,1,31,USED
1905.285564319,4,0,1,2,2,31,USED
1909.035127545,7,0,0,1,1,29,USED
1909.264742471,3,0,0,1,1,31,USED
1910.493470961,1,6,4,2,2,30,USED
1911.877940882,0,8,3,2,2,31,USED
1912.144748858,2,4,4,1,1,31,USED
1914.213289177,6,3,3,1,2,31,USED
1914.600531278,5,7,7,1,1,30,USED
1914.686673106,8,2,2,1,1,30,USED
1915.285564319,4,0,1,2,2,31,USED
1919.035127545,7,2,2,1,1,22,USED
1919.264742471,3,1,1,1,1,31,USED
1920.493470961,1,2,2,1,1,30,USED
1921.877940882,0,2,3,2,2,31,USED
1922.144748858,2,0,5,2,2,31,USED
1924.213289177,6,1,1,1,1,32,USED
1924.600531278,5,4,4,1,1,30,USED
1924.686673106,8,6,6,1,1,28,USED
1925.285564319,4,7,7,1,1,31,USED
1929.035127545,7,2,3,2,2,32,USED
1929.264742471,3,5,6,2,2,31,USED
1930.493470961,1,4,4,1,1,32,USED
1931.877940882,0,1,1,1,1,32,USED
1932.144748858,2,6,5,2,2,32,USED
1934.213289177,6,0,1,2,2,32,USED
1934.600531278,5,6,6,1,1,27,USED
1934.686673106,8,7,7,1,1,32,USED
1935.285564319,4,8,8,1,1,32,USED
1939.035127545,7,8,4,2,2,32,USED
1939.264742471,3,8,8,1,2,32,USED
1940.493470961,1,4,4,1,1,32,USED
1941.877940882,0,6,3,2,2,32,USED
1942.144748858,2,4,4,1,1,32,USED
1944.213289177,6,1,1,1,1,32,USED
1944.600531278,5,8,8,1,1,32,USED
1944.686673106,8,5,5,1,1,32,USED
1945.285564319,4,7,7,1,1,32,USED
1949.035127545,7,1,4,2,2,32,USED
1949.264742471,3,6,6,1,1,32,USED
1950.493470961,1,7,7,1,1,29,USED
1951.877940882,0,1,1,1,1,32,USED
1952.144748858,2,7,7,1,1,30,USED
1954.213289177,6,3,3,1,1,32,USED
1954.600531278,5,1,1,1,1,31,USED
1954.686673106,8,1,1,1,1,31,USED
1955.285564319,4,2,3,2,2,32,USED
1959.035127545,7,2,3,2,2,32,USED
1959.264742471,3,1,1,1,1,31,USED
1960.493470961,1,8,8,1,1,24,USED
1961.877940882,0,7,7,1,1,32,USED
1962.144748858,2,8,8,1,1,30,USED
1964.213289177,6,7,7,1,1,31,USED
1964.600531278,5,1,1,1,1,31,USED
1964.686673106,8,6,6,1,1,28,USED
1965.285564319,4,3,3,1,1,32,USED
1969.035127545,7,4,4,1,1,32,USED
1969.264742471,3,2,2,1,1,24,USED
1970.493470961,1,4,4,1,1,32,USED
1971.877940882,0,6,3,2,2,32,USED
1972.144748858,2,4,4,1,1,32,USED
1974.213289177,6,0,1,2,2,32,USED
1974.600531278,5,6,6,1,1,27,USED
1974.686673106,8,7,7,1,1,32,USED
1975.285564319,4,8,8,1,1,32,USED
1979.035127545,7,5,5,1,1,32,USED
1979.264742471,3,4,6,2,2,32,USED
1980.493470961,1,0,0,1,1,30,USED
1981.877940882,0,8,1,2,2,32,USED
1982.144748858,2,3,3,1,1,31,USED
1984.213289177,6,5,5,1,2,32,USED
1984.600531278,5,4,4,1,1,30,USED
1984.686673106,8,7,7,1,1,32,USED
1985.285564319,4,8,8,1,1,32,USED
1989.035127545,7,2,3,2,2,32,USED
1989.264742471,3,7,7,1,1,31,USED
1990.493470961,1,6,3,2,2,33,USED
1991.877940882,0,8,1,2,2,33,USED
1992.144748858,2,1,1,1,1,33,USED
1994.213289177,6,5,4,2,2,33,USED
1994.600531278,5,0,0,1,1,25,USED
1994.686673106,8,7,7,1,1,33,USED
1995.285564319,4,1,1,1,1,33,USED
1999.035127545,7,4,4,1,1,33,USED
1999.264742471,3,8,4,2,2,33,USED
2000.493470961,1,6,6,1,1,33,USED
2001.877940882,0,5,1,2,2,33,USED
2002.144748858,2,5,5,1,1,33,USED
2004.213289177,6,8,4,2,2,33,USED
2004.600531278,5,6,6,1,1,27,USED
2004.686673106,8,4,7,2,2,33,USED
2005.285564319,4,5,5,1,1,33,USED
2009.035127545,7,6,6,1,1,33,USED
2009.264742471,3,0,0,1,2,33,USED
2010.493470961,1,5,4,2,2,33,USED
2011.877940882,0,7,7,1,1,32,USED
2012.144748858,2,5,5,1,1,33,USED
2014.213289177,6,4,4,1,1,33,USED
2014.600531278,5,2,2,1,1,33,USED
2014.686673106,8,5,5,1,1,33,USED
2015.285564319,4,1,1,1,1,33,USED
2019.035127545,7,8,4,2,2,33,USED
2019.264742471,3,6,6,1,1,33,USED
2020.493470961,1,8,8,1,1,24,USED
2021.877940882,0,5,1,2,2,33,USED
2022.144748858,2,4,4,1,1,32,USED
2024.213289177,6,5,4,2,2,33,USED
2024.600531278,5,4,4,1,1,33,USED
2024.686673106,8,5,5,1,1,33,USED
2025.285564319,4,2,2,1,1,33,USED
2029.035127545,7,5,4,2,2,33,USED
2029.264742471,3,6,6,1,1,33,USED
2030.493470961,1,5,4,2,2,33,USED
2031.877940882,0,5,1,2,2,33,USED
2032.144748858,2,3,3,1,1,31,USED
2034.213289177,6,4,4,1,1,33,USED
2034.600531278,5,1,1,1,1,33,USED
2034.686673106,8,7,7,1,1,33,USED
2035.285564319,4,7,7,1,2,33,USED
2039.035127545,7,8,4,2,2,33,USED
2039.264742471,3,1,1,1,1,31,USED
2040.493470961,1,0,0,1,1,30,USED
2041.877940882,0,6,3,2,2,33,USED
2042.144748858,2,0,5,2,2,33,USED
2044.213289177,6,2,3,2,2,34,USED
2044.600531278,5,4,4,1,1,33,USED
2044.686673106,8,2,2,1,1,32,USED
2045.285564319,4,6,1,2,2,34,USED
2049.035127545,7,2,4,2,2,33,USED
2049.264742471,3,5,4,2,2,33,USED
2050.493470961,1,6,6,1,1,33,USED
2051.877940882,0,5,4,2,2,34,USED
2052.144748858,2,1,1,1,1,33,USED
2054.213289177,6,4,7,2,2,34,USED
2054.600531278,5,4,4,1,1,34,USED
2054.686673106,8,2,2,1,1,32,USED
2055.285564319,4,6,5,2,2,34,USED
2059.035127545,7,5,4,2,2,34,USED
2059.264742471,3,2,7,2,4,34,USED
2060.493470961,1,8,2,2,2,34,USED
2061.877940882,0,6,3,2,2,34,USED
2062.144748858,2,0,5,2,2,33,USED
2064.213289177,6,5,7,2,3,34,USED
2064.600531278,5,3,4,2,3,34,USED
2064.686673106,8,2,2,1,1,32,USED
2065.285564319,4,5,5,1,1,34,USED
2069.035127545,7,8,4,2,2,34,USED
2069.264742471,3,4,4,1,1,34,USED
2070.493470961,1,3,3,1,1,33,USED
2071.877940882,0,8,1,2,2,34,USED
2072.144748858,2,1,1,1,1,33,USED
2074.213289177,6,7,7,1,1,34,USED
2074.600531278,5,7,7,1,1,33,USED
2074.686673106,8,2,2,1,1,32,USED
2075.285564319,4,6,5,2,2,34,USED
2079.035127545,7,1,6,2,2,34,USED
2079.264742471,3,6,6,1,1,34,USED
2080.493470961,1,5,5,1,1,34,USED
2081.877940882,0,8,1,2,2,34,USED
2082.144748858,2,8,8,1,1,30,USED
2084.213289177,6,1,1,1,1,32,USED
2084.600531278,5,2,2,1,1,34,USED
2084.686673106,8,4,7,2,2,34,USED
2085.285564319,4,2,2,1,1,33,USED
2089.035127545,7,5,4,2,2,34,USED
2089.264742471,3,6,6,1,1,34,USED
2090.493470961,1,3,3,1,1,33,USED
2091.877940882,0,2,3,2,2,34,USED
2092.144748858,2,4,4,1,2,34,USED
2094.213289177,6,2,3,2,2,34,USED
2094.600531278,5,7,7,1,1,33,USED
2094.686673106,8,5,5,1,1,34,USED
2095.285564319,4,6,5,2,2,34,USED
2099.035127545,7,4,4,1,1,34,USED
2099.264742471,3,4,4,1,1,34,USED
