timestamp(s),nodeId,src,dst,seq,ttl,hops,rssi(dBm),battery(mV),score,sf,energyJ,energyFrac,forwarded
124.740307868,4,5,3,2,63,0,0,0,0,12,38879.753979633,0.999993672,1
134.740307868,4,5,0,3,63,0,0,0,0,12,38879.625369201,0.999990364,1
134.740308598,0,5,0,3,63,0,0,0,0,12,38879.712365937,0.999992602,0
150.633247551,0,1,0,1,63,0,0,0,0,12,38879.689336831,0.999992010,0
152.284525448,1,2,7,1,63,0,0,0,0,12,38879.608552227,0.999989932,1
152.284526178,7,2,7,1,63,0,0,0,0,12,38879.683136163,0.999991850,0
155.425340909,7,4,7,1,63,0,0,0,0,12,38879.673351645,0.999991599,0
159.174904380,3,7,3,1,63,0,0,0,0,12,38879.680395274,0.999991780,0
160.633248142,7,1,7,2,63,0,0,0,0,12,38879.602439743,0.999989775,0
162.284525448,1,2,7,2,63,0,0,0,0,12,38879.449570467,0.999985843,1
164.353065767,3,6,1,1,63,0,0,0,0,12,38879.643915840,0.999990841,1
164.353066497,1,6,1,1,63,0,0,0,0,12,38879.379788736,0.999984048,0
164.740307868,4,5,4,6,63,0,0,0,0,12,38879.398610673,0.999984532,0
169.174904135,4,7,4,2,63,0,0,0,0,12,38879.327977162,0.999982715,0
169.404519306,1,3,1,1,63,0,0,0,0,12,38879.343354917,0.999983111,0
170.633247796,5,1,5,3,63,0,0,0,0,12,38879.287310143,0.999981669,0
172.284525448,1,2,1,3,63,0,0,0,0,12,38879.273281059,0.999981309,0
174.353065767,7,6,8,2,63,0,0,0,0,12,38879.485194432,0.999986759,1
175.425341154,0,4,0,3,63,0,0,0,0,12,38879.619834909,0.999990222,0
179.174904135,6,7,0,3,63,0,0,0,0,12,38879.509168330,0.999987376,1
180.633247796,5,1,5,4,63,0,0,0,0,12,38879.180057791,0.999978911,0
182.017717472,3,0,3,1,63,0,0,0,0,12,38879.378522454,0.999984015,0
182.284525448,1,2,6,4,63,0,0,0,0,12,38879.166028707,0.999978550,1
184.353065767,7,6,8,3,63,0,0,0,0,12,38879.317558848,0.999982448,1
184.492842359,8,6,8,3,62,1,0,0,0,12,38879.332966641,0.999982844,0
189.174904135,6,7,6,4,63,0,0,0,0,12,38879.334717514,0.999982889,0
189.404519061,4,3,4,3,63,0,0,0,0,12,38879.084110565,0.999976443,0
192.017717717,4,0,6,2,63,0,0,0,0,12,38879.024251926,0.999974904,1
192.157494552,6,0,6,2,62,1,0,0,0,12,38879.247299078,0.999980640,0
194.353065767,3,6,3,4,63,0,0,0,0,12,38879.196042432,0.999979322,0
194.740308113,1,5,1,9,63,0,0,0,0,12,38878.910970801,0.999971990,0
195.425340909,5,4,5,5,63,0,0,0,0,12,38878.938521949,0.999972699,0
195.425341155,8,4,5,5,63,0,0,0,0,12,38879.116569885,0.999977278,1
199.404519306,7,3,7,4,63,0,0,0,0,12,38879.032301093,0.999975111,0
200.633247551,4,1,4,6,63,0,0,0,0,12,38878.857114751,0.999970605,0
202.017718063,6,0,6,3,63,0,0,0,0,12,38879.143594517,0.999977973,0
202.284525693,4,2,4,6,63,0,0,0,0,12,38878.847866467,0.999970367,0
204.353065767,3,6,3,5,63,0,0,0,0,12,38879.071482432,0.999976118,0
205.425340909,7,4,7,6,63,0,0,0,0,12,38879.004172125,0.999974387,0
209.174904135,6,7,0,6,63,0,0,0,0,12,38879.063327050,0.999975909,1
210.633247796,3,1,3,7,63,0,0,0,0,12,38878.982876863,0.999973839,0
212.017717717,4,0,4,4,63,0,0,0,0,12,38878.758017814,0.999968056,0
214.353066358,0,6,0,6,63,0,0,0,0,12,38879.200418304,0.999979435,0
215.425341155,8,4,8,7,63,0,0,0,0,12,38878.858989597,0.999970653,0
219.174904135,6,7,0,7,63,0,0,0,0,12,38878.895691466,0.999971597,1
220.633247796,3,1,3,8,63,0,0,0,0,12,38878.875624511,0.999971081,0
222.017717472,1,0,1,5,63,0,0,0,0,12,38878.616155350,0.999964407,0
222.017717472,3,0,1,5,63,0,0,0,0,12,38878.866472278,0.999970845,1
224.353065767,3,6,3,7,63,0,0,0,0,12,38878.796594496,0.999969048,0
225.425340909,7,4,7,8,63,0,0,0,0,12,38878.824282717,0.999969760,0
229.174904135,4,7,1,8,63,0,0,0,0,12,38878.561844170,0.999963010,1
230.633247796,5,1,5,9,63,0,0,0,0,12,38878.597582399,0.999963930,0
232.017717717,4,0,4,6,63,0,0,0,0,12,38878.483129877,0.999960986,0
235.425340909,1,4,1,9,63,0,0,0,0,12,38878.499022429,0.999961395,0
239.174904135,4,7,1,9,63,0,0,0,0,12,38878.394208586,0.999958699,1
240.633247551,4,1,7,10,63,0,0,0,0,12,38878.324646527,0.999956910,1
240.773024141,7,1,7,10,62,1,0,0,0,12,38878.637414319,0.999964954,0
242.017717717,4,0,7,7,63,0,0,0,0,12,38878.255111061,0.999955121,1
244.353065767,3,6,4,9,63,0,0,0,0,12,38878.507896384,0.999961623,1
244.492842357,4,6,4,9,62,1,0,0,0,12,38878.170819825,0.999952953,0
245.425341154,0,4,0,10,63,0,0,0,0,12,38878.848816285,0.999970391,0
249.404519791,2,3,8,9,63,0,0,0,0,12,38878.559504741,0.999962950,1
249.404519792,8,3,8,9,63,0,0,0,0,12,38878.458109157,0.999960342,0
250.633247551,4,1,7,11,63,0,0,0,0,12,38878.026844159,0.999949250,1
252.017717717,4,0,5,8,63,0,0,0,0,12,38877.957308693,0.999947462,1
252.157494307,5,0,5,8,62,1,0,0,0,12,38878.316795846,0.999956708,0
254.353065767,3,6,2,10,63,0,0,0,0,12,38878.312087488,0.999956587,1
254.740307868,2,5,2,15,63,0,0,0,0,12,38878.405699569,0.999958994,0
259.174904135,6,7,3,11,63,0,0,0,0,12,38878.363582666,0.999957911,1
259.174904380,3,7,3,11,63,0,0,0,0,12,38878.232660746,0.999954544,0
260.633247551,4,1,4,12,63,0,0,0,0,12,38877.789618559,0.999943149,0
262.017717472,3,0,3,9,63,0,0,0,0,12,38878.153946453,0.999952519,0
262.017717717,4,0,3,9,63,0,0,0,0,12,38877.780466325,0.999942913,1
264.353065767,3,6,2,11,63,0,0,0,0,12,38878.135798080,0.999952052,1
264.492843087,2,6,2,11,62,1,0,0,0,12,38878.307190128,0.999956461,0
265.425341154,6,4,6,12,63,0,0,0,0,12,38878.197296925,0.999953634,0
269.174904380,5,7,1,12,63,0,0,0,0,12,38878.128773386,0.999951872,1
269.314681215,1,7,1,12,62,1,0,0,0,12,38878.080120187,0.999950620,0
270.633247551,4,1,8,13,63,0,0,0,0,12,38877.621982975,0.999938837,1
270.633248282,8,1,8,13,63,0,0,0,0,12,38878.246106622,0.999954890,0
272.017717472,3,0,3,10,63,0,0,0,0,12,38877.969003221,0.999947762,0
272.284525693,4,2,4,13,63,0,0,0,0,12,38877.552351459,0.999937046,0
274.740308113,1,5,1,17,63,0,0,0,0,12,38877.974514609,0.999947904,0
275.425340909,7,4,7,13,63,0,0,0,0,12,38878.228923357,0.999954448,0
279.174904135,4,7,2,13,63,0,0,0,0,12,38877.472180042,0.999934984,1
279.174904865,2,7,2,13,63,0,0,0,0,12,38878.189598410,0.999953436,0
280.633247796,5,1,5,14,63,0,0,0,0,12,38877.960612799,0.999947547,0
282.017717717,4,0,6,11,63,0,0,0,0,12,38877.393465749,0.999932960,1
282.157494552,6,0,6,11,62,1,0,0,0,12,38878.061659526,0.999950146,0
284.353065767,3,6,2,13,63,0,0,0,0,12,38877.843602496,0.999944537,1
284.740307868,2,5,2,18,63,0,0,0,0,12,38878.092596337,0.999950941,0
285.425341154,2,4,2,14,63,0,0,0,0,12,38878.083695901,0.999950712,0
289.174904135,6,7,3,14,63,0,0,0,0,12,38877.964134730,0.999947637,1
289.174904380,3,7,3,14,63,0,0,0,0,12,38877.764175754,0.999942494,0
290.633247551,4,1,7,15,63,0,0,0,0,12,38877.234982399,0.999928883,1
292.284526178,3,2,3,15,63,0,0,0,0,12,38877.668057762,0.999940022,0
294.353065767,7,6,4,14,63,0,0,0,0,12,38878.040766144,0.999949608,1
294.353066012,4,6,4,14,63,0,0,0,0,12,38877.155952384,0.999926851,0
295.425340909,3,4,3,15,63,0,0,0,0,12,38877.640965597,0.999939325,0
299.174904135,4,7,4,15,63,0,0,0,0,12,38877.076525642,0.999924808,0
299.404519306,7,3,7,14,63,0,0,0,0,12,38877.900873509,0.999946010,0
300.633247551,2,1,2,16,63,0,0,0,0,12,38877.948607231,0.999947238,0
302.284526039,8,2,8,16,63,0,0,0,0,12,38877.958370402,0.999947489,0
304.353065767,3,6,2,15,63,0,0,0,0,12,38877.505193280,0.999935833,1
305.425340909,7,4,7,16,63,0,0,0,0,12,38877.858934365,0.999944931,0
309.404519061,4,3,4,15,63,0,0,0,0,12,38876.926654181,0.999920953,0
310.633247551,4,1,7,17,63,0,0,0,0,12,38876.857174783,0.999919166,1
310.773024141,7,1,7,17,62,1,0,0,0,12,38877.760904751,0.999942410,0
312.017717717,4,0,8,14,63,0,0,0,0,12,38876.787639317,0.999917378,1
312.157494553,8,0,8,14,62,1,0,0,0,12,38877.758556806,0.999942350,0
314.353065767,3,6,2,16,63,0,0,0,0,12,38877.301836480,0.999930603,1
315.425341154,2,4,2,17,63,0,0,0,0,12,38877.703947165,0.999940945,0
319.174904380,5,7,5,17,63,0,0,0,0,12,38877.424605322,0.999933760,0
319.404519306,1,3,1,16,63,0,0,0,0,12,38877.461338277,0.999934705,0
320.633247796,5,1,5,18,63,0,0,0,0,12,38877.415426495,0.999933524,0
322.017717717,4,0,8,15,63,0,0,0,0,12,38876.602143125,0.999912607,1
324.353065767,3,6,2,17,63,0,0,0,0,12,38877.125547072,0.999926069,1
324.492843087,2,6,2,17,62,1,0,0,0,12,38877.622991984,0.999938863,0
325.425341155,8,4,8,18,63,0,0,0,0,12,38877.571884189,0.999937548,0
329.174904135,6,7,0,18,63,0,0,0,0,12,38877.427422538,0.999933833,1
330.633248281,6,1,6,19,63,0,0,0,0,12,38877.357860478,0.999932044,0
332.017717472,1,0,5,16,63,0,0,0,0,12,38877.292761941,0.999930369,1
339.174904135,6,7,6,19,63,0,0,0,0,12,38877.277094602,0.999929966,0
339.404519061,6,3,6,18,63,0,0,0,0,12,38877.268358117,0.999929742,0
340.633247551,2,1,2,20,63,0,0,0,0,12,38877.478913791,0.999935157,0
342.017717472,1,0,2,17,63,0,0,0,0,12,38877.133780181,0.999926280,1
344.353065767,7,6,5,19,63,0,0,0,0,12,38877.389626944,0.999932861,1
344.353066497,5,6,5,19,63,0,0,0,0,12,38877.216890304,0.999928418,0
344.826449942,4,8,0,21,63,0,0,0,0,12,38876.300282574,0.999904843,1
344.966226777,0,8,0,21,62,1,0,0,0,12,38877.796157246,0.999943317,0
345.425341154,6,4,6,20,63,0,0,0,0,12,38877.162538269,0.999927020,0
349.404519791,2,3,8,19,63,0,0,0,0,12,38877.389411429,0.999932855,1
349.544296972,8,3,8,19,62,1,0,0,0,12,38877.329935189,0.999931325,0
350.633247796,5,1,5,21,63,0,0,0,0,12,38877.110977086,0.999925694,0
352.017717472,1,0,2,18,63,0,0,0,0,12,38876.957490773,0.999921746,1
355.425341155,8,4,8,21,63,0,0,0,0,12,38877.250127133,0.999929273,0
359.174904135,4,7,4,21,63,0,0,0,0,12,38876.062044490,0.999898715,0
359.404519061,4,3,4,20,63,0,0,0,0,12,38876.053308005,0.999898490,0
360.633247551,0,1,0,22,63,0,0,0,0,12,38877.678210943,0.999940283,0
362.017717472,1,0,2,19,63,0,0,0,0,12,38876.789855189,0.999917435,1
364.353065767,7,6,4,21,63,0,0,0,0,12,38877.130387776,0.999926193,1
364.353066012,4,6,4,21,63,0,0,0,0,12,38876.010096000,0.999897379,0
370.633247796,5,1,5,23,63,0,0,0,0,12,38876.820067134,0.999918212,0
372.284526178,3,2,3,23,63,0,0,0,0,12,38876.468517026,0.999909170,0
374.353065767,7,6,4,22,63,0,0,0,0,12,38876.898124992,0.999920219,1
374.353066012,4,6,4,22,63,0,0,0,0,12,38875.809130752,0.999892210,0
375.425340909,1,4,1,23,63,0,0,0,0,12,38876.506281309,0.999910141,0
379.174904135,4,7,4,23,63,0,0,0,0,12,38875.729704010,0.999890167,0
379.404519061,6,3,6,22,63,0,0,0,0,12,38876.801788901,0.999917741,0
379.404519306,7,3,6,22,63,0,0,0,0,12,38876.758232357,0.999916621,1
382.284526178,7,2,7,24,63,0,0,0,0,12,38876.670850850,0.999914374,0
384.353065767,3,6,1,23,63,0,0,0,0,12,38876.338056000,0.999905814,1
384.492842602,1,6,1,23,62,1,0,0,0,12,38876.399364656,0.999907391,0
385.425340909,3,4,3,24,63,0,0,0,0,12,38876.268632925,0.999904029,0
389.174904135,6,7,3,24,63,0,0,0,0,12,38876.694619210,0.999914985,1
389.174904380,3,7,3,24,63,0,0,0,0,12,38876.258629258,0.999903771,0
390.633247551,4,1,4,25,63,0,0,0,0,12,38875.595965183,0.999886727,0
390.633248142,7,1,4,25,63,0,0,0,0,12,38876.572846782,0.999911853,1
392.017717472,3,0,3,22,63,0,0,0,0,12,38876.171261141,0.999901524,0
392.284526178,7,2,7,25,63,0,0,0,0,12,38876.503215266,0.999910062,0
394.353065767,7,6,8,24,63,0,0,0,0,12,38876.493816768,0.999909820,1
394.353066358,8,6,8,24,63,0,0,0,0,12,38876.843221248,0.999918807,0
395.425341154,2,4,2,25,63,0,0,0,0,12,38876.798802333,0.999917665,0
399.174904135,4,7,2,25,63,0,0,0,0,12,38875.480584010,0.999883760,1
399.174904865,2,7,2,25,63,0,0,0,0,12,38876.788798666,0.999917407,0
400.633247796,3,1,3,26,63,0,0,0,0,12,38876.073161022,0.999899001,0
402.017718063,2,0,2,23,63,0,0,0,0,12,38876.770467605,0.999916936,0
404.353065767,3,6,2,25,63,0,0,0,0,12,38876.054514240,0.999898521,1
404.492843087,2,6,2,25,62,1,0,0,0,12,38876.700539504,0.999915137,0
405.425340909,1,4,1,26,63,0,0,0,0,12,38876.167216605,0.999901420,0
409.174904135,6,7,3,26,63,0,0,0,0,12,38876.428385098,0.999908137,1
410.633247796,5,1,5,27,63,0,0,0,0,12,38876.382403902,0.999906955,0
410.633248142,7,1,5,27,63,0,0,0,0,12,38876.228921790,0.999903007,1
412.017717472,3,0,6,24,63,0,0,0,0,12,38875.905027029,0.999894677,1
412.157494307,7,0,6,24,62,1,0,0,0,12,38876.150682182,0.999900995,1
414.353065767,3,6,2,26,63,0,0,0,0,12,38875.835149248,0.999892879,1
414.740308113,7,5,7,31,63,0,0,0,0,12,38876.063407665,0.999898750,0
415.425340909,3,4,3,27,63,0,0,0,0,12,38875.765726173,0.999891094,0
419.174904135,4,7,4,27,63,0,0,0,0,12,38875.179734602,0.999876022,0
419.404519306,1,3,1,26,63,0,0,0,0,12,38876.058531749,0.999898625,0
420.633248142,7,1,8,28,63,0,0,0,0,12,38875.974941502,0.999896475,1
420.773024734,8,1,8,28,62,1,0,0,0,12,38876.574675951,0.999911900,0
422.017717472,3,0,3,25,63,0,0,0,0,12,38875.668354389,0.999888589,0
422.284525448,5,2,5,28,63,0,0,0,0,12,38876.239941794,0.999903291,0
424.353065767,3,6,2,27,63,0,0,0,0,12,38875.608595776,0.999887052,1
424.353066847,2,6,2,27,63,0,0,0,0,12,38876.515544064,0.999910379,0
425.425340909,7,4,7,28,63,0,0,0,0,12,38875.873061469,0.999893854,0
429.404519061,0,3,0,27,63,0,0,0,0,12,38876.846325221,0.999918887,0
430.633247796,3,1,3,29,63,0,0,0,0,12,38875.454450622,0.999883088,0
432.017717472,3,0,3,26,63,0,0,0,0,12,38875.436091605,0.999882616,0
432.284525693,4,2,4,29,63,0,0,0,0,12,38874.975064802,0.999870758,0
434.353065767,7,6,7,28,63,0,0,0,0,12,38875.730294208,0.999890182,0
434.740307868,2,5,2,33,63,0,0,0,0,12,38876.361938673,0.999906428,0
435.425341154,2,4,2,29,63,0,0,0,0,12,38876.353038237,0.999906200,0
439.174904380,5,7,5,29,63,0,0,0,0,12,38875.994056330,0.999896966,0
439.404519061,0,3,0,28,63,0,0,0,0,12,38876.747726693,0.999916351,0
440.633247551,2,1,2,30,63,0,0,0,0,12,38876.342509567,0.999905929,0
442.017718063,2,0,8,27,63,0,0,0,0,12,38876.333357333,0.999905693,1
442.157495244,8,0,8,27,62,1,0,0,0,12,38876.343194629,0.999905946,0
442.317751383,7,2,7,30,63,0,0,0,0,12,38875.641082217,0.999887888,0
444.353065767,7,6,0,29,63,0,0,0,0,12,38875.631695680,0.999887646,1
444.492843087,0,6,0,29,62,1,0,0,0,12,38876.668204016,0.999914306,0
444.740308113,1,5,1,34,63,0,0,0,0,12,38875.658357553,0.999888332,0
445.425340909,3,4,3,30,63,0,0,0,0,12,38875.296771165,0.999879032,0
449.404519061,6,3,6,29,63,0,0,0,0,12,38875.854127205,0.999893367,0
449.404519306,7,3,6,29,63,0,0,0,0,12,38875.491803045,0.999884048,1
450.633247796,5,1,8,31,63,0,0,0,0,12,38875.851663678,0.999893304,1
450.773024388,8,1,8,31,62,1,0,0,0,12,38876.236440687,0.999903201,0
452.284525448,1,2,1,31,63,0,0,0,0,12,38875.551989282,0.999885596,0
454.353065767,7,6,7,30,63,0,0,0,0,12,38875.412330688,0.999882004,0
455.425340909,1,4,1,31,63,0,0,0,0,12,38875.542204765,0.999885345,0
459.404519061,6,3,6,30,63,0,0,0,0,12,38875.746874853,0.999890609,0
459.404519306,7,3,6,30,63,0,0,0,0,12,38875.332821285,0.999879959,1
460.633247551,2,1,2,32,63,0,0,0,0,12,38876.058967807,0.999898636,0
462.017718063,2,0,5,29,63,0,0,0,0,12,38876.049815573,0.999898401,1
462.157494653,5,0,5,29,62,1,0,0,0,12,38875.666171717,0.999888533,0
462.317751383,3,2,3,32,63,0,0,0,0,12,38875.092039017,0.999873766,0
465.425341155,8,4,8,32,63,0,0,0,0,12,38876.041168797,0.999898178,0
469.174904726,1,7,1,32,63,0,0,0,0,12,38875.407641098,0.999881884,0
469.404519061,4,3,4,31,63,0,0,0,0,12,38874.524904677,0.999859180,0
472.017717472,3,0,3,30,63,0,0,0,0,12,38874.993548501,0.999871233,0
472.284525448,1,2,6,33,63,0,0,0,0,12,38875.328830754,0.999879857,1
474.353065767,3,6,3,32,63,0,0,0,0,12,38874.975400128,0.999870766,0
474.740307868,2,5,2,37,63,0,0,0,0,12,38875.812162801,0.999892288,0
475.425341154,2,4,2,33,63,0,0,0,0,12,38875.803262365,0.999892059,0
480.633247551,4,1,4,34,63,0,0,0,0,12,38874.408556158,0.999856187,0
482.017717472,3,0,4,31,63,0,0,0,0,12,38874.877642325,0.999868252,1
482.017717717,4,0,4,31,63,0,0,0,0,12,38874.399403925,0.999855952,0
484.353065767,7,6,7,33,63,0,0,0,0,12,38875.037185344,0.999872356,0
485.425341154,0,4,0,34,63,0,0,0,0,12,38876.178835101,0.999901719,0
492.017717472,1,0,6,32,63,0,0,0,0,12,38875.031021909,0.999872197,1
492.017718063,6,0,6,32,63,0,0,0,0,12,38875.394718101,0.999881551,0
494.353066012,4,6,4,34,63,0,0,0,0,12,38874.182128896,0.999850363,0
495.425340909,3,4,3,35,63,0,0,0,0,12,38874.634393053,0.999861996,0
499.404519061,4,3,4,34,63,0,0,0,0,12,38874.093965669,0.999848096,0
502.017717472,1,0,1,33,63,0,0,0,0,12,38874.872040149,0.999868108,0
502.284525693,4,2,8,36,63,0,0,0,0,12,38874.066967394,0.999847401,1
502.284526039,8,2,8,36,63,0,0,0,0,12,38875.689875042,0.999889143,0
504.353066847,2,6,2,35,63,0,0,0,0,12,38875.459067904,0.999883206,0
505.425341155,8,4,8,36,63,0,0,0,0,12,38875.602399645,0.999886893,0
509.174904380,5,7,5,36,63,0,0,0,0,12,38875.091765002,0.999873759,0
509.404519652,5,3,5,35,63,0,0,0,0,12,38875.083028516,0.999873535,0
512.017717472,1,0,1,34,63,0,0,0,0,12,38874.773441621,0.999865572,0
512.284525448,1,2,6,37,63,0,0,0,0,12,38874.764691746,0.999865347,1
514.353066012,4,6,4,36,63,0,0,0,0,12,38873.881279488,0.999842626,0
515.425340909,1,4,1,37,63,0,0,0,0,12,38874.685870173,0.999863320,0
519.174904380,3,7,3,37,63,0,0,0,0,12,38874.418538506,0.999856444,0
519.404519306,7,3,5,36,63,0,0,0,0,12,38874.574982693,0.999860468,1
520.633247796,3,1,3,38,63,0,0,0,0,12,38874.340322622,0.999854432,0
522.017717717,4,0,4,35,63,0,0,0,0,12,38873.766214037,0.999839666,0
522.017718202,5,0,4,35,63,0,0,0,0,12,38874.966181589,0.999870529,1
525.425341154,2,4,2,38,63,0,0,0,0,12,38875.235523357,0.999877457,0
529.174904726,1,7,2,38,63,0,0,0,0,12,38874.559960330,0.999860081,1
529.174904865,2,7,2,38,63,0,0,0,0,12,38875.225519690,0.999877200,0
529.404519061,6,3,6,37,63,0,0,0,0,12,38874.992610917,0.999871209,0
530.633248142,7,1,7,39,63,0,0,0,0,12,38874.415558590,0.999856367,0
534.353065767,7,6,0,38,63,0,0,0,0,12,38874.405565632,0.999856110,1
535.425341154,2,4,2,39,63,0,0,0,0,12,38875.136924829,0.999874921,0
539.404519061,0,3,0,38,63,0,0,0,0,12,38875.652739173,0.999888188,0
540.633247551,2,1,2,40,63,0,0,0,0,12,38875.109088510,0.999874205,0
542.017717472,3,0,3,37,63,0,0,0,0,12,38874.090704213,0.999848012,0
542.284525693,4,2,8,40,63,0,0,0,0,12,38873.542959458,0.999833924,1
542.424302529,8,2,8,40,62,1,0,0,0,12,38875.295430611,0.999878998,0
544.353065767,3,6,1,39,63,0,0,0,0,12,38874.040152384,0.999846712,1
544.492842602,1,6,1,39,62,1,0,0,0,12,38874.243682352,0.999851947,0
545.425340909,5,4,5,40,63,0,0,0,0,12,38874.589359069,0.999860837,0
545.425340909,7,4,5,40,63,0,0,0,0,12,38874.219683421,0.999851329,1
550.633247551,0,1,0,41,63,0,0,0,0,12,38875.497724926,0.999884201,0
550.633247551,4,1,0,41,63,0,0,0,0,12,38873.278155006,0.999827113,1
552.017717472,3,0,3,38,63,0,0,0,0,12,38873.867648213,0.999842275,0
552.284525693,4,2,6,41,63,0,0,0,0,12,38873.194713314,0.999824967,1
552.424302528,6,2,6,41,62,1,0,0,0,12,38874.695084243,0.999863557,0
554.353065767,3,6,1,40,63,0,0,0,0,12,38873.840293056,0.999841571,1
554.353066497,1,6,1,40,63,0,0,0,0,12,38874.077742144,0.999847679,0
555.425341155,8,4,8,41,63,0,0,0,0,12,38875.030416669,0.999872181,0
559.174904726,1,7,1,41,63,0,0,0,0,12,38874.050044810,0.999846966,0
559.404519061,6,3,6,40,63,0,0,0,0,12,38874.588366053,0.999860812,0
560.633247551,0,1,0,42,63,0,0,0,0,12,38875.399126398,0.999881665,0
560.633247551,4,1,0,42,63,0,0,0,0,12,38873.018465406,0.999820434,1
562.284525448,5,2,5,42,63,0,0,0,0,12,38874.307487138,0.999853588,0
564.353065767,3,6,1,41,63,0,0,0,0,12,38873.664003648,0.999837037,1
564.492842602,1,6,1,41,62,1,0,0,0,12,38873.944478000,0.999844251,0
565.425340909,7,4,7,42,63,0,0,0,0,12,38873.852188509,0.999841877,0
569.174904135,4,7,4,42,63,0,0,0,0,12,38872.860008650,0.999816358,0
570.633247551,4,1,8,43,63,0,0,0,0,12,38872.842175998,0.999815900,1
570.633248282,8,1,8,43,63,0,0,0,0,12,38874.903981822,0.999868930,0
572.017718063,2,0,2,40,63,0,0,0,0,12,38874.703792277,0.999863781,0
572.284525448,1,2,1,43,63,0,0,0,0,12,38873.838020642,0.999841513,0
572.284525693,4,2,1,43,63,0,0,0,0,12,38872.763890658,0.999813886,1
574.353065767,3,6,3,42,63,0,0,0,0,12,38873.496368064,0.999832726,0
574.740308113,7,5,7,47,63,0,0,0,0,12,38873.745182769,0.999839125,0
575.425340909,7,4,7,43,63,0,0,0,0,12,38873.736282333,0.999838896,0
579.174904865,0,7,0,43,63,0,0,0,0,12,38875.185146698,0.999876161,0
579.404519061,0,3,0,42,63,0,0,0,0,12,38875.176410213,0.999875936,0
580.633247551,4,1,4,44,63,0,0,0,0,12,38872.605503358,0.999809812,0
582.284526178,3,2,3,44,63,0,0,0,0,12,38873.398514210,0.999830209,0
584.353065767,3,6,3,43,63,0,0,0,0,12,38873.389115712,0.999829967,0
585.425340909,1,4,1,44,63,0,0,0,0,12,38873.712329949,0.999838280,0
589.174904865,0,7,0,44,63,0,0,0,0,12,38875.086548170,0.999873625,0
589.404519061,6,3,6,43,63,0,0,0,0,12,38874.283916645,0.999852981,0
592.017717717,4,0,8,42,63,0,0,0,0,12,38872.489098773,0.999806818,1
592.157494553,8,0,8,42,62,1,0,0,0,12,38874.680274565,0.999863176,0
594.353066012,4,6,2,44,63,0,0,0,0,12,38872.419220992,0.999805021,1
594.740308459,3,5,3,49,63,0,0,0,0,12,38873.264416304,0.999826760,0
600.633247551,2,1,5,46,63,0,0,0,0,12,38874.469071870,0.999857744,1
600.633247796,5,1,5,46,63,0,0,0,0,12,38873.896379838,0.999843014,0
602.017717472,1,0,1,43,63,0,0,0,0,12,38873.525013461,0.999833462,0
602.284525448,5,2,0,46,63,0,0,0,0,12,38873.869823906,0.999842331,1
602.284526039,0,2,0,46,63,0,0,0,0,12,38874.883177826,0.999868394,0
604.353066012,4,6,4,45,63,0,0,0,0,12,38872.228568448,0.999800118,0
604.740308113,1,5,1,50,63,0,0,0,0,12,38873.465668400,0.999831936,0
605.425340909,1,4,1,46,63,0,0,0,0,12,38873.456767965,0.999831707,0
609.174904380,3,7,3,46,63,0,0,0,0,12,38873.105856394,0.999822681,0
609.404519306,7,3,7,45,63,0,0,0,0,12,38873.356207012,0.999829121,0
610.633247551,4,1,8,47,63,0,0,0,0,12,38872.074423294,0.999796153,1
610.633248282,8,1,8,47,63,0,0,0,0,12,38874.440357118,0.999857005,0
614.353065767,7,6,8,46,63,0,0,0,0,12,38873.277647040,0.999827100,1
614.353066358,8,6,8,46,63,0,0,0,0,12,38874.407900159,0.999856170,0
614.492842357,4,6,8,46,62,1,0,0,0,12,38871.963672176,0.999793304,1
619.174904135,4,7,4,47,63,0,0,0,0,12,38871.823912522,0.999789710,0
619.404519306,1,3,1,46,63,0,0,0,0,12,38873.311808932,0.999827979,0
620.633247551,4,1,4,48,63,0,0,0,0,12,38871.806079870,0.999789251,0
622.284525448,5,2,5,48,63,0,0,0,0,12,38873.551666850,0.999834148,0
624.353065767,3,6,3,47,63,0,0,0,0,12,38872.869517632,0.999816603,0
624.740308598,0,5,0,52,63,0,0,0,0,12,38874.568919792,0.999860312,0
625.425341154,2,4,2,48,63,0,0,0,0,12,38874.052532253,0.999847030,0
629.404519061,6,3,6,47,63,0,0,0,0,12,38873.771507044,0.999839802,0
629.404519306,7,3,6,47,63,0,0,0,0,12,38873.030502052,0.999820743,1
630.633247551,2,1,5,49,63,0,0,0,0,12,38874.042003582,0.999846759,1
630.633247796,5,1,5,49,63,0,0,0,0,12,38873.445008958,0.999831405,0
634.353065767,7,6,2,48,63,0,0,0,0,12,38872.951029696,0.999818699,1
634.492842357,4,6,2,48,62,1,0,0,0,12,38871.654168944,0.999785344,1
634.492843087,2,6,2,48,62,1,0,0,0,12,38873.902540016,0.999843172,0
634.826449942,4,8,4,50,63,0,0,0,0,12,38871.585011789,0.999783565,0
639.174904865,0,7,0,49,63,0,0,0,0,12,38874.434109514,0.999856844,0
639.404519061,4,3,5,48,63,0,0,0,0,12,38871.505672804,0.999781525,1
640.633247551,4,1,4,50,63,0,0,0,0,12,38871.436193406,0.999779737,0
642.017718202,5,0,7,47,63,0,0,0,0,12,38873.311296725,0.999827965,1
642.017718202,7,0,7,47,63,0,0,0,0,12,38872.792888661,0.999814632,0
644.353065767,3,6,3,49,63,0,0,0,0,12,38872.629051455,0.999810418,0
645.425340909,5,4,5,50,63,0,0,0,0,12,38873.180649692,0.999824605,0
649.174904135,4,7,8,50,63,0,0,0,0,12,38871.346773706,0.999777438,1
649.174904137,8,7,8,50,63,0,0,0,0,12,38874.024024010,0.999846297,0
650.633247551,2,1,2,51,63,0,0,0,0,12,38873.775769470,0.999839912,0
652.017718202,5,0,5,48,63,0,0,0,0,12,38873.143661141,0.999823654,0
654.353065767,3,6,1,50,63,0,0,0,0,12,38872.521799103,0.999807659,1
654.353066497,1,6,1,50,63,0,0,0,0,12,38872.884618047,0.999816991,0
654.740308459,3,5,3,55,63,0,0,0,0,12,38872.452622640,0.999805880,0
655.425340909,3,4,3,51,63,0,0,0,0,12,38872.443722204,0.999805651,0
659.174904135,4,7,8,51,63,0,0,0,0,12,38871.179138122,0.999773126,1
660.633247796,3,1,3,52,63,0,0,0,0,12,38872.364156478,0.999803605,0
662.017717472,3,0,3,49,63,0,0,0,0,12,38872.355004245,0.999803369,0
662.284525448,5,2,5,52,63,0,0,0,0,12,38873.010351266,0.999820225,0
664.353065767,3,6,1,51,63,0,0,0,0,12,38872.258059071,0.999800876,1
664.492842602,1,6,1,51,62,1,0,0,0,12,38872.698518576,0.999812205,0
665.425340909,1,4,1,52,63,0,0,0,0,12,38872.689529053,0.999811973,0
669.174904865,0,7,0,52,63,0,0,0,0,12,38874.068170954,0.999847432,0
670.633247551,2,1,2,53,63,0,0,0,0,12,38873.513392254,0.999833163,0
672.017717472,1,0,1,50,63,0,0,0,0,12,38872.593442901,0.999809502,0
672.284525693,4,2,4,53,63,0,0,0,0,12,38870.913532130,0.999766295,0
674.353065767,3,6,3,52,63,0,0,0,0,12,38872.062250175,0.999795840,0
675.425340909,1,4,1,53,63,0,0,0,0,12,38872.566254685,0.999808803,0
679.174904135,6,7,6,53,63,0,0,0,0,12,38873.217107914,0.999825543,0
680.633247551,2,1,2,54,63,0,0,0,0,12,38873.423447550,0.999830850,0
682.017717472,1,0,1,51,63,0,0,0,0,12,38872.486190549,0.999806744,0
682.284525693,4,2,6,54,63,0,0,0,0,12,38870.801123426,0.999763403,1
682.424302528,6,2,6,54,62,1,0,0,0,12,38873.189976658,0.999824845,0
684.353065767,3,6,5,53,63,0,0,0,0,12,38871.946343999,0.999792859,1
684.353066497,5,6,5,53,63,0,0,0,0,12,38872.764537023,0.999813903,0
684.492842357,4,6,5,53,62,1,0,0,0,12,38870.731291376,0.999761607,1
684.826450287,6,8,6,55,63,0,0,0,0,12,38873.102767181,0.999822602,0
685.425341155,8,4,8,54,63,0,0,0,0,12,38873.606677148,0.999835563,0
689.404519061,4,3,4,53,63,0,0,0,0,12,38870.582795236,0.999757788,0
690.633247796,5,1,5,55,63,0,0,0,0,12,38872.684585278,0.999811846,0
692.017718202,5,0,5,52,63,0,0,0,0,12,38872.675433045,0.999811611,0
692.284526039,8,2,8,55,63,0,0,0,0,12,38873.569592546,0.999834609,0
694.353065767,3,6,3,54,63,0,0,0,0,12,38871.770054591,0.999788324,0
695.425340909,3,4,3,55,63,0,0,0,0,12,38871.761014748,0.999788092,0
699.174904135,4,7,8,55,63,0,0,0,0,12,38870.484279370,0.999755254,1
699.174904137,8,7,8,55,63,0,0,0,0,12,38873.489421130,0.999832547,0
702.284525693,4,2,6,56,63,0,0,0,0,12,38870.396815202,0.999753005,1
702.424302528,6,2,6,56,62,1,0,0,0,12,38872.966818130,0.999819105,0
704.353065767,3,6,3,55,63,0,0,0,0,12,38871.662802239,0.999785566,0
705.425340909,3,4,3,56,63,0,0,0,0,12,38871.653762396,0.999785333,0
709.174904726,1,7,2,56,63,0,0,0,0,12,38872.208532490,0.999799602,1
709.314681316,2,7,2,56,62,1,0,0,0,12,38873.119472826,0.999823032,0
710.633247551,0,1,0,57,63,0,0,0,0,12,38873.659441662,0.999836920,0
710.633247551,4,1,0,57,63,0,0,0,0,12,38870.255735550,0.999749376,1
712.017717472,3,0,8,54,63,0,0,0,0,12,38871.556390613,0.999782829,1
714.353065767,3,6,1,56,63,0,0,0,0,12,38871.486512831,0.999781032,1
714.492842357,4,6,1,56,62,1,0,0,0,12,38870.168001392,0.999747119,1
714.492842602,1,6,1,56,62,1,0,0,0,12,38872.059890096,0.999795779,0
719.404519306,7,3,7,56,63,0,0,0,0,12,38871.897144868,0.999791593,0
720.633247551,2,1,2,58,63,0,0,0,0,12,38873.029053438,0.999820706,0
722.284525448,1,2,1,58,63,0,0,0,0,12,38871.970740386,0.999793486,0
725.425341154,0,4,0,58,63,0,0,0,0,12,38873.443867292,0.999831375,0
729.174904135,4,7,3,58,63,0,0,0,0,12,38869.905520330,0.999740368,1
729.174904380,3,7,3,58,63,0,0,0,0,12,38871.253620105,0.999775042,0
730.633247796,3,1,3,59,63,0,0,0,0,12,38871.184058046,0.999773253,0
732.017717472,3,0,8,56,63,0,0,0,0,12,38871.165699029,0.999772780,1
734.353065767,3,6,2,58,63,0,0,0,0,12,38871.086614463,0.999770746,1
735.425341154,2,4,2,59,63,0,0,0,0,12,38872.815870621,0.999815223,0
739.174904135,4,7,3,59,63,0,0,0,0,12,38869.650434122,0.999733807,1
739.174904380,3,7,3,59,63,0,0,0,0,12,38871.007187721,0.999768703,0
740.633247796,5,1,5,60,63,0,0,0,0,12,38872.082037438,0.999796349,0
742.284526178,7,2,7,60,63,0,0,0,0,12,38871.602806562,0.999784023,0
744.353065767,7,6,7,59,63,0,0,0,0,12,38871.593408064,0.999783781,0
745.425341154,0,4,0,60,63,0,0,0,0,12,38873.228256668,0.999825830,0
749.174904135,4,7,4,60,63,0,0,0,0,12,38869.482798538,0.999729496,0
750.633248281,6,1,6,61,63,0,0,0,0,12,38872.409663358,0.999804775,0
752.017717717,4,0,6,58,63,0,0,0,0,12,38869.455813653,0.999728802,1
752.157494552,6,0,6,58,62,1,0,0,0,12,38872.400460805,0.999804539,0
754.353066497,5,6,5,60,63,0,0,0,0,12,38871.973445951,0.999793556,0
755.425341154,2,4,2,61,63,0,0,0,0,12,38872.618673565,0.999810151,0
759.174904135,6,7,5,61,63,0,0,0,0,12,38872.311589834,0.999802253,1
760.633247796,5,1,5,62,63,0,0,0,0,12,38871.893494206,0.999791499,0
762.017717717,4,0,6,59,63,0,0,0,0,12,38869.288178069,0.999724490,1
765.425341154,6,4,6,62,63,0,0,0,0,12,38872.171265564,0.999798644,0
769.174904135,6,7,6,62,63,0,0,0,0,12,38872.161261898,0.999798386,0
772.284526178,7,2,7,63,63,0,0,0,0,12,38871.315664802,0.999776637,0
775.425341155,8,4,8,63,63,0,0,0,0,12,38872.710083612,0.999812502,0
779.174904135,6,7,5,63,63,0,0,0,0,12,38872.062663370,0.999795850,1
779.174904380,5,7,5,63,63,0,0,0,0,12,38871.714129801,0.999786886,0
780.633247796,3,1,3,64,63,0,0,0,0,12,38870.499962430,0.999755657,0
782.017718202,7,0,7,61,63,0,0,0,0,12,38871.217162325,0.999774104,0
784.353065767,7,6,1,63,63,0,0,0,0,12,38871.193857600,0.999773505,1
784.492842948,1,6,1,63,62,1,0,0,0,12,38871.274508336,0.999775579,0
784.740307868,2,5,2,68,63,0,0,0,0,12,38872.335275888,0.999802862,0
785.425340909,1,4,1,64,63,0,0,0,0,12,38871.265518812,0.999775348,0
785.425340909,5,4,1,64,63,0,0,0,0,12,38871.603070940,0.999784030,1
789.174904135,6,7,6,64,63,0,0,0,0,12,38871.907179082,0.999791851,0
789.404519061,4,3,5,63,63,0,0,0,0,12,38868.888012004,0.999714198,1
790.633247551,2,1,2,65,63,0,0,0,0,12,38872.255270014,0.999800804,0
792.017717472,3,0,8,62,63,0,0,0,0,12,38870.310276821,0.999750779,1
794.353065767,7,6,4,64,63,0,0,0,0,12,38870.970248639,0.999767753,1
795.425341155,8,4,8,65,63,0,0,0,0,12,38872.447153436,0.999805740,0
799.174904137,8,7,8,65,63,0,0,0,0,12,38872.437149770,0.999805482,0
799.174904380,5,7,8,65,63,0,0,0,0,12,38871.385660041,0.999778438,1
799.404519306,7,3,1,64,63,0,0,0,0,12,38870.830356004,0.999764155,1
799.544296487,1,3,1,64,62,1,0,0,0,12,38871.119956500,0.999771604,0
802.017717717,4,0,4,63,63,0,0,0,0,12,38868.636035477,0.999707717,0
802.284525448,5,2,5,66,63,0,0,0,0,12,38871.298195874,0.999776188,0
804.353065767,7,6,7,65,63,0,0,0,0,12,38870.750883647,0.999762111,0
805.425340909,1,4,1,66,63,0,0,0,0,12,38871.022840796,0.999769106,0
805.425340909,7,4,1,66,63,0,0,0,0,12,38870.741843804,0.999761879,1
809.174904865,2,7,2,66,63,0,0,0,0,12,38872.049944138,0.999795523,0
809.404519791,2,3,2,65,63,0,0,0,0,12,38872.041207652,0.999795299,0
812.017717472,3,0,3,64,63,0,0,0,0,12,38870.009427413,0.999743041,0
812.284525693,4,2,4,67,63,0,0,0,0,12,38868.511379426,0.999704511,0
815.425340909,5,4,5,67,63,0,0,0,0,12,38871.120775772,0.999771625,0
819.174904135,4,7,4,67,63,0,0,0,0,12,38868.431208009,0.999702449,0
819.404519061,6,3,6,66,63,0,0,0,0,12,38871.507648484,0.999781575,0
820.633247551,0,1,0,68,63,0,0,0,0,12,38872.476168318,0.999806486,0
822.017718063,6,0,6,65,63,0,0,0,0,12,38871.489400085,0.999781106,0
822.284525448,1,2,0,68,63,0,0,0,0,12,38870.826774434,0.999764063,1
824.353065767,3,6,3,67,63,0,0,0,0,12,38869.892680511,0.999740038,0
825.425341154,2,4,2,68,63,0,0,0,0,12,38871.854096924,0.999790486,0
829.174904135,4,7,3,68,63,0,0,0,0,12,38868.315301833,0.999699468,1
829.174904380,3,7,3,68,63,0,0,0,0,12,38869.873637001,0.999739548,0
829.404519061,6,3,5,67,63,0,0,0,0,12,38871.383088484,0.999778372,1
830.633247551,0,1,0,69,63,0,0,0,0,12,38872.394877438,0.999804395,0
832.284525448,1,2,1,69,63,0,0,0,0,12,38870.667792674,0.999759974,0
834.353066358,8,6,8,68,63,0,0,0,0,12,38872.096220927,0.999796714,0
834.353066497,5,6,8,68,63,0,0,0,0,12,38870.967040319,0.999767671,1
835.425340909,3,4,3,69,63,0,0,0,0,12,38869.767734492,0.999736824,0
839.174904135,6,7,6,69,63,0,0,0,0,12,38871.232843210,0.999774507,0
839.404519061,0,3,2,68,63,0,0,0,0,12,38872.288067428,0.999801648,1
839.544296242,2,3,2,68,62,1,0,0,0,12,38871.736707925,0.999787467,0
840.633247551,2,1,2,70,63,0,0,0,0,12,38871.727662078,0.999787234,0
844.353065767,3,6,3,69,63,0,0,0,0,12,38869.623308351,0.999733110,0
844.740308598,6,5,6,74,63,0,0,0,0,12,38871.130684784,0.999771880,0
845.425341154,2,4,2,70,63,0,0,0,0,12,38871.643089692,0.999785059,0
849.174904865,0,7,2,70,63,0,0,0,0,12,38872.077245385,0.999796225,1
850.633247551,2,1,2,71,63,0,0,0,0,12,38871.553211262,0.999782747,0
852.017717717,4,0,8,68,63,0,0,0,0,12,38867.966109461,0.999690486,1
852.157494553,8,0,8,68,62,1,0,0,0,12,38871.842734981,0.999790194,0
854.353065767,7,6,7,70,63,0,0,0,0,12,38870.171546303,0.999747211,0
859.174904380,5,7,5,71,63,0,0,0,0,12,38870.546992521,0.999756867,0
859.404519061,6,3,6,70,63,0,0,0,0,12,38870.933749732,0.999766815,0
860.633247551,4,1,4,72,63,0,0,0,0,12,38867.816279934,0.999686633,0
862.284525448,5,2,5,72,63,0,0,0,0,12,38870.528565410,0.999756393,0
864.353065767,7,6,7,71,63,0,0,0,0,12,38870.072947775,0.999744675,0
864.826450287,6,8,6,73,63,0,0,0,0,12,38870.845453133,0.999764544,0
865.425340909,5,4,5,72,63,0,0,0,0,12,38870.458397660,0.999754588,0
869.174904865,0,7,0,72,63,0,0,0,0,12,38871.796648137,0.999789008,0
869.404519061,6,3,6,71,63,0,0,0,0,12,38870.817843556,0.999763833,0
870.633247551,2,1,2,73,63,0,0,0,0,12,38871.356014206,0.999777675,0
872.017717717,4,0,8,70,63,0,0,0,0,12,38867.708529173,0.999683861,1
874.353065767,3,6,2,72,63,0,0,0,0,12,38869.304495807,0.999724910,1
874.492842357,0,6,2,72,62,1,0,0,0,12,38871.708388976,0.999786738,1
874.492843087,2,6,2,72,62,1,0,0,0,12,38871.285587696,0.999775864,0
875.425340909,3,4,3,73,63,0,0,0,0,12,38869.226418908,0.999722902,0
879.404519061,0,3,4,72,63,0,0,0,0,12,38871.628929892,0.999784695,1
879.404519061,4,3,4,72,63,0,0,0,0,12,38867.550488164,0.999679797,0
880.633247551,4,1,8,74,63,0,0,0,0,12,38867.532738174,0.999679340,1
880.633248282,8,1,8,74,63,0,0,0,0,12,38871.547488126,0.999782600,0
882.017718202,5,0,5,71,63,0,0,0,0,12,38870.296849108,0.999750433,0
882.284526178,7,2,7,74,63,0,0,0,0,12,38869.841880098,0.999738731,0
884.353066358,8,6,8,73,63,0,0,0,0,12,38871.528841343,0.999782120,0
884.353066497,5,6,8,73,63,0,0,0,0,12,38870.278700735,0.999749967,1
884.740308113,1,5,1,78,63,0,0,0,0,12,38870.022750512,0.999743384,0
885.425340909,7,4,7,74,63,0,0,0,0,12,38869.814787932,0.999738035,0
889.174904865,0,7,0,74,63,0,0,0,0,12,38871.452723145,0.999780163,0
889.404519061,0,3,4,73,63,0,0,0,0,12,38871.443986660,0.999779938,1
889.404519061,4,3,4,73,63,0,0,0,0,12,38867.365544932,0.999675040,0
892.284525693,4,2,6,75,63,0,0,0,0,12,38867.329892834,0.999674123,1
892.284526528,6,2,6,75,63,0,0,0,0,12,38870.584994401,0.999757845,0
894.353065767,3,6,3,74,63,0,0,0,0,12,38868.986338751,0.999716727,0
895.425340909,3,4,3,75,63,0,0,0,0,12,38868.968645084,0.999716272,0
899.174904380,5,7,5,75,63,0,0,0,0,12,38870.031638409,0.999743612,0
899.404519061,6,3,6,74,63,0,0,0,0,12,38870.487432676,0.999755335,0
900.633247796,3,1,3,76,63,0,0,0,0,12,38868.889079357,0.999714225,0
902.017717472,3,0,6,73,63,0,0,0,0,12,38868.879927124,0.999713990,1
902.017718063,6,0,6,73,63,0,0,0,0,12,38870.469184276,0.999754866,0
902.284525448,1,2,0,76,63,0,0,0,0,12,38869.791822242,0.999737444,1
905.425341155,8,4,8,76,63,0,0,0,0,12,38871.262221212,0.999775263,0
910.633247551,0,1,0,77,63,0,0,0,0,12,38871.104582142,0.999771208,0
912.017717472,3,0,3,74,63,0,0,0,0,12,38868.656871124,0.999708253,0
912.284525448,1,2,1,77,63,0,0,0,0,12,38869.535630114,0.999730855,0
914.353066497,1,6,1,76,63,0,0,0,0,12,38869.526231615,0.999730613,0
915.425341155,8,4,8,77,63,0,0,0,0,12,38871.142817564,0.999772192,0
919.174904380,3,7,3,77,63,0,0,0,0,12,38868.623176713,0.999707386,0
919.404519061,4,3,5,76,63,0,0,0,0,12,38866.894654564,0.999662928,1
920.633248142,7,1,7,78,63,0,0,0,0,12,38869.360989246,0.999726363,0
922.017718063,2,0,2,75,63,0,0,0,0,12,38870.806549781,0.999763543,0
922.284525448,1,2,0,78,63,0,0,0,0,12,38869.419723938,0.999727874,1
922.424302038,0,2,0,78,62,1,0,0,0,12,38870.927647954,0.999766658,0
924.353065767,7,6,7,77,63,0,0,0,0,12,38869.342342463,0.999725883,0
925.425340909,3,4,3,78,63,0,0,0,0,12,38868.508620380,0.999704440,0
929.174904135,4,7,8,78,63,0,0,0,0,12,38866.727101641,0.999658619,1
929.174904137,8,7,8,78,63,0,0,0,0,12,38870.999600073,0.999768508,0
930.633247551,4,1,4,79,63,0,0,0,0,12,38866.657539582,0.999656830,0
932.017718202,5,0,5,76,63,0,0,0,0,12,38869.601334868,0.999732545,0
935.425341154,0,4,0,79,63,0,0,0,0,12,38870.819315228,0.999763871,0
939.174904135,4,7,4,79,63,0,0,0,0,12,38866.568119881,0.999654530,0
940.633248142,7,1,7,80,63,0,0,0,0,12,38869.155138366,0.999721068,0
942.017717472,3,0,7,77,63,0,0,0,0,12,38868.312650068,0.999699399,1
942.157494307,7,0,7,77,62,1,0,0,0,12,38869.145935813,0.999720832,0
944.740307868,2,5,2,84,63,0,0,0,0,12,38870.530681712,0.999756448,0
945.425341154,6,4,6,80,63,0,0,0,0,12,38869.926641948,0.999740912,0
949.174904135,4,7,4,80,63,0,0,0,0,12,38866.452213705,0.999651549,0
950.633247551,4,1,8,81,63,0,0,0,0,12,38866.443034878,0.999651313,1
950.773024387,8,1,8,81,62,1,0,0,0,12,38870.801827694,0.999763421,0
952.017717472,3,0,7,78,63,0,0,0,0,12,38868.153668308,0.999695310,1
954.353065767,3,6,3,80,63,0,0,0,0,12,38868.083790527,0.999693513,0
955.425340909,1,4,1,81,63,0,0,0,0,12,38869.053760604,0.999718461,0
959.174904135,4,7,4,81,63,0,0,0,0,12,38866.293231945,0.999647460,0
959.404519306,7,3,7,80,63,0,0,0,0,12,38868.967037476,0.999716230,0
960.633247551,0,1,0,82,63,0,0,0,0,12,38870.594281854,0.999758083,0
962.017717717,4,0,4,79,63,0,0,0,0,12,38866.266247060,0.999646766,0
962.284525448,5,2,5,82,63,0,0,0,0,12,38869.288135586,0.999724489,0
964.353065767,7,6,8,81,63,0,0,0,0,12,38868.934138175,0.999715384,1
964.353066358,8,6,8,81,63,0,0,0,0,12,38870.684632703,0.999760407,0
964.492842357,4,6,8,81,62,1,0,0,0,12,38866.220980976,0.999645601,1
965.425340909,3,4,3,82,63,0,0,0,0,12,38867.899373660,0.999688770,0
969.404519061,0,3,5,81,63,0,0,0,0,12,38870.433530596,0.999753949,1
969.404519652,5,3,5,81,63,0,0,0,0,12,38869.161114916,0.999721222,0
972.284525448,1,2,1,83,63,0,0,0,0,12,38868.763981346,0.999711008,0
974.353066358,0,6,0,82,63,0,0,0,0,12,38870.285021183,0.999750129,0
974.826450287,6,8,6,84,63,0,0,0,0,12,38869.566434765,0.999731647,0
975.425340909,7,4,7,83,63,0,0,0,0,12,38868.690264284,0.999709112,0
979.174904380,5,7,5,83,63,0,0,0,0,12,38869.043079561,0.999718186,0
979.404519306,1,3,1,82,63,0,0,0,0,12,38868.726249892,0.999710037,0
980.633247796,3,1,3,84,63,0,0,0,0,12,38867.705187389,0.999683775,0
982.284526039,8,2,6,84,63,0,0,0,0,12,38870.382316129,0.999752632,1
982.424303220,6,2,6,84,62,1,0,0,0,12,38869.520430418,0.999730464,0
984.353066358,0,6,0,83,63,0,0,0,0,12,38870.195076479,0.999747816,0
984.740307868,2,5,2,88,63,0,0,0,0,12,38870.080314224,0.999744864,0
985.425340909,7,4,0,84,63,0,0,0,0,12,38868.574358108,0.999706131,1
985.425341154,0,4,0,84,63,0,0,0,0,12,38870.186036636,0.999747583,0
989.404519061,0,3,5,83,63,0,0,0,0,12,38870.175950308,0.999747324,1
990.633247551,2,1,2,85,63,0,0,0,0,12,38870.052231294,0.999744142,0
992.017717472,3,0,3,82,63,0,0,0,0,12,38867.562821332,0.999680114,0
992.284526039,8,2,3,85,63,0,0,0,0,12,38870.206026721,0.999748097,1
994.353065767,3,6,3,84,63,0,0,0,0,12,38867.553326783,0.999679870,0
995.425340909,7,4,0,85,63,0,0,0,0,12,38868.389414876,0.999701374,1
995.425341154,0,4,0,85,63,0,0,0,0,12,38870.027054876,0.999743494,0
999.174904380,3,7,3,85,63,0,0,0,0,12,38867.525629449,0.999679157,0
999.404519306,7,3,7,84,63,0,0,0,0,12,38868.258562084,0.999698008,0
1000.633247551,0,1,0,86,63,0,0,0,0,12,38869.999218558,0.999742778,0
1000.633247796,3,1,0,86,63,0,0,0,0,12,38867.456067389,0.999677368,1
1002.017717717,4,0,4,83,63,0,0,0,0,12,38865.602672020,0.999629698,0
1002.284525448,1,2,1,86,63,0,0,0,0,12,38868.407056034,0.999701828,0
1004.353065767,7,6,8,85,63,0,0,0,0,12,38868.230819135,0.999697295,1
1004.492842357,4,6,8,85,62,1,0,0,0,12,38865.575819503,0.999629008,1
1004.492842359,8,6,8,85,62,1,0,0,0,12,38870.020288496,0.999743320,0
1005.425340909,5,4,5,86,63,0,0,0,0,12,38868.705364700,0.999709500,0
1009.174904135,4,7,4,86,63,0,0,0,0,12,38865.444713673,0.999625636,0
1009.404519061,6,3,6,85,63,0,0,0,0,12,38869.156491364,0.999721103,0
1010.633247551,4,1,5,87,63,0,0,0,0,12,38865.435534846,0.999625400,1
1010.633247796,5,1,5,87,63,0,0,0,0,12,38868.686182205,0.999709007,0
1012.017717472,1,0,1,84,63,0,0,0,0,12,38868.299899733,0.999699071,0
1014.353065767,7,6,1,86,63,0,0,0,0,12,38868.071837375,0.999693206,1
1014.353066497,1,6,1,86,63,0,0,0,0,12,38868.281751359,0.999698605,0
1015.425340909,1,4,1,87,63,0,0,0,0,12,38868.264057692,0.999698150,0
1015.425340909,7,4,1,87,63,0,0,0,0,12,38868.002414300,0.999691420,1
1019.174904135,4,7,8,87,63,0,0,0,0,12,38865.259770441,0.999620879,1
1019.174904137,8,7,8,87,63,0,0,0,0,12,38869.833659721,0.999738520,0
1020.633247551,2,1,2,88,63,0,0,0,0,12,38869.669897470,0.999734308,0
1022.017717717,4,0,4,85,63,0,0,0,0,12,38865.181056148,0.999618854,0
1022.284526039,8,2,6,88,63,0,0,0,0,12,38869.806578785,0.999737824,1
1022.284526528,6,2,6,88,63,0,0,0,0,12,38869.030894561,0.999717873,0
1024.353065767,3,6,3,87,63,0,0,0,0,12,38867.061824831,0.999667228,0
1025.425340909,1,4,1,88,63,0,0,0,0,12,38868.091265756,0.999693705,0
1029.404519061,0,3,0,87,63,0,0,0,0,12,38869.630584292,0.999733297,0
1030.633247551,4,1,4,89,63,0,0,0,0,12,38865.036189438,0.999615128,0
1032.017717472,3,0,3,86,63,0,0,0,0,12,38866.957251796,0.999664538,0
1032.284525448,5,2,0,89,63,0,0,0,0,12,38868.362080801,0.999700671,1
1032.284526039,0,2,0,89,63,0,0,0,0,12,38869.546700257,0.999731139,0
1034.353065767,7,6,1,88,63,0,0,0,0,12,38867.670280127,0.999682878,1
1034.740307868,4,5,4,93,63,0,0,0,0,12,38864.986285424,0.999613845,0
1039.174904135,6,7,6,89,63,0,0,0,0,12,38868.786391497,0.999711584,0
1040.633247551,4,1,4,90,63,0,0,0,0,12,38864.897819262,0.999611569,0
1042.284526039,8,2,8,90,63,0,0,0,0,12,38869.478109025,0.999729375,0
1044.353065767,7,6,1,89,63,0,0,0,0,12,38867.502644543,0.999678566,1
1044.353066497,1,6,1,89,63,0,0,0,0,12,38867.866834367,0.999687933,0
1045.425340909,5,4,5,90,63,0,0,0,0,12,38868.115623644,0.999694332,0
1049.174904726,1,7,1,90,63,0,0,0,0,12,38867.847790857,0.999687443,0
1049.404519306,7,3,7,89,63,0,0,0,0,12,38867.362751908,0.999674968,0
1050.633247551,4,1,8,91,63,0,0,0,0,12,38864.773259262,0.999608366,1
1050.773024387,8,1,8,91,62,1,0,0,0,12,38869.380054638,0.999726853,0
1052.017717472,3,0,3,88,63,0,0,0,0,12,38866.728936916,0.999658666,0
1052.284526039,8,2,6,91,63,0,0,0,0,12,38869.370856673,0.999726617,1
1054.353065767,7,6,7,90,63,0,0,0,0,12,38867.343662783,0.999674477,0
1055.425341154,6,4,6,91,63,0,0,0,0,12,38868.573236636,0.999706102,0
1059.404519061,0,3,0,90,63,0,0,0,0,12,38869.303670884,0.999724889,0
1060.633247551,2,1,2,92,63,0,0,0,0,12,38869.239229182,0.999723231,0
1062.017717472,1,0,1,89,63,0,0,0,0,12,38867.661824213,0.999682660,0
1062.017717717,4,0,1,89,63,0,0,0,0,12,38864.587817620,0.999603596,1
1064.353066358,0,6,0,91,63,0,0,0,0,12,38869.224198527,0.999722845,0
1069.174904135,6,7,6,92,63,0,0,0,0,12,38868.455980617,0.999703086,0
1070.633247551,4,1,4,93,63,0,0,0,0,12,38864.437988094,0.999599742,0
1072.017718202,7,0,7,90,63,0,0,0,0,12,38867.155960276,0.999669649,0
1072.284525448,1,2,1,93,63,0,0,0,0,12,38867.571783458,0.999680344,0
1074.353066847,2,6,2,92,63,0,0,0,0,12,38869.070254463,0.999718885,0
1075.425341154,6,4,6,93,63,0,0,0,0,12,38868.367385756,0.999700807,0
1079.174904135,6,7,6,93,63,0,0,0,0,12,38868.357382089,0.999700550,0
1080.633247551,4,1,4,94,63,0,0,0,0,12,38864.339389566,0.999597207,0
1082.017717717,4,0,4,91,63,0,0,0,0,12,38864.330237332,0.999596971,0
1082.284525448,5,2,5,94,63,0,0,0,0,12,38867.748128161,0.999684880,0
1084.353065767,7,6,7,93,63,0,0,0,0,12,38867.042710847,0.999666736,0
1085.425340909,3,4,3,94,63,0,0,0,0,12,38866.354583132,0.999649038,0
1089.404519306,1,3,1,93,63,0,0,0,0,12,38867.371379236,0.999675190,0
1090.633247551,2,1,2,95,63,0,0,0,0,12,38868.894648702,0.999714369,0
1092.284525448,1,2,3,95,63,0,0,0,0,12,38867.287495202,0.999673032,1
1092.424302283,3,2,3,95,62,1,0,0,0,12,38866.233495058,0.999645923,0
1094.353065767,7,6,1,94,63,0,0,0,0,12,38866.855555775,0.999661923,1
1094.492842948,1,6,1,94,62,1,0,0,0,12,38867.217663151,0.999671236,0
1094.740307868,4,5,4,99,63,0,0,0,0,12,38864.111896688,0.999591355,0
1095.425340909,3,4,3,95,63,0,0,0,0,12,38866.197246428,0.999644991,0
1099.174904135,6,7,3,95,63,0,0,0,0,12,38868.078250185,0.999693371,1
1100.633247551,4,1,4,96,63,0,0,0,0,12,38864.032084349,0.999589303,0
1102.017717717,4,0,7,93,63,0,0,0,0,12,38864.022932116,0.999589067,1
1102.017718202,7,0,7,93,63,0,0,0,0,12,38866.714722388,0.999658300,0
1104.353065767,7,6,7,95,63,0,0,0,0,12,38866.696574015,0.999657834,0
1104.740308598,0,5,0,100,63,0,0,0,0,12,38868.746071280,0.999710547,0
1105.425340909,3,4,3,96,63,0,0,0,0,12,38866.098647900,0.999642455,0
1110.633247796,5,1,6,97,63,0,0,0,0,12,38867.368973885,0.999675128,1
1110.773025116,6,1,6,97,62,1,0,0,0,12,38867.927346926,0.999689489,0
1112.017717717,4,0,6,94,63,0,0,0,0,12,38863.846642708,0.999584533,1
1112.157494552,6,0,6,94,62,1,0,0,0,12,38867.918194693,0.999689254,0
1119.174904135,6,7,6,97,63,0,0,0,0,12,38867.837977545,0.999687191,0
1119.404519061,4,3,4,96,63,0,0,0,0,12,38863.697255524,0.999580691,0
1120.633247551,0,1,0,98,63,0,0,0,0,12,38868.619389822,0.999707289,0
1122.284525448,1,2,1,98,63,0,0,0,0,12,38866.905354914,0.999663204,0
1124.353065767,7,6,8,97,63,0,0,0,0,12,38866.473415487,0.999652094,1
1124.492842357,4,6,8,97,62,1,0,0,0,12,38863.652154607,0.999579531,1
1124.492842359,8,6,8,97,62,1,0,0,0,12,38868.543636463,0.999705340,0
1125.425341155,8,4,8,98,63,0,0,0,0,12,38868.474263708,0.999703556,0
1129.174904380,5,7,5,98,63,0,0,0,0,12,38867.111918601,0.999668516,0
1129.404519306,1,3,1,97,63,0,0,0,0,12,38866.876830244,0.999662470,0
1130.633247551,0,1,0,99,63,0,0,0,0,12,38868.520791294,0.999704753,0
1132.017717717,4,0,6,96,63,0,0,0,0,12,38863.485410068,0.999575242,1
1132.157494552,6,0,6,96,62,1,0,0,0,12,38867.695036165,0.999683514,0
1134.353065767,3,6,3,98,63,0,0,0,0,12,38865.785930687,0.999634412,0
1135.425341155,8,4,8,99,63,0,0,0,0,12,38868.375665180,0.999701020,0
1139.174904135,6,7,3,99,63,0,0,0,0,12,38867.614819017,0.999681451,1
1139.174904380,3,7,3,99,63,0,0,0,0,12,38865.766887177,0.999633922,0
1140.633247796,3,1,3,100,63,0,0,0,0,12,38865.697325117,0.999632133,0
1142.284526178,7,2,7,100,63,0,0,0,0,12,38866.216579873,0.999645488,0
1144.826449698,7,8,2,101,63,0,0,0,0,12,38866.189150349,0.999644783,1
1144.966226288,6,8,2,101,62,1,0,0,0,12,38867.455140541,0.999677344,1
1144.966227018,2,8,2,101,62,1,0,0,0,12,38868.336948157,0.999700024,0
1145.425340909,1,4,2,100,63,0,0,0,0,12,38866.642952924,0.999656455,1
1145.565117499,2,4,2,100,62,1,0,0,0,12,38868.328078733,0.999699796,0
1150.633247551,4,1,4,101,63,0,0,0,0,12,38863.136633597,0.999566271,0
1152.017717472,1,0,2,98,63,0,0,0,0,12,38866.500846676,0.999652800,1
1155.425340909,5,4,2,101,63,0,0,0,0,12,38866.763891036,0.999659565,1
1155.425341154,2,4,2,101,63,0,0,0,0,12,38868.209278364,0.999696741,0
1159.174904135,4,7,4,101,63,0,0,0,0,12,38863.045555017,0.999563929,0
1159.404519306,1,3,1,100,63,0,0,0,0,12,38866.411842724,0.999650510,0
1160.633247551,4,1,7,102,63,0,0,0,0,12,38863.036376189,0.999563693,1
1160.773024141,7,1,7,102,62,1,0,0,0,12,38865.890313134,0.999637097,0
1162.017717472,3,0,3,99,63,0,0,0,0,12,38865.381973588,0.999624022,0
1162.284526039,8,2,8,102,63,0,0,0,0,12,38868.064978273,0.999693029,0
1164.353065767,3,6,5,101,63,0,0,0,0,12,38865.363825215,0.999623555,1
1164.740308113,1,5,1,106,63,0,0,0,0,12,38866.297615664,0.999647572,0
1165.425340909,5,4,5,102,63,0,0,0,0,12,38866.604909276,0.999655476,0
1169.404519061,4,3,8,101,63,0,0,0,0,12,38862.851875300,0.999558947,1
1169.544295897,8,3,8,101,62,1,0,0,0,12,38867.967366228,0.999690519,0
1172.017717472,1,0,1,100,63,0,0,0,0,12,38866.199997268,0.999645062,0
1172.284525448,1,2,1,103,63,0,0,0,0,12,38866.191247394,0.999644837,0
1175.425340909,1,4,1,103,63,0,0,0,0,12,38866.172809052,0.999644362,0
1179.174904135,4,7,4,103,63,0,0,0,0,12,38862.684322377,0.999554638,0
1180.633247551,4,1,8,104,63,0,0,0,0,12,38862.666489725,0.999554179,1
1180.773024387,8,1,8,104,62,1,0,0,0,12,38867.868325358,0.999687971,0
1182.017717472,1,0,5,101,63,0,0,0,0,12,38866.084091092,0.999642081,1
1182.284526178,7,2,7,104,63,0,0,0,0,12,38865.675264289,0.999631565,0
1184.353065767,3,6,3,103,63,0,0,0,0,12,38865.071629631,0.999616040,0
1185.425340909,7,4,6,104,63,0,0,0,0,12,38865.656825948,0.999631091,1
1185.425341154,6,4,6,104,63,0,0,0,0,12,38866.884753692,0.999662674,0
1189.174904865,0,7,0,104,63,0,0,0,0,12,38867.850375369,0.999687510,0
1189.404519306,7,3,7,103,63,0,0,0,0,12,38865.525973156,0.999627726,0
1190.633247796,3,1,6,105,63,0,0,0,0,12,38864.974370237,0.999613538,1
1190.773024386,6,1,6,105,62,1,0,0,0,12,38866.848213230,0.999661734,0
1192.017717472,3,0,8,102,63,0,0,0,0,12,38864.904834772,0.999611750,1
1194.353065767,3,6,8,104,63,0,0,0,0,12,38864.834956991,0.999609953,1
1194.492842357,4,6,8,104,62,1,0,0,0,12,38862.454195567,0.999548719,1
1195.425341155,8,4,8,105,63,0,0,0,0,12,38867.699014940,0.999683617,0
1199.174904135,4,7,3,105,63,0,0,0,0,12,38862.314435913,0.999545124,1
1199.174904380,3,7,3,105,63,0,0,0,0,12,38864.746876425,0.999607687,0
1200.633247551,0,1,0,106,63,0,0,0,0,12,38867.759905661,0.999685183,0
1200.633247796,3,1,0,106,63,0,0,0,0,12,38864.677314365,0.999605898,1
1202.017717472,1,0,5,103,63,0,0,0,0,12,38865.809203156,0.999635010,1
1205.425340909,7,4,7,106,63,0,0,0,0,12,38865.350820188,0.999623221,0
1209.404519306,1,3,1,105,63,0,0,0,0,12,38865.659622436,0.999631163,0
1210.633247551,2,1,2,107,63,0,0,0,0,12,38867.641129854,0.999682128,0
1212.017717472,3,0,3,104,63,0,0,0,0,12,38864.453759956,0.999600148,0
1214.353065767,3,6,5,106,63,0,0,0,0,12,38864.444265406,0.999599904,1
1214.492842948,5,6,5,106,62,1,0,0,0,12,38866.073766319,0.999641815,0
1215.425340909,3,4,6,107,63,0,0,0,0,12,38864.374842331,0.999598118,1
1215.425341154,6,4,6,107,63,0,0,0,0,12,38866.519727516,0.999653285,0
1219.174904380,3,7,3,107,63,0,0,0,0,12,38864.304455433,0.999596308,0
1219.404519061,4,3,4,106,63,0,0,0,0,12,38861.918132068,0.999534931,0
1222.017717472,3,0,3,105,63,0,0,0,0,12,38864.234394964,0.999594506,0
1222.284526178,3,2,3,108,63,0,0,0,0,12,38864.225645089,0.999594281,0
1224.353066497,1,6,1,107,63,0,0,0,0,12,38865.437729471,0.999625456,0
1225.425340909,3,4,6,108,63,0,0,0,0,12,38864.207206747,0.999593807,1
1225.565117499,6,4,6,108,62,1,0,0,0,12,38866.412424844,0.999650525,0
1229.174904135,4,7,4,108,63,0,0,0,0,12,38861.802308553,0.999531952,0
1229.404519061,0,3,0,107,63,0,0,0,0,12,38867.363651044,0.999674991,0
1232.017717472,3,0,7,106,63,0,0,0,0,12,38864.058105556,0.999589972,1
1232.017718202,7,0,7,106,63,0,0,0,0,12,38864.982970324,0.999613760,0
1235.425340909,5,4,5,109,63,0,0,0,0,12,38865.798542684,0.999634736,0
1235.425341155,8,4,5,109,63,0,0,0,0,12,38867.252144924,0.999672123,1
1239.174904135,6,7,2,109,63,0,0,0,0,12,38866.295219145,0.999647511,1
1240.633247551,2,1,7,110,63,0,0,0,0,12,38867.371295742,0.999675188,1
1240.633248142,7,1,7,110,63,0,0,0,0,12,38864.884870205,0.999611236,0
1242.017717472,3,0,6,107,63,0,0,0,0,12,38863.907777620,0.999586105,1
1244.353065767,3,6,3,109,63,0,0,0,0,12,38863.837899838,0.999584308,0
1244.826449698,7,8,7,111,63,0,0,0,0,12,38864.866053005,0.999610752,0
1245.425340909,5,4,5,110,63,0,0,0,0,12,38865.682636507,0.999631755,0
1245.425341155,8,4,5,110,63,0,0,0,0,12,38867.084509340,0.999667811,1
1249.404519306,7,3,7,109,63,0,0,0,0,12,38864.778060196,0.999608489,0
1252.017717717,4,0,4,108,63,0,0,0,0,12,38861.526203668,0.999524851,0
1252.284525693,4,2,4,111,63,0,0,0,0,12,38861.517453793,0.999524626,0
1254.353065767,3,6,3,110,63,0,0,0,0,12,38863.730647486,0.999581550,0
1254.740308113,1,5,1,115,63,0,0,0,0,12,38865.115833008,0.999617177,0
1255.425340909,7,4,7,111,63,0,0,0,0,12,38864.749931228,0.999607766,0
1259.404519061,4,3,4,110,63,0,0,0,0,12,38861.428545891,0.999522339,0
1260.633247551,4,1,4,112,63,0,0,0,0,12,38861.419449725,0.999522105,0
1262.017717472,3,0,7,109,63,0,0,0,0,12,38863.632889684,0.999579035,1
1264.353065767,7,6,8,111,63,0,0,0,0,12,38864.651165759,0.999605225,1
1264.353066358,8,6,8,111,63,0,0,0,0,12,38866.870390655,0.999662304,0
1264.492842602,5,6,8,111,62,1,0,0,0,12,38865.536398639,0.999627994,1
1269.404519306,7,3,7,111,63,0,0,0,0,12,38864.493412516,0.999601168,0
1270.633247551,2,1,2,113,63,0,0,0,0,12,38866.878687870,0.999662518,0
1272.017717717,4,0,6,110,63,0,0,0,0,12,38861.190365716,0.999516213,1
1274.353065767,7,6,8,112,63,0,0,0,0,12,38864.399577023,0.999598755,1
1274.353066358,8,6,8,112,63,0,0,0,0,12,38866.685806847,0.999657557,0
1274.492842357,4,6,8,112,62,1,0,0,0,12,38861.111230831,0.999514178,1
1275.425341154,0,4,0,113,63,0,0,0,0,12,38866.752969500,0.999659284,0
1279.174904135,4,7,8,113,63,0,0,0,0,12,38860.971471177,0.999510583,1
1279.174904137,8,7,8,113,63,0,0,0,0,12,38866.597726281,0.999655291,0
1282.284526178,3,2,3,114,63,0,0,0,0,12,38863.238231329,0.999568885,0
1284.353065767,3,6,0,113,63,0,0,0,0,12,38863.228832830,0.999568643,1
1284.492842357,0,6,0,113,62,1,0,0,0,12,38866.663360495,0.999656979,0
1284.740308598,0,5,0,118,63,0,0,0,0,12,38866.654617583,0.999656755,0
1285.425341154,2,4,2,114,63,0,0,0,0,12,38866.709327132,0.999658162,0
1289.404519306,7,3,7,113,63,0,0,0,0,12,38864.143778212,0.999592175,0
1290.633247551,4,1,4,115,63,0,0,0,0,12,38860.786002941,0.999505813,0
1292.017717717,4,0,4,112,63,0,0,0,0,12,38860.776850708,0.999505577,0
1292.284525448,1,2,1,115,63,0,0,0,0,12,38864.630075425,0.999604683,0
1294.353065767,3,6,4,114,63,0,0,0,0,12,38863.078504894,0.999564776,1
1294.353066012,4,6,4,114,63,0,0,0,0,12,38860.758702334,0.999505111,0
1294.740307868,4,5,4,119,63,0,0,0,0,12,38860.741255279,0.999504662,0
1295.425340909,1,4,1,115,63,0,0,0,0,12,38864.611637084,0.999604209,0
1299.174904135,4,7,8,115,63,0,0,0,0,12,38860.670621769,0.999502845,1
1299.174904137,8,7,8,115,63,0,0,0,0,12,38866.417836873,0.999650665,0
1302.017717472,1,0,8,113,63,0,0,0,0,12,38864.540226772,0.999602372,1
1305.425341155,8,4,8,116,63,0,0,0,0,12,38866.329242012,0.999648386,0
1309.174904135,4,7,8,116,63,0,0,0,0,12,38860.511640009,0.999498756,1
1309.174904137,8,7,8,116,63,0,0,0,0,12,38866.319238345,0.999648129,0
1310.633247551,4,1,7,117,63,0,0,0,0,12,38860.442077949,0.999496967,1
1310.773024141,7,1,7,117,62,1,0,0,0,12,38863.946088494,0.999587091,0
1319.174904135,6,7,2,117,63,0,0,0,0,12,38865.368163273,0.999623667,1
1320.633247551,4,1,4,118,63,0,0,0,0,12,38860.274442365,0.999492655,0
1322.284525448,5,2,0,118,63,0,0,0,0,12,38864.783405473,0.999608627,1
1324.353065767,3,6,4,117,63,0,0,0,0,12,38862.646100542,0.999553655,1
1324.353066012,4,6,4,117,63,0,0,0,0,12,38860.237934974,0.999491716,0
1325.425341154,0,4,0,118,63,0,0,0,0,12,38866.195902620,0.999644956,0
1329.174904380,3,7,3,118,63,0,0,0,0,12,38862.561517448,0.999551479,0
1332.017717472,1,0,2,116,63,0,0,0,0,12,38864.098988884,0.999591023,1
1334.353065767,3,6,0,118,63,0,0,0,0,12,38862.476806078,0.999549301,1
1334.492842357,0,6,0,118,62,1,0,0,0,12,38866.083276655,0.999642060,0
1339.174904380,3,7,0,119,63,0,0,0,0,12,38862.406033160,0.999547480,1
1339.314680970,0,7,0,119,62,1,0,0,0,12,38866.055579321,0.999641347,0
1340.633247796,3,1,3,120,63,0,0,0,0,12,38862.276087869,0.999544138,0
1342.017717717,4,0,4,117,63,0,0,0,0,12,38859.949884052,0.999484308,0
1342.284526039,8,2,8,120,63,0,0,0,0,12,38865.919030369,0.999637835,0
1344.353065767,3,6,3,119,63,0,0,0,0,12,38862.248787262,0.999543436,0
1345.425340909,3,4,3,120,63,0,0,0,0,12,38862.239747419,0.999543203,0
1349.174904137,8,7,8,120,63,0,0,0,0,12,38865.838858953,0.999635773,0
1349.404519306,1,3,1,119,63,0,0,0,0,12,38863.876771108,0.999585308,0
1350.633247551,2,1,7,121,63,0,0,0,0,12,38866.023807102,0.999640530,1
1350.633248142,7,1,7,121,63,0,0,0,0,12,38863.455999677,0.999574486,0
1352.017717472,1,0,1,118,63,0,0,0,0,12,38863.798139476,0.999583285,0
1354.353065767,3,6,5,120,63,0,0,0,0,12,38862.150188734,0.999540900,1
1354.353066497,5,6,5,120,63,0,0,0,0,12,38864.309931838,0.999596449,0
1355.425340909,1,4,8,121,63,0,0,0,0,12,38863.779605084,0.999582809,1
1355.425341155,8,4,8,121,63,0,0,0,0,12,38865.732956444,0.999633049,0
1359.174904380,3,7,3,121,63,0,0,0,0,12,38862.070761992,0.999538857,0
1359.404519061,4,3,4,120,63,0,0,0,0,12,38859.727666275,0.999478592,0
1360.633247551,0,1,0,122,63,0,0,0,0,12,38865.831946109,0.999635595,0
1362.017717472,3,0,6,119,63,0,0,0,0,12,38861.992047700,0.999536833,1
1362.157494062,6,0,6,119,62,1,0,0,0,12,38864.804968836,0.999609181,0
1364.353066497,5,6,5,121,63,0,0,0,0,12,38864.194025662,0.999593468,0
1365.425341154,0,4,0,122,63,0,0,0,0,12,38865.743876252,0.999633330,0
1369.174904137,8,7,8,122,63,0,0,0,0,12,38865.624354249,0.999630256,0
1369.174904865,2,7,8,122,63,0,0,0,0,12,38865.766751817,0.999633919,1
1369.404519061,6,3,2,121,63,0,0,0,0,12,38864.716015203,0.999606893,1
1370.633247551,0,1,0,123,63,0,0,0,0,12,38865.724693757,0.999632837,0
1372.017717717,4,0,5,120,63,0,0,0,0,12,38859.602165524,0.999475364,1
1372.157494307,5,0,5,120,62,1,0,0,0,12,38864.087563716,0.999590730,0
1374.353065767,3,6,0,122,63,0,0,0,0,12,38861.814917566,0.999532277,1
1374.492842357,0,6,0,122,62,1,0,0,0,12,38865.645613423,0.999630803,0
1374.740307868,4,5,1,127,63,0,0,0,0,12,38859.514840687,0.999473118,1
1375.425340909,5,4,5,123,63,0,0,0,0,12,38864.008696411,0.999588701,0
1379.174904135,4,7,5,123,63,0,0,0,0,12,38859.383823945,0.999469749,1
1379.174904380,5,7,5,123,63,0,0,0,0,12,38863.998692744,0.999588444,0
1380.633247796,5,1,5,124,63,0,0,0,0,12,38863.980860093,0.999587985,0
1382.017717472,1,0,1,121,63,0,0,0,0,12,38863.441960660,0.999574125,0
1382.284526039,8,2,8,124,63,0,0,0,0,12,38865.507328609,0.999627246,0
1384.353065767,7,6,7,123,63,0,0,0,0,12,38863.057963583,0.999564248,0
1384.740307868,2,5,2,128,63,0,0,0,0,12,38865.522919280,0.999627647,0
1385.425340909,5,4,5,124,63,0,0,0,0,12,38863.887633883,0.999585587,0
1389.174904135,6,7,6,124,63,0,0,0,0,12,38864.452808265,0.999600124,0
1389.404519306,7,3,7,123,63,0,0,0,0,12,38862.978454179,0.999562203,0
1390.633247551,4,1,4,125,63,0,0,0,0,12,38859.118452989,0.999462923,0
1392.284526178,3,2,3,125,63,0,0,0,0,12,38861.461977504,0.999523199,0
1394.353065767,3,6,4,124,63,0,0,0,0,12,38861.452579006,0.999522957,1
1394.353066012,4,6,4,124,63,0,0,0,0,12,38859.085443070,0.999462074,0
1394.826449698,7,8,7,126,63,0,0,0,0,12,38862.899723788,0.999560178,0
1395.425340909,1,4,1,125,63,0,0,0,0,12,38863.214719580,0.999568280,0
1399.174904865,2,7,2,125,63,0,0,0,0,12,38865.349996233,0.999623199,0
1400.633247796,3,1,3,126,63,0,0,0,0,12,38861.303590205,0.999519125,0
1402.284525693,4,2,3,126,63,0,0,0,0,12,38858.978935393,0.999459335,1
1402.284526178,3,2,3,126,63,0,0,0,0,12,38861.285688096,0.999518665,0
1405.425340909,7,4,7,126,63,0,0,0,0,12,38862.783602012,0.999557191,0
1409.174904135,6,7,3,126,63,0,0,0,0,12,38864.172763977,0.999592921,1
1409.174904380,3,7,3,126,63,0,0,0,0,12,38861.248592264,0.999517711,0
1410.633247551,0,1,0,127,63,0,0,0,0,12,38865.259963133,0.999620884,0
1412.017717472,3,0,3,124,63,0,0,0,0,12,38861.178531796,0.999515909,0
1414.353066358,8,6,8,126,63,0,0,0,0,12,38865.166966270,0.999618492,0
1415.425340909,7,4,7,127,63,0,0,0,0,12,38862.693657308,0.999554878,0
1419.174904137,8,7,8,127,63,0,0,0,0,12,38865.087539529,0.999616449,0
1419.174904865,2,7,8,127,63,0,0,0,0,12,38865.152799177,0.999618128,1
1420.633247796,3,1,3,128,63,0,0,0,0,12,38861.089085501,0.999513608,0
1422.017718202,5,0,8,125,63,0,0,0,0,12,38863.502373843,0.999575678,1
1425.425341154,6,4,6,128,63,0,0,0,0,12,38863.942495003,0.999586998,0
1429.174904135,6,7,6,128,63,0,0,0,0,12,38863.932491337,0.999586741,0
1429.404519061,0,3,0,127,63,0,0,0,0,12,38865.080516067,0.999616268,0
1430.633247551,0,1,0,129,63,0,0,0,0,12,38865.071419901,0.999616034,0
1432.017717472,1,0,1,126,63,0,0,0,0,12,38862.821552212,0.999558167,0
1432.284526178,7,2,7,129,63,0,0,0,0,12,38862.497590945,0.999549835,0
1434.353065767,7,6,7,128,63,0,0,0,0,12,38862.488192447,0.999549593,0
1434.826449698,7,8,7,130,63,0,0,0,0,12,38862.479368204,0.999549366,0
1435.425340909,7,4,7,129,63,0,0,0,0,12,38862.470498780,0.999549138,0
1439.174904135,6,7,6,129,63,0,0,0,0,12,38863.816585161,0.999583760,0
1439.404519306,7,3,7,128,63,0,0,0,0,12,38862.400029219,0.999547326,0
1440.633247551,2,1,2,130,63,0,0,0,0,12,38864.912001533,0.999611934,0
1442.017717472,3,0,6,127,63,0,0,0,0,12,38860.848120916,0.999507411,1
1444.353065767,7,6,7,129,63,0,0,0,0,12,38862.372286271,0.999546612,0
1445.425340909,3,4,3,130,63,0,0,0,0,12,38860.722436699,0.999504178,0
1449.404519306,7,3,7,129,63,0,0,0,0,12,38862.283570083,0.999544331,0
1450.633248142,7,1,7,131,63,0,0,0,0,12,38862.269317565,0.999543964,0
1450.633248282,8,1,7,131,63,0,0,0,0,12,38864.747949821,0.999607715,1
1452.017717717,4,0,5,128,63,0,0,0,0,12,38858.335066900,0.999442774,1
1452.017718202,5,0,5,128,63,0,0,0,0,12,38863.035174483,0.999563662,0
1454.353066497,5,6,5,130,63,0,0,0,0,12,38863.020523582,0.999563285,0
1454.740307868,4,5,3,135,63,0,0,0,0,12,38858.256395887,0.999440751,1
1455.425341154,0,4,0,131,63,0,0,0,0,12,38864.742330907,0.999607570,0
1459.174904135,4,7,5,131,63,0,0,0,0,12,38858.125379144,0.999437381,1
1459.174904380,5,7,5,131,63,0,0,0,0,12,38862.932443016,0.999561020,0
1460.633247551,4,1,5,132,63,0,0,0,0,12,38858.055817085,0.999435592,1
1460.633247796,5,1,5,132,63,0,0,0,0,12,38862.923264189,0.999560784,0
1465.425341154,0,4,0,132,63,0,0,0,0,12,38864.635078555,0.999604812,0
1469.404519061,4,3,8,131,63,0,0,0,0,12,38857.897277667,0.999431514,1
1469.544295897,8,3,8,131,62,1,0,0,0,12,38864.467744596,0.999600508,0
1470.633247551,4,1,4,133,63,0,0,0,0,12,38857.827798269,0.999429727,0
1472.017717472,1,0,1,130,63,0,0,0,0,12,38862.329394772,0.999545509,0
1474.353065767,3,6,3,132,63,0,0,0,0,12,38860.372339390,0.999495173,0
1474.740308113,7,5,7,137,63,0,0,0,0,12,38861.994416431,0.999536893,0
1475.425340909,5,4,5,133,63,0,0,0,0,12,38862.745249627,0.999556205,0
1479.174904135,6,7,6,133,63,0,0,0,0,12,38863.335293385,0.999571381,0
1479.404519306,7,3,7,132,63,0,0,0,0,12,38861.915046435,0.999534852,0
1480.633247551,0,1,0,134,63,0,0,0,0,12,38864.525951357,0.999602005,0
1482.017717717,4,0,2,131,63,0,0,0,0,12,38857.702739860,0.999426511,1
1482.017718063,2,0,2,131,63,0,0,0,0,12,38864.473286932,0.999600650,0
1485.425341154,6,4,6,134,63,0,0,0,0,12,38863.246698523,0.999569102,0
1489.174904135,6,7,1,134,63,0,0,0,0,12,38863.236694857,0.999568845,1
1490.633247551,4,1,4,135,63,0,0,0,0,12,38857.544256509,0.999422435,0
1492.017717717,4,0,5,132,63,0,0,0,0,12,38857.535104276,0.999422199,1
1494.353065767,7,6,7,134,63,0,0,0,0,12,38861.806012606,0.999532048,0
1494.740307868,4,5,4,139,63,0,0,0,0,12,38857.465087087,0.999420398,0
1495.425340909,1,4,1,135,63,0,0,0,0,12,38862.139624796,0.999540628,0
1499.174904135,4,7,4,135,63,0,0,0,0,12,38857.394453576,0.999418582,0
1499.404519061,0,3,0,134,63,0,0,0,0,12,38864.346504291,0.999597390,0
1500.633247551,4,1,6,136,63,0,0,0,0,12,38857.376620925,0.999418123,1
1500.773024386,6,1,6,136,62,1,0,0,0,12,38863.077137773,0.999564741,0
1502.017717717,4,0,6,133,63,0,0,0,0,12,38857.307085460,0.999416335,1
1502.157494552,6,0,6,133,62,1,0,0,0,12,38863.067985540,0.999564506,0
1504.353066497,1,6,5,135,63,0,0,0,0,12,38862.003852478,0.999537136,1
1504.492843087,4,6,5,135,62,1,0,0,0,12,38857.218190830,0.999414048,1
1504.492843332,5,6,5,135,62,1,0,0,0,12,38862.530978094,0.999550694,0
1505.425340909,5,4,5,136,63,0,0,0,0,12,38862.461605339,0.999548910,0
1509.404519061,6,3,6,135,63,0,0,0,0,12,38862.982529379,0.999562308,0
1510.633247551,0,1,0,137,63,0,0,0,0,12,38864.187439613,0.999593298,0
1512.017717717,4,0,7,134,63,0,0,0,0,12,38857.031194132,0.999409239,1
1512.017718202,7,0,7,134,63,0,0,0,0,12,38861.607997396,0.999526955,0
1514.353065767,3,6,4,136,63,0,0,0,0,12,38859.853294270,0.999481823,1
1514.353066012,4,6,4,136,63,0,0,0,0,12,38856.952109566,0.999407204,0
1519.174904135,4,7,0,137,63,0,0,0,0,12,38856.872682824,0.999405162,1
1519.174904865,0,7,0,137,63,0,0,0,0,12,38864.097466952,0.999590984,0
1520.633247551,4,1,5,138,63,0,0,0,0,12,38856.803120765,0.999403372,1
1520.633247796,5,1,5,138,63,0,0,0,0,12,38862.283247549,0.999544322,0
1522.017717717,4,0,6,135,63,0,0,0,0,12,38856.733585300,0.999401584,1
1524.353066497,1,6,0,137,63,0,0,0,0,12,38861.744613310,0.999530468,1
1524.492843087,0,6,0,137,62,1,0,0,0,12,38864.009207791,0.999588714,0
1524.740307868,2,5,8,142,63,0,0,0,0,12,38863.960450160,0.999587460,1
1525.425341155,8,4,8,138,63,0,0,0,0,12,38863.797733531,0.999583275,0
1529.174904137,8,7,8,138,63,0,0,0,0,12,38863.787729865,0.999583018,0
1529.404519061,0,3,0,137,63,0,0,0,0,12,38863.981478115,0.999588001,0
1530.633247551,4,1,4,139,63,0,0,0,0,12,38856.566448125,0.999397285,0
1532.017717717,4,0,4,136,63,0,0,0,0,12,38856.557295892,0.999397050,0
1532.284526039,8,2,8,139,63,0,0,0,0,12,38863.760648929,0.999582321,0
1534.353065767,7,6,7,138,63,0,0,0,0,12,38861.314961086,0.999519418,0
1535.425341154,2,4,2,139,63,0,0,0,0,12,38863.792567964,0.999583142,0
1539.174904135,4,7,4,139,63,0,0,0,0,12,38856.468374600,0.999394763,0
1539.404519306,7,3,7,138,63,0,0,0,0,12,38861.235451683,0.999517373,0
1540.633248142,7,1,7,140,63,0,0,0,0,12,38861.226355517,0.999517139,0
1540.633248282,8,1,7,140,63,0,0,0,0,12,38863.662644861,0.999579801,1
1542.017717472,1,0,2,137,63,0,0,0,0,12,38861.479219924,0.999523642,1
1544.740307868,2,5,2,144,63,0,0,0,0,12,38863.702869872,0.999580835,0
1545.425340909,7,4,7,140,63,0,0,0,0,12,38861.190015067,0.999516204,0
1549.174904135,4,7,0,140,63,0,0,0,0,12,38856.361122248,0.999392004,1
1550.633247796,3,1,3,141,63,0,0,0,0,12,38859.347933116,0.999468825,0
1552.017717472,3,0,3,138,63,0,0,0,0,12,38859.338780883,0.999468590,0
1552.284525448,5,2,5,141,63,0,0,0,0,12,38861.934934561,0.999535364,0
1559.174904135,4,7,5,141,63,0,0,0,0,12,38856.202140488,0.999387915,1
1559.174904380,5,7,5,141,63,0,0,0,0,12,38861.854763144,0.999533302,0
1560.633247551,2,1,2,142,63,0,0,0,0,12,38863.576188413,0.999577577,0
1562.017717717,4,0,6,139,63,0,0,0,0,12,38856.123426195,0.999385891,1
1562.157494552,6,0,6,139,62,1,0,0,0,12,38862.438281604,0.999548310,0
1564.353066497,1,6,8,141,63,0,0,0,0,12,38861.179188670,0.999515926,1
1564.740308459,3,5,3,146,63,0,0,0,0,12,38859.166474159,0.999464158,0
1565.425340909,7,4,7,142,63,0,0,0,0,12,38860.969801051,0.999510540,0
1570.633247796,3,1,3,143,63,0,0,0,0,12,38859.072298684,0.999461736,0
1572.017717472,1,0,8,140,63,0,0,0,0,12,38861.019388756,0.999511816,1
1574.353066012,4,6,5,142,63,0,0,0,0,12,38855.885166334,0.999379763,1
1574.492842602,5,6,5,142,62,1,0,0,0,12,38861.648938926,0.999528008,0
1574.740307868,2,5,2,147,63,0,0,0,0,12,38863.339502576,0.999571489,0
1575.425340909,5,4,0,143,63,0,0,0,0,12,38861.579566171,0.999526223,1
1580.633247551,2,1,2,144,63,0,0,0,0,12,38863.302765821,0.999570544,0
1580.633247551,4,1,2,144,63,0,0,0,0,12,38855.736177533,0.999375930,1
1582.017717717,4,0,4,141,63,0,0,0,0,12,38855.666642067,0.999374142,0
1584.353066012,4,6,5,143,63,0,0,0,0,12,38855.648493694,0.999373675,1
1584.492842602,5,6,5,143,62,1,0,0,0,12,38861.472649518,0.999523473,0
1589.174904380,3,7,3,144,63,0,0,0,0,12,38858.884086920,0.999456895,0
1590.633247551,4,1,6,145,63,0,0,0,0,12,38855.499504893,0.999369843,1
1590.773024141,7,1,6,145,62,1,0,0,0,12,38860.620259885,0.999501550,1
1590.773024386,6,1,6,145,62,1,0,0,0,12,38862.033429229,0.999537897,0
1592.017717472,1,0,8,142,63,0,0,0,0,12,38860.718539348,0.999504078,1
1594.353065767,3,6,3,144,63,0,0,0,0,12,38858.769916606,0.999453959,0
1594.740308598,0,5,0,149,63,0,0,0,0,12,38863.181946991,0.999567437,0
1595.425341155,8,4,8,145,63,0,0,0,0,12,38862.951968539,0.999561522,0
1600.633247551,4,1,5,146,63,0,0,0,0,12,38855.323215485,0.999365309,1
1600.633247796,5,1,5,146,63,0,0,0,0,12,38861.276841916,0.999518437,0
1602.017718063,2,0,2,143,63,0,0,0,0,12,38863.044493588,0.999563902,0
1602.017718063,6,0,2,143,63,0,0,0,0,12,38861.891113492,0.999534236,1
1605.425341154,2,4,2,146,63,0,0,0,0,12,38862.965575964,0.999561872,0
1609.174904865,2,7,8,146,63,0,0,0,0,12,38862.955572297,0.999561615,1
1610.633247551,4,1,6,147,63,0,0,0,0,12,38855.164233725,0.999361220,1
1610.773024141,7,1,6,147,62,1,0,0,0,12,38860.354025773,0.999494702,1
1610.773024386,6,1,6,147,62,1,0,0,0,12,38861.741233645,0.999530382,0
1612.017717472,1,0,1,144,63,0,0,0,0,12,38860.452305236,0.999497230,0
1612.284526039,8,2,8,147,63,0,0,0,0,12,38862.833593057,0.999558477,0
1614.353066012,4,6,8,146,63,0,0,0,0,12,38855.076549886,0.999358965,1
1614.492842848,8,6,8,146,62,1,0,0,0,12,38862.824144239,0.999558234,0
1614.740308113,7,5,7,151,63,0,0,0,0,12,38860.266252847,0.999492445,0
1615.425340909,1,4,1,147,63,0,0,0,0,12,38860.407809371,0.999496086,0
1619.404519061,6,3,6,146,63,0,0,0,0,12,38861.634473955,0.999527636,0
1622.284526178,3,2,3,148,63,0,0,0,0,12,38858.414288928,0.999444812,0
1624.353065767,3,6,3,147,63,0,0,0,0,12,38858.362174270,0.999443472,0
1625.425340909,7,4,7,148,63,0,0,0,0,12,38860.176061531,0.999490125,0
1629.404519061,0,3,0,147,63,0,0,0,0,12,38862.820951011,0.999558152,0
1630.633247796,3,1,3,149,63,0,0,0,0,12,38858.273568700,0.999441193,0
1632.284525448,1,2,1,149,63,0,0,0,0,12,38860.158714145,0.999489679,0
1634.353065767,3,6,2,148,63,0,0,0,0,12,38858.244885694,0.999440455,1
1634.353066847,2,6,2,148,63,0,0,0,0,12,38862.570564478,0.999551712,0
1634.740308598,6,5,6,153,63,0,0,0,0,12,38861.401949167,0.999521655,0
1639.174904380,5,7,5,149,63,0,0,0,0,12,38860.783453832,0.999505747,0
1640.633247551,0,1,0,150,63,0,0,0,0,12,38862.685912445,0.999554679,0
1640.633247796,3,1,0,150,63,0,0,0,0,12,38858.095896892,0.999436623,1
1642.017718202,5,0,5,147,63,0,0,0,0,12,38860.756468947,0.999505053,0
1642.284525693,4,2,8,150,63,0,0,0,0,12,38854.606127712,0.999346865,1
1642.424302529,8,2,8,150,62,1,0,0,0,12,38862.461894865,0.999548917,0
1644.353065767,3,6,3,149,63,0,0,0,0,12,38857.999559230,0.999434145,0
1644.740308459,3,5,3,154,63,0,0,0,0,12,38857.990765998,0.999433919,0
1645.425341155,8,4,8,150,63,0,0,0,0,12,38862.383123611,0.999546891,0
1649.174904135,6,7,6,150,63,0,0,0,0,12,38861.284446537,0.999518633,0
1652.017717472,1,0,1,148,63,0,0,0,0,12,38859.918344020,0.999483497,0
1652.284525448,5,2,0,151,63,0,0,0,0,12,38860.623159072,0.999501624,1
1652.284526039,0,2,0,151,63,0,0,0,0,12,38862.483067105,0.999549462,0
1654.353065767,3,6,2,150,63,0,0,0,0,12,38857.892306878,0.999431386,1
1654.740307868,2,5,2,155,63,0,0,0,0,12,38862.373228016,0.999546637,0
1655.425341154,6,4,6,151,63,0,0,0,0,12,38861.195851675,0.999516354,0
1659.174904135,4,7,4,151,63,0,0,0,0,12,38854.349666888,0.999340269,0
1659.404519652,5,3,5,150,63,0,0,0,0,12,38860.465214115,0.999497562,0
1660.633247796,3,1,3,152,63,0,0,0,0,12,38857.751971900,0.999427777,0
1662.284525448,5,2,5,152,63,0,0,0,0,12,38860.455523488,0.999497313,0
1664.353066012,4,6,4,151,63,0,0,0,0,12,38854.304533630,0.999339108,0
1665.425340909,7,4,7,152,63,0,0,0,0,12,38859.716763739,0.999478312,0
1669.174904380,5,7,5,152,63,0,0,0,0,12,38860.375352072,0.999495251,0
1669.404519061,0,3,0,151,63,0,0,0,0,12,38862.364597731,0.999546415,0
1670.633247551,4,1,4,153,63,0,0,0,0,12,38854.215928061,0.999336829,0
1672.017717472,3,0,3,150,63,0,0,0,0,12,38857.635567315,0.999424783,0
1672.017718063,6,0,3,150,63,0,0,0,0,12,38861.077572243,0.999513312,1
1674.353065767,3,6,3,152,63,0,0,0,0,12,38857.617418942,0.999424316,0
1679.174904135,6,7,1,153,63,0,0,0,0,12,38860.936921544,0.999509694,1
1682.017717472,1,0,1,151,63,0,0,0,0,12,38859.596586964,0.999475221,0
1682.284525448,1,2,1,154,63,0,0,0,0,12,38859.587837089,0.999474996,0
1684.353066012,4,6,8,153,63,0,0,0,0,12,38854.087817086,0.999333534,1
1684.492842848,8,6,8,153,62,1,0,0,0,12,38862.049448431,0.999538309,0
1685.425341155,8,4,8,154,63,0,0,0,0,12,38861.980075675,0.999536525,0
1689.404519306,7,3,7,153,63,0,0,0,0,12,38859.422029731,0.999470731,0
1690.633247551,4,1,4,155,63,0,0,0,0,12,38853.896665085,0.999328618,0
1692.017717472,1,0,8,152,63,0,0,0,0,12,38859.401690452,0.999470208,1
1692.284525693,4,2,7,155,63,0,0,0,0,12,38853.887416800,0.999328380,1
1692.284526178,7,2,7,155,63,0,0,0,0,12,38859.393372576,0.999469994,0
1694.353065767,7,6,7,154,63,0,0,0,0,12,38859.351570622,0.999468919,0
1699.174904865,0,7,0,155,63,0,0,0,0,12,38862.016408904,0.999537459,0
1699.404519061,6,3,6,154,63,0,0,0,0,12,38860.627888611,0.999501746,0
1700.633248282,8,1,8,156,63,0,0,0,0,12,38861.803197053,0.999531975,0
1702.017717717,4,0,4,153,63,0,0,0,0,12,38853.706067091,0.999323716,0
1704.826449698,7,8,0,157,63,0,0,0,0,12,38859.261455500,0.999466601,1
1704.966227018,0,8,0,157,62,1,0,0,0,12,38861.919325500,0.999534962,0
1705.425341155,8,4,8,156,63,0,0,0,0,12,38861.697819547,0.999529265,0
1709.174904380,3,7,3,156,63,0,0,0,0,12,38857.184011400,0.999413169,0
1710.633247551,4,1,6,157,63,0,0,0,0,12,38853.590659325,0.999320747,1
1710.773024386,6,1,6,157,62,1,0,0,0,12,38860.528797421,0.999499197,0
1712.017718063,6,0,6,154,63,0,0,0,0,12,38860.519695507,0.999498963,0
1712.284525448,5,2,5,157,63,0,0,0,0,12,38859.826654752,0.999481138,0
1712.284525693,4,2,5,157,63,0,0,0,0,12,38853.512373984,0.999318734,1
1714.353065767,7,6,0,156,63,0,0,0,0,12,38859.085336510,0.999462071,1
1714.740308459,3,5,3,161,63,0,0,0,0,12,38857.069701678,0.999410229,0
1715.425340909,7,4,7,157,63,0,0,0,0,12,38859.015913435,0.999460286,0
1719.174904380,3,7,3,157,63,0,0,0,0,12,38857.050797576,0.999409743,0
1719.404519306,1,3,1,156,63,0,0,0,0,12,38859.067063971,0.999461601,0
1720.633247796,3,1,3,158,63,0,0,0,0,12,38856.981235516,0.999407954,0
1722.284525693,4,2,4,158,63,0,0,0,0,12,38853.327430752,0.999313977,0
1724.353065767,3,6,3,157,63,0,0,0,0,12,38856.962588734,0.999407474,0
1725.425340909,7,4,7,158,63,0,0,0,0,12,38858.900007259,0.999457305,0
1729.174904137,8,7,8,158,63,0,0,0,0,12,38861.473311176,0.999523491,0
1729.174904380,5,7,8,158,63,0,0,0,0,12,38859.613269512,0.999475650,1
1730.633248282,8,1,8,159,63,0,0,0,0,12,38861.464132348,0.999523254,0
1732.284525448,5,2,5,159,63,0,0,0,0,12,38859.534459168,0.999473623,0
1732.284525693,4,2,5,159,63,0,0,0,0,12,38853.228832224,0.999311441,1
1734.353065767,7,6,0,158,63,0,0,0,0,12,38858.810448574,0.999455001,1
1734.353066358,0,6,0,158,63,0,0,0,0,12,38861.615096830,0.999527137,0
1735.425341154,0,4,0,159,63,0,0,0,0,12,38861.597403163,0.999526682,0
1739.174904137,8,7,8,159,63,0,0,0,0,12,38861.357405000,0.999520509,0
1739.174904380,5,7,8,159,63,0,0,0,0,12,38859.436980104,0.999471116,1
1739.404519061,6,3,6,158,63,0,0,0,0,12,38860.198879203,0.999490712,0
1740.633247551,4,1,5,160,63,0,0,0,0,12,38853.061791100,0.999307145,1
1740.633247796,5,1,5,160,63,0,0,0,0,12,38859.367418044,0.999469327,0
1742.017717717,4,0,4,157,63,0,0,0,0,12,38852.992255635,0.999305356,0
1742.284525448,1,2,1,160,63,0,0,0,0,12,38858.782485409,0.999454282,0
1744.353065767,3,6,2,159,63,0,0,0,0,12,38856.661739326,0.999399736,1
1745.425341155,8,4,8,160,63,0,0,0,0,12,38861.251502491,0.999517786,0
1750.633247551,4,1,7,161,63,0,0,0,0,12,38852.799889660,0.999300409,1
1750.773024141,7,1,7,161,62,1,0,0,0,12,38858.524877869,0.999447656,0
1752.017717472,3,0,3,158,63,0,0,0,0,12,38856.489788115,0.999395313,0
1752.284525693,4,2,7,161,63,0,0,0,0,12,38852.721604320,0.999298395,1
1752.284526178,7,2,7,161,63,0,0,0,0,12,38858.501869728,0.999447065,0
1755.425341155,8,4,8,161,63,0,0,0,0,12,38861.100981019,0.999513914,0
1759.174904135,4,7,8,161,63,0,0,0,0,12,38852.575893320,0.999294647,1
1759.174904137,8,7,8,161,63,0,0,0,0,12,38861.090977352,0.999513657,0
1760.633247551,0,1,0,162,63,0,0,0,0,12,38861.307189629,0.999519218,0
1762.017717472,1,0,1,159,63,0,0,0,0,12,38858.451346900,0.999445765,0
1762.284525693,4,2,7,162,63,0,0,0,0,12,38852.488429152,0.999292398,1
1762.424302283,7,2,7,162,62,1,0,0,0,12,38858.370817425,0.999443694,0
1764.353065767,3,6,8,161,63,0,0,0,0,12,38856.341923390,0.999391510,1
1764.353066358,8,6,8,161,63,0,0,0,0,12,38861.071805566,0.999513164,0
1765.425340909,7,4,7,162,63,0,0,0,0,12,38858.352429403,0.999443221,0
1769.174904380,5,7,5,162,63,0,0,0,0,12,38858.958541832,0.999458810,0
1770.633248142,7,1,7,163,63,0,0,0,0,12,38858.272863676,0.999441174,0
1772.017717717,4,0,4,160,63,0,0,0,0,12,38852.312235795,0.999287866,0
1772.284525448,1,2,1,163,63,0,0,0,0,12,38858.309383201,0.999442114,0
1774.353065767,7,6,4,162,63,0,0,0,0,12,38858.262870718,0.999440917,1
1774.353066012,4,6,4,162,63,0,0,0,0,12,38852.302741246,0.999287622,0
1775.425341155,8,4,8,163,63,0,0,0,0,12,38860.895130139,0.999508620,0
1779.174904135,4,7,1,163,63,0,0,0,0,12,38852.223314504,0.999285579,1
1780.633247551,2,1,2,164,63,0,0,0,0,12,38861.034740477,0.999512210,0
1782.017717717,4,0,4,161,63,0,0,0,0,12,38852.144600211,0.999283555,0
1782.284526039,8,2,8,164,63,0,0,0,0,12,38860.866699360,0.999507888,0
1784.353065767,7,6,2,163,63,0,0,0,0,12,38858.121196606,0.999437274,1
1784.826450427,3,8,3,165,63,0,0,0,0,12,38856.032249739,0.999383546,0
1785.425341154,0,4,0,164,63,0,0,0,0,12,38861.004615067,0.999511436,0
1789.174904380,5,7,5,164,63,0,0,0,0,12,38858.735383304,0.999453071,0
1789.404519061,0,3,0,163,63,0,0,0,0,12,38860.994528739,0.999511176,0
1790.633248282,8,1,8,165,63,0,0,0,0,12,38860.777349116,0.999505590,0
1792.017718063,2,0,2,162,63,0,0,0,0,12,38860.944297364,0.999509884,0
1792.017718202,7,0,2,162,63,0,0,0,0,12,38857.971709395,0.999433429,1
1794.353065767,3,6,3,164,63,0,0,0,0,12,38855.933821630,0.999381014,0
1795.425340909,5,4,5,165,63,0,0,0,0,12,38858.638134619,0.999450569,0
1800.633247551,2,1,2,166,63,0,0,0,0,12,38860.863504893,0.999507806,0
1802.017718202,7,0,7,163,63,0,0,0,0,12,38857.812727635,0.999429340,0
1802.284525448,1,2,1,166,63,0,0,0,0,12,38857.987626145,0.999433838,0
1804.353066497,5,6,5,165,63,0,0,0,0,12,38858.582444733,0.999449137,0
1805.425341154,2,4,2,166,63,0,0,0,0,12,38860.766228251,0.999505304,0
1805.425341155,8,4,2,166,63,0,0,0,0,12,38860.598781595,0.999500997,1
1809.174904135,6,7,3,166,63,0,0,0,0,12,38859.355394888,0.999469017,1
1809.174904380,3,7,3,166,63,0,0,0,0,12,38855.730747272,0.999375791,0
1810.633248281,6,1,6,167,63,0,0,0,0,12,38859.280676476,0.999467096,0
1812.017717472,1,0,1,164,63,0,0,0,0,12,38857.798908244,0.999428984,0
1812.284525448,5,2,5,167,63,0,0,0,0,12,38858.408738592,0.999444669,0
1814.353066497,5,6,2,166,63,0,0,0,0,12,38858.394183741,0.999444295,1
1814.492843087,2,6,2,166,62,1,0,0,0,12,38860.624696303,0.999501664,0
1814.740307868,4,5,4,171,63,0,0,0,0,12,38851.703101039,0.999272199,0
1815.425340909,7,4,7,167,63,0,0,0,0,12,38857.613659867,0.999424220,0
1819.174904865,2,7,2,167,63,0,0,0,0,12,38860.605703112,0.999501175,0
1819.404519061,4,3,4,166,63,0,0,0,0,12,38851.623731043,0.999270158,0
1820.633247551,0,1,0,168,63,0,0,0,0,12,38860.640658557,0.999502075,0
1824.353066497,5,6,2,167,63,0,0,0,0,12,38858.226548157,0.999439983,1
1824.353066847,2,6,2,167,63,0,0,0,0,12,38860.517494270,0.999498907,0
1824.740307868,2,5,3,172,63,0,0,0,0,12,38860.500047215,0.999498458,1
1825.425341155,8,4,2,168,63,0,0,0,0,12,38860.306586011,0.999493482,1
1829.404519791,2,3,2,167,63,0,0,0,0,12,38860.429331043,0.999496639,0
1830.633247551,4,1,6,169,63,0,0,0,0,12,38851.498728700,0.999266943,1
1830.633248281,6,1,6,169,63,0,0,0,0,12,38858.991978364,0.999459670,0
1832.017717717,4,0,4,166,63,0,0,0,0,12,38851.429193235,0.999265154,0
1834.353066012,4,6,4,168,63,0,0,0,0,12,38851.411044862,0.999264687,0
1835.425341154,0,4,0,169,63,0,0,0,0,12,38860.445336347,0.999497051,0
1839.174904135,4,7,4,169,63,0,0,0,0,12,38851.340271944,0.999262867,0
1839.404519061,4,3,4,168,63,0,0,0,0,12,38851.331535459,0.999262642,0
1842.017717472,1,0,1,167,63,0,0,0,0,12,38857.425228244,0.999419373,0
1844.353066012,4,6,4,169,63,0,0,0,0,12,38851.312446334,0.999262151,0
1845.425340909,5,4,5,170,63,0,0,0,0,12,38857.838968027,0.999430015,0
1849.174904135,6,7,6,170,63,0,0,0,0,12,38858.812613960,0.999455057,0
1849.404519791,2,3,2,169,63,0,0,0,0,12,38860.197518691,0.999490677,0
1850.633247551,2,1,3,171,63,0,0,0,0,12,38860.188422525,0.999490443,1
1850.773024871,3,1,3,171,62,1,0,0,0,12,38855.160683052,0.999361129,0
1852.017717472,1,0,8,168,63,0,0,0,0,12,38857.300668244,0.999416169,1
1852.157494793,8,0,8,168,62,1,0,0,0,12,38860.037928324,0.999486572,0
1854.353066358,0,6,0,170,63,0,0,0,0,12,38860.239871486,0.999491766,0
1855.425341154,2,4,2,171,63,0,0,0,0,12,38860.048623259,0.999486847,0
1855.425341155,8,4,2,171,63,0,0,0,0,12,38859.959061019,0.999484544,1
1859.174904135,4,7,1,171,63,0,0,0,0,12,38851.134421064,0.999257573,1
1862.017717472,3,0,3,169,63,0,0,0,0,12,38855.027021139,0.999357691,0
1865.425340909,7,4,7,172,63,0,0,0,0,12,38857.085498971,0.999410635,0
1869.404519061,6,3,6,171,63,0,0,0,0,12,38858.588819811,0.999449301,0
1870.633247551,2,1,3,173,63,0,0,0,0,12,38859.887020157,0.999482691,1
1870.633247796,3,1,3,173,63,0,0,0,0,12,38854.840364476,0.999352890,0
1872.017718202,5,0,5,170,63,0,0,0,0,12,38857.485108051,0.999420913,0
1874.353066358,0,6,0,172,63,0,0,0,0,12,38859.990198526,0.999485345,0
1875.425340909,3,4,3,173,63,0,0,0,0,12,38854.793711322,0.999351690,0
1875.425341155,8,4,3,173,63,0,0,0,0,12,38859.652502299,0.999476659,1
1879.404519061,6,3,5,172,63,0,0,0,0,12,38858.438851299,0.999445444,1
1880.633247551,4,1,6,174,63,0,0,0,0,12,38850.766760572,0.999248116,1
1880.773024141,7,1,6,174,62,1,0,0,0,12,38856.838053805,0.999404271,1
1880.773024386,6,1,6,174,62,1,0,0,0,12,38858.369321581,0.999443655,0
1882.284525448,1,2,1,174,63,0,0,0,0,12,38856.850307233,0.999404586,0
1885.425340909,7,4,7,174,63,0,0,0,0,12,38856.767341915,0.999402452,0
1894.353066497,1,6,1,174,63,0,0,0,0,12,38856.733656382,0.999401586,0
1895.425341155,8,4,8,175,63,0,0,0,0,12,38859.394922011,0.999470034,0
1899.174904135,6,7,1,175,63,0,0,0,0,12,38858.172699848,0.999438598,1
1902.284525448,5,2,0,176,63,0,0,0,0,12,38857.163254944,0.999412635,1
1902.424302768,0,2,0,176,62,1,0,0,0,12,38859.712404945,0.999478200,0
1904.353066497,5,6,5,175,63,0,0,0,0,12,38857.093473213,0.999410840,0
1905.425340909,1,4,0,176,63,0,0,0,0,12,38856.617364187,0.999398595,1
1905.425341154,0,4,0,176,63,0,0,0,0,12,38859.694016923,0.999477727,0
1909.404519061,0,3,0,175,63,0,0,0,0,12,38859.675276771,0.999477245,0
1910.633247551,4,1,6,177,63,0,0,0,0,12,38850.341351164,0.999237175,1
1910.773024141,7,1,6,177,62,1,0,0,0,12,38856.490528813,0.999395333,1
1910.773024386,6,1,6,177,62,1,0,0,0,12,38858.013142765,0.999434494,0
1912.017717472,3,0,8,174,63,0,0,0,0,12,38854.348621011,0.999340242,1
1912.017718552,8,0,8,174,63,0,0,0,0,12,38859.267988755,0.999466769,0
1914.353065767,3,6,3,176,63,0,0,0,0,12,38854.278743229,0.999338445,0
1915.425341154,0,4,0,177,63,0,0,0,0,12,38859.569456923,0.999474523,0
1920.633247551,2,1,2,178,63,0,0,0,0,12,38859.333644285,0.999468458,0
1922.017717472,3,0,2,175,63,0,0,0,0,12,38854.180985427,0.999335931,1
1922.017718063,2,0,2,175,63,0,0,0,0,12,38859.324492052,0.999468223,0
1922.284525448,5,2,0,178,63,0,0,0,0,12,38856.871059360,0.999405120,1
1924.740307868,4,5,4,182,63,0,0,0,0,12,38850.118655214,0.999231447,0
1925.425340909,7,4,7,178,63,0,0,0,0,12,38856.298754395,0.999390400,0
1929.404519061,6,3,5,177,63,0,0,0,0,12,38857.782555747,0.999428564,1
1929.544296381,5,3,5,177,62,1,0,0,0,12,38856.659675794,0.999399683,0
1930.633247551,4,1,4,179,63,0,0,0,0,12,38849.964096508,0.999227472,0
1932.017717472,1,0,1,176,63,0,0,0,0,12,38856.227243859,0.999388561,0
1932.284525448,5,2,6,179,63,0,0,0,0,12,38856.641381664,0.999399212,1
1934.353066358,0,6,0,178,63,0,0,0,0,12,38859.278380030,0.999467037,0
1939.174904135,4,7,8,179,63,0,0,0,0,12,38849.843558984,0.999224371,1
1939.174904137,8,7,8,179,63,0,0,0,0,12,38858.938601288,0.999458297,0
1940.633247551,4,1,4,180,63,0,0,0,0,12,38849.773996924,0.999222582,0
1942.017717472,3,0,6,177,63,0,0,0,0,12,38853.836866899,0.999327080,1
1942.157494062,6,0,6,177,62,1,0,0,0,12,38857.590179460,0.999423616,0
1945.425340909,7,4,7,180,63,0,0,0,0,12,38856.036930139,0.999383666,0
1949.174904135,4,7,1,180,63,0,0,0,0,12,38849.667269576,0.999219837,1
1950.633248142,7,1,7,181,63,0,0,0,0,12,38855.966018236,0.999381842,0
1952.017717472,1,0,1,178,63,0,0,0,0,12,38856.030046803,0.999383489,0
1952.284526178,7,2,7,181,63,0,0,0,0,12,38855.956769952,0.999381604,0
1954.353065767,3,6,3,180,63,0,0,0,0,12,38853.668390589,0.999322747,0
1954.740308113,1,5,1,185,63,0,0,0,0,12,38856.003105199,0.999382796,0
1955.425340909,3,4,2,181,63,0,0,0,0,12,38853.659350746,0.999322514,1
1955.425341154,2,4,2,181,63,0,0,0,0,12,38858.876497819,0.999456700,0
1959.174904865,2,7,2,181,63,0,0,0,0,12,38858.866494152,0.999456443,0
1959.404519306,1,3,1,180,63,0,0,0,0,12,38855.966810787,0.999381862,0
1964.353065767,7,6,7,181,63,0,0,0,0,12,38855.840119102,0.999378604,0
1964.740308113,1,5,1,186,63,0,0,0,0,12,38855.869891375,0.999379370,0
1969.174904135,4,7,4,182,63,0,0,0,0,12,38849.383727816,0.999212544,0
1970.633247551,4,1,4,183,63,0,0,0,0,12,38849.365895164,0.999212086,0
1972.017717472,3,0,6,180,63,0,0,0,0,12,38853.428958675,0.999316588,1
1972.157494062,6,0,6,180,62,1,0,0,0,12,38857.303037700,0.999416230,0
1974.740308598,6,5,6,187,63,0,0,0,0,12,38857.233070831,0.999414431,0
1975.425341155,8,4,8,183,63,0,0,0,0,12,38858.562864667,0.999448633,0
1979.174904380,5,7,5,183,63,0,0,0,0,12,38856.092622728,0.999385098,0
1979.404519061,4,3,4,182,63,0,0,0,0,12,38849.259085154,0.999209339,0
1979.404519061,6,3,4,182,63,0,0,0,0,12,38857.205430243,0.999413720,1
1982.017717472,1,0,8,181,63,0,0,0,0,12,38855.682328275,0.999374545,1
1982.157494793,8,0,8,181,62,1,0,0,0,12,38858.525825795,0.999447681,0
1984.740307868,4,5,4,188,63,0,0,0,0,12,38849.212236270,0.999208134,0
1985.425341155,8,4,8,184,63,0,0,0,0,12,38858.455612315,0.999445875,0
1989.174904380,3,7,2,184,63,0,0,0,0,12,38853.168710791,0.999309895,1
1989.314681700,2,7,2,184,62,1,0,0,0,12,38858.532535481,0.999447853,0
1989.474937215,7,3,7,183,63,0,0,0,0,12,38855.536872860,0.999370804,0
1990.633247796,3,1,6,185,63,0,0,0,0,12,38853.033609148,0.999306420,1
1990.633248281,6,1,6,185,63,0,0,0,0,12,38857.013229436,0.999408776,0
1992.017717472,1,0,8,182,63,0,0,0,0,12,38855.431098963,0.999368084,1
1992.157494793,8,0,8,182,62,1,0,0,0,12,38858.361134723,0.999443445,0
1995.425340909,1,4,1,185,63,0,0,0,0,12,38855.360835163,0.999366277,0
1999.174904135,4,7,4,185,63,0,0,0,0,12,38848.955913032,0.999201541,0
1999.404519061,4,3,8,184,63,0,0,0,0,12,38848.947176546,0.999201316,1
1999.544295897,8,3,8,184,62,1,0,0,0,12,38858.258320595,0.999440800,0
2000.633248281,6,1,6,186,63,0,0,0,0,12,38856.840437500,0.999404332,0
2002.017717472,1,0,5,183,63,0,0,0,0,12,38855.263463379,0.999363772,1
2002.017718202,5,0,5,183,63,0,0,0,0,12,38855.804186834,0.999377680,0
2004.353066012,4,6,8,185,63,0,0,0,0,12,38848.859050365,0.999199050,1
2004.492842848,8,6,8,185,62,1,0,0,0,12,38858.239231470,0.999440309,0
2005.425340909,5,4,5,186,63,0,0,0,0,12,38855.725269210,0.999375650,0
2009.174904135,6,7,6,186,63,0,0,0,0,12,38856.751017800,0.999402032,0
2009.404519061,0,3,0,185,63,0,0,0,0,12,38858.491179747,0.999446790,0
2010.633247551,4,1,5,187,63,0,0,0,0,12,38848.701407740,0.999194995,1
2010.633247796,5,1,5,187,63,0,0,0,0,12,38855.714740540,0.999375379,0
2015.425340909,1,4,1,187,63,0,0,0,0,12,38855.077293403,0.999358984,0
2019.174904135,4,7,8,187,63,0,0,0,0,12,38848.551604808,0.999191142,1
2019.174904137,8,7,8,187,63,0,0,0,0,12,38858.069910344,0.999435954,0
2022.017717472,1,0,5,185,63,0,0,0,0,12,38855.005883091,0.999357147,1
2022.017718202,5,0,5,185,63,0,0,0,0,12,38855.598335954,0.999372385,0
2024.353066012,4,6,5,187,63,0,0,0,0,12,38848.463395965,0.999188873,1
2024.492842602,5,6,5,187,62,1,0,0,0,12,38855.588791086,0.999372140,0
2024.740307868,4,5,4,192,63,0,0,0,0,12,38848.394219502,0.999187094,0
2029.174904135,4,7,5,188,63,0,0,0,0,12,38848.323585992,0.999185277,1
2029.174904380,5,7,5,188,63,0,0,0,0,12,38855.509414663,0.999370098,0
2030.633247551,4,1,5,189,63,0,0,0,0,12,38848.254023932,0.999183488,1
2030.633247796,5,1,5,189,63,0,0,0,0,12,38855.491582012,0.999369639,0
2032.017717472,1,0,5,186,63,0,0,0,0,12,38854.846901331,0.999353058,1
2032.017718202,5,0,5,186,63,0,0,0,0,12,38855.473775954,0.999369181,0
2032.157494062,4,0,5,186,62,1,0,0,0,12,38848.175784323,0.999181476,1
2034.353066012,4,6,4,188,63,0,0,0,0,12,38848.105956861,0.999179680,0
2034.826449698,7,8,7,190,63,0,0,0,0,12,38855.059170316,0.999358518,0
2035.425340909,7,4,7,189,63,0,0,0,0,12,38855.050300891,0.999358290,0
2039.174904135,4,7,8,189,63,0,0,0,0,12,38848.035183944,0.999177860,1
2039.174904137,8,7,8,189,63,0,0,0,0,12,38857.864059464,0.999430660,0
2040.633247551,0,1,0,190,63,0,0,0,0,12,38858.168980348,0.999438503,0
2042.017717472,3,0,6,187,63,0,0,0,0,12,38852.366682194,0.999289267,1
2042.284525448,5,2,0,190,63,0,0,0,0,12,38855.349119904,0.999365975,1
2044.353065767,3,6,2,189,63,0,0,0,0,12,38852.250037821,0.999286266,1
2045.425340909,1,4,6,190,63,0,0,0,0,12,38854.645635547,0.999347882,1
2049.174904135,4,7,2,190,63,0,0,0,0,12,38847.834771656,0.999172705,1
2049.174904865,2,7,2,190,63,0,0,0,0,12,38857.865322056,0.999430692,0
2050.633248281,6,1,6,191,63,0,0,0,0,12,38856.332528764,0.999391269,0
2052.017717717,4,0,5,188,63,0,0,0,0,12,38847.695674131,0.999169127,1
2052.017718202,5,0,5,188,63,0,0,0,0,12,38855.121003602,0.999360108,0
2054.353065767,7,6,4,190,63,0,0,0,0,12,38854.818874558,0.999352337,1
2054.353066012,4,6,4,190,63,0,0,0,0,12,38847.620639997,0.999167198,0
2055.425340909,5,4,6,191,63,0,0,0,0,12,38855.042085978,0.999358078,1
2055.425341154,6,4,6,191,63,0,0,0,0,12,38856.198245275,0.999387815,0
2059.174904135,4,7,5,191,63,0,0,0,0,12,38847.532559432,0.999164932,1
2059.314680725,5,7,5,191,62,1,0,0,0,12,38854.971648760,0.999356267,0
2060.633247551,2,1,8,192,63,0,0,0,0,12,38857.731030269,0.999427238,1
2060.773024732,8,1,8,192,62,1,0,0,0,12,38857.592453101,0.999423674,0
2062.017717472,3,0,6,189,63,0,0,0,0,12,38851.930509650,0.999278048,1
2064.353065767,7,6,5,191,63,0,0,0,0,12,38854.642585150,0.999347803,1
2064.353066497,5,6,5,191,63,0,0,0,0,12,38854.935219645,0.999355330,0
2064.492842357,4,6,5,191,62,1,0,0,0,12,38847.426992622,0.999162217,1
2065.425340909,5,4,5,192,63,0,0,0,0,12,38854.857142746,0.999353322,0
2069.174904135,4,7,8,192,63,0,0,0,0,12,38847.295886792,0.999158845,1
2069.174904137,8,7,8,192,63,0,0,0,0,12,38857.485776072,0.999420930,0
2070.633247796,3,1,3,193,63,0,0,0,0,12,38851.772026299,0.999273972,0
2072.017717472,1,0,8,190,63,0,0,0,0,12,38854.279817811,0.999338473,1
2074.353065767,7,6,7,192,63,0,0,0,0,12,38854.466295742,0.999343269,0
2075.425340909,5,4,6,193,63,0,0,0,0,12,38854.741236570,0.999350340,1
2079.174904135,6,7,1,193,63,0,0,0,0,12,38856.017006024,0.999383153,1
2080.633247796,5,1,5,194,63,0,0,0,0,12,38854.661670844,0.999348294,0
2082.017717472,1,0,8,191,63,0,0,0,0,12,38854.120836051,0.999334384,1
2089.174904135,4,7,5,194,63,0,0,0,0,12,38847.046960328,0.999152442,1
2089.174904380,5,7,5,194,63,0,0,0,0,12,38854.580904967,0.999346217,0
2090.633247796,3,1,3,195,63,0,0,0,0,12,38851.540213947,0.999268010,0
2092.017717472,3,0,2,192,63,0,0,0,0,12,38851.531061714,0.999267774,1
2092.017718063,2,0,2,192,63,0,0,0,0,12,38857.374353043,0.999418065,0
2092.157494307,7,0,2,192,62,1,0,0,0,12,38854.287196739,0.999338662,1
2094.353065767,3,6,2,194,63,0,0,0,0,12,38851.452530109,0.999265754,1
2094.492842602,7,6,2,194,62,1,0,0,0,12,38854.217318958,0.999336865,1
2095.425340909,5,4,6,195,63,0,0,0,0,12,38854.483656282,0.999343715,1
2095.425341154,6,4,6,195,63,0,0,0,0,12,38855.752121755,0.999376341,0
2099.174904135,4,7,4,195,63,0,0,0,0,12,38846.870670920,0.999147908,0
2099.404519061,4,3,4,194,63,0,0,0,0,12,38846.861934434,0.999147683,0
